participant_id,session_id,label,name,metric,value
sub-381606,ses-2mo,51,Right-Putamen,Dice,0.17712655601659752
sub-381606,ses-2mo,51,Right-Putamen,IoU,0.09716887181675914
sub-381606,ses-2mo,51,Right-Putamen,Hausdorff,18.547236990991408
sub-381606,ses-2mo,51,Right-Putamen,HD95,11.364407348632817
sub-381606,ses-2mo,51,Right-Putamen,MI,0.0004777858384075966
sub-381606,ses-2mo,51,Right-Putamen,NMI,0.10511477366575663
sub-381606,ses-2mo,42,Right-Cerebral-Cortex,Dice,0.248457611928667
sub-381606,ses-2mo,42,Right-Cerebral-Cortex,IoU,0.14185075600839434
sub-381606,ses-2mo,42,Right-Cerebral-Cortex,Hausdorff,33.03028912982749
sub-381606,ses-2mo,42,Right-Cerebral-Cortex,HD95,12.688577651977539
sub-381606,ses-2mo,42,Right-Cerebral-Cortex,MI,0.009581856347262125
sub-381606,ses-2mo,42,Right-Cerebral-Cortex,NMI,0.09316014262041859
sub-381606,ses-2mo,43,Right-Lateral-Ventricle,Dice,0.7223211635500149
sub-381606,ses-2mo,43,Right-Lateral-Ventricle,IoU,0.5653385991404344
sub-381606,ses-2mo,43,Right-Lateral-Ventricle,Hausdorff,22.825424421026653
sub-381606,ses-2mo,43,Right-Lateral-Ventricle,HD95,7.861256122589123
sub-381606,ses-2mo,43,Right-Lateral-Ventricle,MI,0.0045886675786083065
sub-381606,ses-2mo,43,Right-Lateral-Ventricle,NMI,0.6178730111128998
sub-381606,ses-2mo,5,Left-Inf-Lat-Vent,Dice,0.0
sub-381606,ses-2mo,5,Left-Inf-Lat-Vent,IoU,0.0
sub-381606,ses-2mo,5,Left-Inf-Lat-Vent,Hausdorff,25.98076211353316
sub-381606,ses-2mo,5,Left-Inf-Lat-Vent,HD95,23.377317428588867
sub-381606,ses-2mo,5,Left-Inf-Lat-Vent,MI,5.493098807849567e-09
sub-381606,ses-2mo,5,Left-Inf-Lat-Vent,NMI,6.5230369338291835e-06
sub-381606,ses-2mo,58,Right-Accumbens-area,Dice,0.0
sub-381606,ses-2mo,58,Right-Accumbens-area,IoU,0.0
sub-381606,ses-2mo,58,Right-Accumbens-area,Hausdorff,12.083045973594572
sub-381606,ses-2mo,58,Right-Accumbens-area,HD95,9.486832618713379
sub-381606,ses-2mo,58,Right-Accumbens-area,MI,1.533702508011792e-09
sub-381606,ses-2mo,58,Right-Accumbens-area,NMI,3.3930506006603686e-06
sub-381606,ses-2mo,17,Left-Hippocampus,Dice,0.0
sub-381606,ses-2mo,17,Left-Hippocampus,IoU,0.0
sub-381606,ses-2mo,17,Left-Hippocampus,Hausdorff,29.5296461204668
sub-381606,ses-2mo,17,Left-Hippocampus,HD95,23.173259735107422
sub-381606,ses-2mo,17,Left-Hippocampus,MI,1.0209521755354806e-07
sub-381606,ses-2mo,17,Left-Hippocampus,NMI,3.262539986082549e-05
sub-381606,ses-2mo,53,Right-Hippocampus,Dice,0.0
sub-381606,ses-2mo,53,Right-Hippocampus,IoU,0.0
sub-381606,ses-2mo,53,Right-Hippocampus,Hausdorff,26.832815729997478
sub-381606,ses-2mo,53,Right-Hippocampus,HD95,20.688159942626953
sub-381606,ses-2mo,53,Right-Hippocampus,MI,1.1841425111606355e-07
sub-381606,ses-2mo,53,Right-Hippocampus,NMI,3.6290420097608325e-05
sub-381606,ses-2mo,10,Left-Thalamus,Dice,0.6198313930148535
sub-381606,ses-2mo,10,Left-Thalamus,IoU,0.4490983129726585
sub-381606,ses-2mo,10,Left-Thalamus,Hausdorff,15.165750888103101
sub-381606,ses-2mo,10,Left-Thalamus,HD95,9.486832618713379
sub-381606,ses-2mo,10,Left-Thalamus,MI,0.004577584531191585
sub-381606,ses-2mo,10,Left-Thalamus,NMI,0.49191698383324517
sub-381606,ses-2mo,12,Left-Putamen,Dice,0.12628278221208666
sub-381606,ses-2mo,12,Left-Putamen,IoU,0.06739692682184695
sub-381606,ses-2mo,12,Left-Putamen,Hausdorff,19.05255888325765
sub-381606,ses-2mo,12,Left-Putamen,HD95,12.415707588195804
sub-381606,ses-2mo,12,Left-Putamen,MI,0.00030427718219540345
sub-381606,ses-2mo,12,Left-Putamen,NMI,0.07347969830549637
sub-381606,ses-2mo,52,Right-Pallidum,Dice,0.06958250497017893
sub-381606,ses-2mo,52,Right-Pallidum,IoU,0.03604531410916581
sub-381606,ses-2mo,52,Right-Pallidum,Hausdorff,12.041594578792296
sub-381606,ses-2mo,52,Right-Pallidum,HD95,9.718384838104244
sub-381606,ses-2mo,52,Right-Pallidum,MI,5.232461394421977e-05
sub-381606,ses-2mo,52,Right-Pallidum,NMI,0.03821247341075011
sub-381606,ses-2mo,8,Left-Cerebellum-Cortex,Dice,0.10999026019201336
sub-381606,ses-2mo,8,Left-Cerebellum-Cortex,IoU,0.058195604961902306
sub-381606,ses-2mo,8,Left-Cerebellum-Cortex,Hausdorff,37.589892258425
sub-381606,ses-2mo,8,Left-Cerebellum-Cortex,HD95,28.859140586853
sub-381606,ses-2mo,8,Left-Cerebellum-Cortex,MI,0.0011281748607906267
sub-381606,ses-2mo,8,Left-Cerebellum-Cortex,NMI,0.04377543776966579
sub-381606,ses-2mo,11,Left-Caudate,Dice,0.5251930856932696
sub-381606,ses-2mo,11,Left-Caudate,IoU,0.3561097256857855
sub-381606,ses-2mo,11,Left-Caudate,Hausdorff,15.684387141358123
sub-381606,ses-2mo,11,Left-Caudate,HD95,7.071067810058594
sub-381606,ses-2mo,11,Left-Caudate,MI,0.0013640715235880916
sub-381606,ses-2mo,11,Left-Caudate,NMI,0.40780263100492414
sub-381606,ses-2mo,3,Left-Cerebral-Cortex,Dice,0.28371557377309226
sub-381606,ses-2mo,3,Left-Cerebral-Cortex,IoU,0.16530801622247115
sub-381606,ses-2mo,3,Left-Cerebral-Cortex,Hausdorff,38.19685850956856
sub-381606,ses-2mo,3,Left-Cerebral-Cortex,HD95,13.928388595581055
sub-381606,ses-2mo,3,Left-Cerebral-Cortex,MI,0.012104836956045202
sub-381606,ses-2mo,3,Left-Cerebral-Cortex,NMI,0.11556164078312466
sub-381606,ses-2mo,4,Left-Lateral-Ventricle,Dice,0.7596091205211727
sub-381606,ses-2mo,4,Left-Lateral-Ventricle,IoU,0.6123949579831933
sub-381606,ses-2mo,4,Left-Lateral-Ventricle,Hausdorff,21.095023109728988
sub-381606,ses-2mo,4,Left-Lateral-Ventricle,HD95,10.344079971313477
sub-381606,ses-2mo,4,Left-Lateral-Ventricle,MI,0.006387722772632654
sub-381606,ses-2mo,4,Left-Lateral-Ventricle,NMI,0.6544849016064156
sub-381606,ses-2mo,18,Left-Amygdala,Dice,0.0
sub-381606,ses-2mo,18,Left-Amygdala,IoU,0.0
sub-381606,ses-2mo,18,Left-Amygdala,Hausdorff,29.748949561287034
sub-381606,ses-2mo,18,Left-Amygdala,HD95,26.267850875854492
sub-381606,ses-2mo,18,Left-Amygdala,MI,1.5310253928524625e-08
sub-381606,ses-2mo,18,Left-Amygdala,NMI,1.0785810889240552e-05
sub-381606,ses-2mo,44,Right-Inf-Lat-Vent,Dice,0.032017075773746
sub-381606,ses-2mo,44,Right-Inf-Lat-Vent,IoU,0.016268980477223426
sub-381606,ses-2mo,44,Right-Inf-Lat-Vent,Hausdorff,25.079872407968907
sub-381606,ses-2mo,44,Right-Inf-Lat-Vent,HD95,22.104256725311277
sub-381606,ses-2mo,44,Right-Inf-Lat-Vent,MI,1.0876100459928667e-05
sub-381606,ses-2mo,44,Right-Inf-Lat-Vent,NMI,0.015750772411187355
sub-381606,ses-2mo,47,Right-Cerebellum-Cortex,Dice,0.10794283118426111
sub-381606,ses-2mo,47,Right-Cerebellum-Cortex,IoU,0.05705051251269739
sub-381606,ses-2mo,47,Right-Cerebellum-Cortex,Hausdorff,32.71085446759225
sub-381606,ses-2mo,47,Right-Cerebellum-Cortex,HD95,27.09243392944336
sub-381606,ses-2mo,47,Right-Cerebellum-Cortex,MI,0.0011081780709732455
sub-381606,ses-2mo,47,Right-Cerebellum-Cortex,NMI,0.04325080247053438
sub-381606,ses-2mo,13,Left-Pallidum,Dice,0.04060913705583756
sub-381606,ses-2mo,13,Left-Pallidum,IoU,0.02072538860103627
sub-381606,ses-2mo,13,Left-Pallidum,Hausdorff,13.379088160259652
sub-381606,ses-2mo,13,Left-Pallidum,HD95,10.816654205322266
sub-381606,ses-2mo,13,Left-Pallidum,MI,2.715282359827175e-05
sub-381606,ses-2mo,13,Left-Pallidum,NMI,0.02025766459306803
sub-381606,ses-2mo,60,Right-VentralDC,Dice,0.019880715705765408
sub-381606,ses-2mo,60,Right-VentralDC,IoU,0.010040160642570281
sub-381606,ses-2mo,60,Right-VentralDC,Hausdorff,17.72004514666935
sub-381606,ses-2mo,60,Right-VentralDC,HD95,14.282856941223145
sub-381606,ses-2mo,60,Right-VentralDC,MI,1.7628378032834787e-05
sub-381606,ses-2mo,60,Right-VentralDC,NMI,0.007838366165301746
sub-381606,ses-2mo,49,Right-Thalamus,Dice,0.6087818170557998
sub-381606,ses-2mo,49,Right-Thalamus,IoU,0.4375890313390313
sub-381606,ses-2mo,49,Right-Thalamus,Hausdorff,15.7797338380595
sub-381606,ses-2mo,49,Right-Thalamus,HD95,9.69536018371582
sub-381606,ses-2mo,49,Right-Thalamus,MI,0.00419931927713125
sub-381606,ses-2mo,49,Right-Thalamus,NMI,0.4826799556120124
sub-381606,ses-2mo,54,Right-Amygdala,Dice,0.0
sub-381606,ses-2mo,54,Right-Amygdala,IoU,0.0
sub-381606,ses-2mo,54,Right-Amygdala,Hausdorff,27.0
sub-381606,ses-2mo,54,Right-Amygdala,HD95,23.920683288574217
sub-381606,ses-2mo,54,Right-Amygdala,MI,2.0595670883213988e-08
sub-381606,ses-2mo,54,Right-Amygdala,NMI,1.2899334438031015e-05
sub-381606,ses-2mo,16,Brain-Stem,Dice,0.2821520068317677
sub-381606,ses-2mo,16,Brain-Stem,IoU,0.16424736528136807
sub-381606,ses-2mo,16,Brain-Stem,Hausdorff,32.49615361854384
sub-381606,ses-2mo,16,Brain-Stem,HD95,25.670995712280273
sub-381606,ses-2mo,16,Brain-Stem,MI,0.0020996542157292555
sub-381606,ses-2mo,16,Brain-Stem,NMI,0.1753419176403008
sub-381606,ses-2mo,50,Right-Caudate,Dice,0.5389364668392751
sub-381606,ses-2mo,50,Right-Caudate,IoU,0.36886586695747003
sub-381606,ses-2mo,50,Right-Caudate,Hausdorff,16.76305461424021
sub-381606,ses-2mo,50,Right-Caudate,HD95,8.0
sub-381606,ses-2mo,50,Right-Caudate,MI,0.0013390455944469024
sub-381606,ses-2mo,50,Right-Caudate,NMI,0.4309602818161192
sub-381606,ses-2mo,28,Left-VentralDC,Dice,0.006422263848006422
sub-381606,ses-2mo,28,Left-VentralDC,IoU,0.003221476510067114
sub-381606,ses-2mo,28,Left-VentralDC,Hausdorff,19.1049731745428
sub-381606,ses-2mo,28,Left-VentralDC,HD95,15.524174690246582
sub-381606,ses-2mo,28,Left-VentralDC,MI,4.171466134137577e-06
sub-381606,ses-2mo,28,Left-VentralDC,NMI,0.0017637372025414324
sub-381606,ses-2mo,15,4th-Ventricle,Dice,0.0
sub-381606,ses-2mo,15,4th-Ventricle,IoU,0.0
sub-381606,ses-2mo,15,4th-Ventricle,Hausdorff,32.63433774416144
sub-381606,ses-2mo,15,4th-Ventricle,HD95,25.487250518798827
sub-381606,ses-2mo,15,4th-Ventricle,MI,2.1748521698079955e-08
sub-381606,ses-2mo,15,4th-Ventricle,NMI,1.186368987163912e-05
sub-381606,ses-2mo,2,Left-Cerebral-White-Matter,Dice,0.5805152265022672
sub-381606,ses-2mo,2,Left-Cerebral-White-Matter,IoU,0.40896192572170226
sub-381606,ses-2mo,2,Left-Cerebral-White-Matter,Hausdorff,30.822070014844883
sub-381606,ses-2mo,2,Left-Cerebral-White-Matter,HD95,8.9442720413208
sub-381606,ses-2mo,2,Left-Cerebral-White-Matter,MI,0.043010086538621435
sub-381606,ses-2mo,2,Left-Cerebral-White-Matter,NMI,0.3796085892960293
sub-381606,ses-2mo,41,Right-Cerebral-White-Matter,Dice,0.5771073417065907
sub-381606,ses-2mo,41,Right-Cerebral-White-Matter,IoU,0.4055874055874056
sub-381606,ses-2mo,41,Right-Cerebral-White-Matter,Hausdorff,27.184554438136374
sub-381606,ses-2mo,41,Right-Cerebral-White-Matter,HD95,7.681145668029785
sub-381606,ses-2mo,41,Right-Cerebral-White-Matter,MI,0.04323187762113709
sub-381606,ses-2mo,41,Right-Cerebral-White-Matter,NMI,0.3769591587786544
sub-381606,ses-2mo,14,3rd-Ventricle,Dice,0.21244088759548926
sub-381606,ses-2mo,14,3rd-Ventricle,IoU,0.11884411884411884
sub-381606,ses-2mo,14,3rd-Ventricle,Hausdorff,11.874342087037917
sub-381606,ses-2mo,14,3rd-Ventricle,HD95,9.110433578491211
sub-381606,ses-2mo,14,3rd-Ventricle,MI,0.000277583740599157
sub-381606,ses-2mo,14,3rd-Ventricle,NMI,0.1555710226024663
sub-381606,ses-2mo,26,Left-Accumbens-area,Dice,0.0
sub-381606,ses-2mo,26,Left-Accumbens-area,IoU,0.0
sub-381606,ses-2mo,26,Left-Accumbens-area,Hausdorff,14.422205101855956
sub-381606,ses-2mo,26,Left-Accumbens-area,HD95,12.041594505310059
sub-381606,ses-2mo,26,Left-Accumbens-area,MI,2.0141576583399944e-09
sub-381606,ses-2mo,26,Left-Accumbens-area,NMI,3.913663891779991e-06
sub-381606,ses-2mo,46,Right-Cerebellum-White-Matter,Dice,0.001048767697954903
sub-381606,ses-2mo,46,Right-Cerebellum-White-Matter,IoU,0.0005246589716684155
sub-381606,ses-2mo,46,Right-Cerebellum-White-Matter,Hausdorff,30.4138126514911
sub-381606,ses-2mo,46,Right-Cerebellum-White-Matter,HD95,26.038433074951172
sub-381606,ses-2mo,46,Right-Cerebellum-White-Matter,MI,8.495540323836454e-08
sub-381606,ses-2mo,46,Right-Cerebellum-White-Matter,NMI,1.1722544193506995e-05
sub-381606,ses-2mo,7,Left-Cerebellum-White-Matter,Dice,0.0005930318754633062
sub-381606,ses-2mo,7,Left-Cerebellum-White-Matter,IoU,0.00029660388551090017
sub-381606,ses-2mo,7,Left-Cerebellum-White-Matter,Hausdorff,34.45286635390443
sub-381606,ses-2mo,7,Left-Cerebellum-White-Matter,HD95,30.495901107788086
sub-381606,ses-2mo,7,Left-Cerebellum-White-Matter,MI,1.857477482550168e-09
sub-381606,ses-2mo,7,Left-Cerebellum-White-Matter,NMI,2.5461359603092496e-07
sub-939043,ses-3mo,51,Right-Putamen,Dice,0.19866307024744928
sub-939043,ses-3mo,51,Right-Putamen,IoU,0.11028645833333334
sub-939043,ses-3mo,51,Right-Putamen,Hausdorff,23.08679276123039
sub-939043,ses-3mo,51,Right-Putamen,HD95,16.309507369995117
sub-939043,ses-3mo,51,Right-Putamen,MI,0.000604122722186737
sub-939043,ses-3mo,51,Right-Putamen,NMI,0.12196167315953456
sub-939043,ses-3mo,42,Right-Cerebral-Cortex,Dice,0.16680227596823624
sub-939043,ses-3mo,42,Right-Cerebral-Cortex,IoU,0.09098979001642382
sub-939043,ses-3mo,42,Right-Cerebral-Cortex,Hausdorff,85.21150157109074
sub-939043,ses-3mo,42,Right-Cerebral-Cortex,HD95,20.248456954956055
sub-939043,ses-3mo,42,Right-Cerebral-Cortex,MI,0.005075043954740517
sub-939043,ses-3mo,42,Right-Cerebral-Cortex,NMI,0.04441663639070417
sub-939043,ses-3mo,43,Right-Lateral-Ventricle,Dice,0.5611763282100932
sub-939043,ses-3mo,43,Right-Lateral-Ventricle,IoU,0.3900243922953991
sub-939043,ses-3mo,43,Right-Lateral-Ventricle,Hausdorff,28.460498941515414
sub-939043,ses-3mo,43,Right-Lateral-Ventricle,HD95,15.81138801574707
sub-939043,ses-3mo,43,Right-Lateral-Ventricle,MI,0.00395993068962389
sub-939043,ses-3mo,43,Right-Lateral-Ventricle,NMI,0.4480785956293754
sub-939043,ses-3mo,62,Right-vessel,Dice,0.0
sub-939043,ses-3mo,62,Right-vessel,IoU,0.0
sub-939043,ses-3mo,62,Right-vessel,Hausdorff,16.30950643030009
sub-939043,ses-3mo,62,Right-vessel,HD95,15.82402458190918
sub-939043,ses-3mo,62,Right-vessel,MI,3.16424832130346e-11
sub-939043,ses-3mo,62,Right-vessel,NMI,2.2042597213965908e-07
sub-939043,ses-3mo,5,Left-Inf-Lat-Vent,Dice,0.001692047377326565
sub-939043,ses-3mo,5,Left-Inf-Lat-Vent,IoU,0.000846740050804403
sub-939043,ses-3mo,5,Left-Inf-Lat-Vent,Hausdorff,27.910571473905726
sub-939043,ses-3mo,5,Left-Inf-Lat-Vent,HD95,22.891014575958252
sub-939043,ses-3mo,5,Left-Inf-Lat-Vent,MI,2.8958678918039556e-07
sub-939043,ses-3mo,5,Left-Inf-Lat-Vent,NMI,0.0003400802255195814
sub-939043,ses-3mo,58,Right-Accumbens-area,Dice,0.0
sub-939043,ses-3mo,58,Right-Accumbens-area,IoU,0.0
sub-939043,ses-3mo,58,Right-Accumbens-area,Hausdorff,15.264337522473747
sub-939043,ses-3mo,58,Right-Accumbens-area,HD95,13.696537637710568
sub-939043,ses-3mo,58,Right-Accumbens-area,MI,2.232479174045293e-09
sub-939043,ses-3mo,58,Right-Accumbens-area,NMI,4.106702688012924e-06
sub-939043,ses-3mo,17,Left-Hippocampus,Dice,0.0
sub-939043,ses-3mo,17,Left-Hippocampus,IoU,0.0
sub-939043,ses-3mo,17,Left-Hippocampus,Hausdorff,29.748949561287034
sub-939043,ses-3mo,17,Left-Hippocampus,HD95,24.289915084838867
sub-939043,ses-3mo,17,Left-Hippocampus,MI,1.358962215862675e-07
sub-939043,ses-3mo,17,Left-Hippocampus,NMI,3.923149045638025e-05
sub-939043,ses-3mo,53,Right-Hippocampus,Dice,0.0
sub-939043,ses-3mo,53,Right-Hippocampus,IoU,0.0
sub-939043,ses-3mo,53,Right-Hippocampus,Hausdorff,27.202941017470888
sub-939043,ses-3mo,53,Right-Hippocampus,HD95,21.724385643005377
sub-939043,ses-3mo,53,Right-Hippocampus,MI,1.4993616701268649e-07
sub-939043,ses-3mo,53,Right-Hippocampus,NMI,4.210749134861908e-05
sub-939043,ses-3mo,10,Left-Thalamus,Dice,0.44819388879225375
sub-939043,ses-3mo,10,Left-Thalamus,IoU,0.28882080406516214
sub-939043,ses-3mo,10,Left-Thalamus,Hausdorff,20.808652046684813
sub-939043,ses-3mo,10,Left-Thalamus,HD95,14.177447319030762
sub-939043,ses-3mo,10,Left-Thalamus,MI,0.0029555613221864726
sub-939043,ses-3mo,10,Left-Thalamus,NMI,0.32082480044436695
sub-939043,ses-3mo,12,Left-Putamen,Dice,0.2260828735767109
sub-939043,ses-3mo,12,Left-Putamen,IoU,0.12744838538909475
sub-939043,ses-3mo,12,Left-Putamen,Hausdorff,19.79898987322333
sub-939043,ses-3mo,12,Left-Putamen,HD95,13.56466007232666
sub-939043,ses-3mo,12,Left-Putamen,MI,0.0007320685061828949
sub-939043,ses-3mo,12,Left-Putamen,NMI,0.14892479838510703
sub-939043,ses-3mo,52,Right-Pallidum,Dice,0.0
sub-939043,ses-3mo,52,Right-Pallidum,IoU,0.0
sub-939043,ses-3mo,52,Right-Pallidum,Hausdorff,16.186414056238647
sub-939043,ses-3mo,52,Right-Pallidum,HD95,13.951692056655883
sub-939043,ses-3mo,52,Right-Pallidum,MI,1.7799767264780556e-08
sub-939043,ses-3mo,52,Right-Pallidum,NMI,1.3114447093178198e-05
sub-939043,ses-3mo,8,Left-Cerebellum-Cortex,Dice,0.07281151745821612
sub-939043,ses-3mo,8,Left-Cerebellum-Cortex,IoU,0.037781212433453545
sub-939043,ses-3mo,8,Left-Cerebellum-Cortex,Hausdorff,40.43513323831146
sub-939043,ses-3mo,8,Left-Cerebellum-Cortex,HD95,31.016124725341797
sub-939043,ses-3mo,8,Left-Cerebellum-Cortex,MI,0.000634926921417471
sub-939043,ses-3mo,8,Left-Cerebellum-Cortex,NMI,0.02163276681454705
sub-939043,ses-3mo,11,Left-Caudate,Dice,0.587487969201155
sub-939043,ses-3mo,11,Left-Caudate,IoU,0.41591714363586807
sub-939043,ses-3mo,11,Left-Caudate,Hausdorff,9.055385138137417
sub-939043,ses-3mo,11,Left-Caudate,HD95,5.074264645576477
sub-939043,ses-3mo,11,Left-Caudate,MI,0.0015146623528652032
sub-939043,ses-3mo,11,Left-Caudate,NMI,0.471663700979862
sub-939043,ses-3mo,3,Left-Cerebral-Cortex,Dice,0.17849477295474137
sub-939043,ses-3mo,3,Left-Cerebral-Cortex,IoU,0.09799300617121223
sub-939043,ses-3mo,3,Left-Cerebral-Cortex,Hausdorff,57.445626465380286
sub-939043,ses-3mo,3,Left-Cerebral-Cortex,HD95,18.681541442871094
sub-939043,ses-3mo,3,Left-Cerebral-Cortex,MI,0.005686037452292993
sub-939043,ses-3mo,3,Left-Cerebral-Cortex,NMI,0.050527123407186215
sub-939043,ses-3mo,4,Left-Lateral-Ventricle,Dice,0.5869867200088904
sub-939043,ses-3mo,4,Left-Lateral-Ventricle,IoU,0.4154148643334644
sub-939043,ses-3mo,4,Left-Lateral-Ventricle,Hausdorff,23.769728648009426
sub-939043,ses-3mo,4,Left-Lateral-Ventricle,HD95,15.066518783569336
sub-939043,ses-3mo,4,Left-Lateral-Ventricle,MI,0.004532328507366578
sub-939043,ses-3mo,4,Left-Lateral-Ventricle,NMI,0.47622542942898893
sub-939043,ses-3mo,18,Left-Amygdala,Dice,0.0
sub-939043,ses-3mo,18,Left-Amygdala,IoU,0.0
sub-939043,ses-3mo,18,Left-Amygdala,Hausdorff,30.033314835362415
sub-939043,ses-3mo,18,Left-Amygdala,HD95,27.312999725341797
sub-939043,ses-3mo,18,Left-Amygdala,MI,3.013858111672709e-08
sub-939043,ses-3mo,18,Left-Amygdala,NMI,1.6438992013614287e-05
sub-939043,ses-3mo,44,Right-Inf-Lat-Vent,Dice,0.0
sub-939043,ses-3mo,44,Right-Inf-Lat-Vent,IoU,0.0
sub-939043,ses-3mo,44,Right-Inf-Lat-Vent,Hausdorff,27.331300737432898
sub-939043,ses-3mo,44,Right-Inf-Lat-Vent,HD95,22.915059280395507
sub-939043,ses-3mo,44,Right-Inf-Lat-Vent,MI,5.38950708985509e-09
sub-939043,ses-3mo,44,Right-Inf-Lat-Vent,NMI,6.95360623534021e-06
sub-939043,ses-3mo,47,Right-Cerebellum-Cortex,Dice,0.05039151491377619
sub-939043,ses-3mo,47,Right-Cerebellum-Cortex,IoU,0.02584699199826655
sub-939043,ses-3mo,47,Right-Cerebellum-Cortex,Hausdorff,36.180105030251084
sub-939043,ses-3mo,47,Right-Cerebellum-Cortex,HD95,29.068883895874023
sub-939043,ses-3mo,47,Right-Cerebellum-Cortex,MI,0.00035433477619846204
sub-939043,ses-3mo,47,Right-Cerebellum-Cortex,NMI,0.012100506491922255
sub-939043,ses-3mo,13,Left-Pallidum,Dice,0.0652265988987717
sub-939043,ses-3mo,13,Left-Pallidum,IoU,0.03371278458844133
sub-939043,ses-3mo,13,Left-Pallidum,Hausdorff,13.19090595827292
sub-939043,ses-3mo,13,Left-Pallidum,HD95,10.25912094116211
sub-939043,ses-3mo,13,Left-Pallidum,MI,5.4060216512496334e-05
sub-939043,ses-3mo,13,Left-Pallidum,NMI,0.034044776069967864
sub-939043,ses-3mo,60,Right-VentralDC,Dice,0.0
sub-939043,ses-3mo,60,Right-VentralDC,IoU,0.0
sub-939043,ses-3mo,60,Right-VentralDC,Hausdorff,23.280893453645632
sub-939043,ses-3mo,60,Right-VentralDC,HD95,19.131126403808594
sub-939043,ses-3mo,60,Right-VentralDC,MI,1.2424590873770947e-07
sub-939043,ses-3mo,60,Right-VentralDC,NMI,3.9112535378483667e-05
sub-939043,ses-3mo,49,Right-Thalamus,Dice,0.3565133405770856
sub-939043,ses-3mo,49,Right-Thalamus,IoU,0.21692499816352018
sub-939043,ses-3mo,49,Right-Thalamus,Hausdorff,23.345235059857504
sub-939043,ses-3mo,49,Right-Thalamus,HD95,17.262676239013672
sub-939043,ses-3mo,49,Right-Thalamus,MI,0.0021328903442093513
sub-939043,ses-3mo,49,Right-Thalamus,NMI,0.2399563797734086
sub-939043,ses-3mo,54,Right-Amygdala,Dice,0.0
sub-939043,ses-3mo,54,Right-Amygdala,IoU,0.0
sub-939043,ses-3mo,54,Right-Amygdala,Hausdorff,31.921779399024736
sub-939043,ses-3mo,54,Right-Amygdala,HD95,27.044383621215815
sub-939043,ses-3mo,54,Right-Amygdala,MI,3.04450596737239e-08
sub-939043,ses-3mo,54,Right-Amygdala,NMI,1.6694058852317378e-05
sub-939043,ses-3mo,24,CSF,Dice,8.123256884460209e-05
sub-939043,ses-3mo,24,CSF,IoU,4.0617934171868016e-05
sub-939043,ses-3mo,24,CSF,Hausdorff,94.75758544834287
sub-939043,ses-3mo,24,CSF,HD95,79.45439147949219
sub-939043,ses-3mo,24,CSF,MI,2.8644150457528373e-07
sub-939043,ses-3mo,24,CSF,NMI,3.3496730694221065e-06
sub-939043,ses-3mo,16,Brain-Stem,Dice,0.1742450808494058
sub-939043,ses-3mo,16,Brain-Stem,IoU,0.09543727858636732
sub-939043,ses-3mo,16,Brain-Stem,Hausdorff,34.785054261852174
sub-939043,ses-3mo,16,Brain-Stem,HD95,28.896366119384766
sub-939043,ses-3mo,16,Brain-Stem,MI,0.0011860095321525057
sub-939043,ses-3mo,16,Brain-Stem,NMI,0.09129237118032789
sub-939043,ses-3mo,50,Right-Caudate,Dice,0.6073865917302288
sub-939043,ses-3mo,50,Right-Caudate,IoU,0.4361487460363217
sub-939043,ses-3mo,50,Right-Caudate,Hausdorff,13.30413469565007
sub-939043,ses-3mo,50,Right-Caudate,HD95,5.0
sub-939043,ses-3mo,50,Right-Caudate,MI,0.001527724859606702
sub-939043,ses-3mo,50,Right-Caudate,NMI,0.4938950983406206
sub-939043,ses-3mo,31,Left-choroid-plexus,Dice,0.0
sub-939043,ses-3mo,31,Left-choroid-plexus,IoU,0.0
sub-939043,ses-3mo,31,Left-choroid-plexus,Hausdorff,33.97057550292606
sub-939043,ses-3mo,31,Left-choroid-plexus,HD95,22.383952522277827
sub-939043,ses-3mo,31,Left-choroid-plexus,MI,1.4200838458579062e-09
sub-939043,ses-3mo,31,Left-choroid-plexus,NMI,3.359834273100634e-06
sub-939043,ses-3mo,28,Left-VentralDC,Dice,0.0
sub-939043,ses-3mo,28,Left-VentralDC,IoU,0.0
sub-939043,ses-3mo,28,Left-VentralDC,Hausdorff,24.758836806279895
sub-939043,ses-3mo,28,Left-VentralDC,HD95,18.70828628540039
sub-939043,ses-3mo,28,Left-VentralDC,MI,1.1788183366132163e-07
sub-939043,ses-3mo,28,Left-VentralDC,NMI,3.702984788020608e-05
sub-939043,ses-3mo,15,4th-Ventricle,Dice,0.0
sub-939043,ses-3mo,15,4th-Ventricle,IoU,0.0
sub-939043,ses-3mo,15,4th-Ventricle,Hausdorff,38.05259518088089
sub-939043,ses-3mo,15,4th-Ventricle,HD95,31.92177963256836
sub-939043,ses-3mo,15,4th-Ventricle,MI,4.01137952925042e-08
sub-939043,ses-3mo,15,4th-Ventricle,NMI,1.6631789273811852e-05
sub-939043,ses-3mo,2,Left-Cerebral-White-Matter,Dice,0.5544998667115991
sub-939043,ses-3mo,2,Left-Cerebral-White-Matter,IoU,0.3836041615922614
sub-939043,ses-3mo,2,Left-Cerebral-White-Matter,Hausdorff,69.8426803609369
sub-939043,ses-3mo,2,Left-Cerebral-White-Matter,HD95,13.152946472167969
sub-939043,ses-3mo,2,Left-Cerebral-White-Matter,MI,0.04560453295666915
sub-939043,ses-3mo,2,Left-Cerebral-White-Matter,NMI,0.36623831178422417
sub-939043,ses-3mo,41,Right-Cerebral-White-Matter,Dice,0.5533593375494879
sub-939043,ses-3mo,41,Right-Cerebral-White-Matter,IoU,0.38251333030562984
sub-939043,ses-3mo,41,Right-Cerebral-White-Matter,Hausdorff,88.05679985100527
sub-939043,ses-3mo,41,Right-Cerebral-White-Matter,HD95,14.491376876831055
sub-939043,ses-3mo,41,Right-Cerebral-White-Matter,MI,0.04661434248413751
sub-939043,ses-3mo,41,Right-Cerebral-White-Matter,NMI,0.36506037055601437
sub-939043,ses-3mo,14,3rd-Ventricle,Dice,0.08463661453541858
sub-939043,ses-3mo,14,3rd-Ventricle,IoU,0.04418828049951969
sub-939043,ses-3mo,14,3rd-Ventricle,Hausdorff,14.866068747318506
sub-939043,ses-3mo,14,3rd-Ventricle,HD95,11.445523262023926
sub-939043,ses-3mo,14,3rd-Ventricle,MI,0.00010033422230351839
sub-939043,ses-3mo,14,3rd-Ventricle,NMI,0.047796946183132724
sub-939043,ses-3mo,63,Right-choroid-plexus,Dice,0.0
sub-939043,ses-3mo,63,Right-choroid-plexus,IoU,0.0
sub-939043,ses-3mo,63,Right-choroid-plexus,Hausdorff,36.72873534441391
sub-939043,ses-3mo,63,Right-choroid-plexus,HD95,32.229637145996094
sub-939043,ses-3mo,63,Right-choroid-plexus,MI,3.1169941507562396e-09
sub-939043,ses-3mo,63,Right-choroid-plexus,NMI,5.092021994230771e-06
sub-939043,ses-3mo,26,Left-Accumbens-area,Dice,0.0
sub-939043,ses-3mo,26,Left-Accumbens-area,IoU,0.0
sub-939043,ses-3mo,26,Left-Accumbens-area,Hausdorff,15.620499351813308
sub-939043,ses-3mo,26,Left-Accumbens-area,HD95,13.04414825439453
sub-939043,ses-3mo,26,Left-Accumbens-area,MI,2.30693488805975e-09
sub-939043,ses-3mo,26,Left-Accumbens-area,NMI,4.171505998600274e-06
sub-939043,ses-3mo,46,Right-Cerebellum-White-Matter,Dice,0.0
sub-939043,ses-3mo,46,Right-Cerebellum-White-Matter,IoU,0.0
sub-939043,ses-3mo,46,Right-Cerebellum-White-Matter,Hausdorff,38.82009788756334
sub-939043,ses-3mo,46,Right-Cerebellum-White-Matter,HD95,32.81767654418945
sub-939043,ses-3mo,46,Right-Cerebellum-White-Matter,MI,1.5585198087238704e-06
sub-939043,ses-3mo,46,Right-Cerebellum-White-Matter,NMI,0.00015368542633090336
sub-939043,ses-3mo,7,Left-Cerebellum-White-Matter,Dice,9.477774618519572e-05
sub-939043,ses-3mo,7,Left-Cerebellum-White-Matter,IoU,4.739111890431733e-05
sub-939043,ses-3mo,7,Left-Cerebellum-White-Matter,Hausdorff,41.15823125451335
sub-939043,ses-3mo,7,Left-Cerebellum-White-Matter,HD95,34.89985656738281
sub-939043,ses-3mo,7,Left-Cerebellum-White-Matter,MI,1.2799860733889412e-06
sub-939043,ses-3mo,7,Left-Cerebellum-White-Matter,NMI,0.00011775406585856688
sub-469090,ses-3mo,51,Right-Putamen,Dice,0.21426070720037343
sub-469090,ses-3mo,51,Right-Putamen,IoU,0.1199843157757156
sub-469090,ses-3mo,51,Right-Putamen,Hausdorff,18.466185312619388
sub-469090,ses-3mo,51,Right-Putamen,HD95,13.928388595581055
sub-469090,ses-3mo,51,Right-Putamen,MI,0.0006668786694558394
sub-469090,ses-3mo,51,Right-Putamen,NMI,0.13407360935957124
sub-469090,ses-3mo,42,Right-Cerebral-Cortex,Dice,0.19773530324557181
sub-469090,ses-3mo,42,Right-Cerebral-Cortex,IoU,0.10971490680678561
sub-469090,ses-3mo,42,Right-Cerebral-Cortex,Hausdorff,36.61966684720111
sub-469090,ses-3mo,42,Right-Cerebral-Cortex,HD95,11.789826393127441
sub-469090,ses-3mo,42,Right-Cerebral-Cortex,MI,0.006706039744822052
sub-469090,ses-3mo,42,Right-Cerebral-Cortex,NMI,0.05866297547446302
sub-469090,ses-3mo,43,Right-Lateral-Ventricle,Dice,0.5232794896158545
sub-469090,ses-3mo,43,Right-Lateral-Ventricle,IoU,0.35435242209761925
sub-469090,ses-3mo,43,Right-Lateral-Ventricle,Hausdorff,20.049937655763422
sub-469090,ses-3mo,43,Right-Lateral-Ventricle,HD95,9.433980941772461
sub-469090,ses-3mo,43,Right-Lateral-Ventricle,MI,0.003284948440129396
sub-469090,ses-3mo,43,Right-Lateral-Ventricle,NMI,0.4110808529766589
sub-469090,ses-3mo,5,Left-Inf-Lat-Vent,Dice,0.0
sub-469090,ses-3mo,5,Left-Inf-Lat-Vent,IoU,0.0
sub-469090,ses-3mo,5,Left-Inf-Lat-Vent,Hausdorff,32.155870381627054
sub-469090,ses-3mo,5,Left-Inf-Lat-Vent,HD95,25.773035526275635
sub-469090,ses-3mo,5,Left-Inf-Lat-Vent,MI,4.246118024813514e-09
sub-469090,ses-3mo,5,Left-Inf-Lat-Vent,NMI,6.067935258933993e-06
sub-469090,ses-3mo,58,Right-Accumbens-area,Dice,0.0
sub-469090,ses-3mo,58,Right-Accumbens-area,IoU,0.0
sub-469090,ses-3mo,58,Right-Accumbens-area,Hausdorff,19.72308292331602
sub-469090,ses-3mo,58,Right-Accumbens-area,HD95,17.147835636138915
sub-469090,ses-3mo,58,Right-Accumbens-area,MI,1.5723534071298726e-09
sub-469090,ses-3mo,58,Right-Accumbens-area,NMI,3.182996392456083e-06
sub-469090,ses-3mo,17,Left-Hippocampus,Dice,0.0
sub-469090,ses-3mo,17,Left-Hippocampus,IoU,0.0
sub-469090,ses-3mo,17,Left-Hippocampus,Hausdorff,27.53179979587241
sub-469090,ses-3mo,17,Left-Hippocampus,HD95,22.158519744873047
sub-469090,ses-3mo,17,Left-Hippocampus,MI,1.1243651544035928e-07
sub-469090,ses-3mo,17,Left-Hippocampus,NMI,3.571591148292707e-05
sub-469090,ses-3mo,53,Right-Hippocampus,Dice,0.0
sub-469090,ses-3mo,53,Right-Hippocampus,IoU,0.0
sub-469090,ses-3mo,53,Right-Hippocampus,Hausdorff,25.514701644346147
sub-469090,ses-3mo,53,Right-Hippocampus,HD95,20.2200337409973
sub-469090,ses-3mo,53,Right-Hippocampus,MI,1.2523918939953173e-07
sub-469090,ses-3mo,53,Right-Hippocampus,NMI,3.830317659626324e-05
sub-469090,ses-3mo,10,Left-Thalamus,Dice,0.30652920962199315
sub-469090,ses-3mo,10,Left-Thalamus,IoU,0.1810064935064935
sub-469090,ses-3mo,10,Left-Thalamus,Hausdorff,20.273134932713294
sub-469090,ses-3mo,10,Left-Thalamus,HD95,14.798648834228516
sub-469090,ses-3mo,10,Left-Thalamus,MI,0.0016911983847704884
sub-469090,ses-3mo,10,Left-Thalamus,NMI,0.19562764006672206
sub-469090,ses-3mo,12,Left-Putamen,Dice,0.23354667310711266
sub-469090,ses-3mo,12,Left-Putamen,IoU,0.132212195788898
sub-469090,ses-3mo,12,Left-Putamen,Hausdorff,19.87460691435179
sub-469090,ses-3mo,12,Left-Putamen,HD95,15.0
sub-469090,ses-3mo,12,Left-Putamen,MI,0.0007244611724651433
sub-469090,ses-3mo,12,Left-Putamen,NMI,0.150214089064911
sub-469090,ses-3mo,52,Right-Pallidum,Dice,0.0
sub-469090,ses-3mo,52,Right-Pallidum,IoU,0.0
sub-469090,ses-3mo,52,Right-Pallidum,Hausdorff,13.92838827718412
sub-469090,ses-3mo,52,Right-Pallidum,HD95,12.688577651977539
sub-469090,ses-3mo,52,Right-Pallidum,MI,2.277795339530094e-08
sub-469090,ses-3mo,52,Right-Pallidum,NMI,1.5233873737623859e-05
sub-469090,ses-3mo,8,Left-Cerebellum-Cortex,Dice,0.13661971830985917
sub-469090,ses-3mo,8,Left-Cerebellum-Cortex,IoU,0.07331821617535904
sub-469090,ses-3mo,8,Left-Cerebellum-Cortex,Hausdorff,31.11269837220809
sub-469090,ses-3mo,8,Left-Cerebellum-Cortex,HD95,23.409399032592773
sub-469090,ses-3mo,8,Left-Cerebellum-Cortex,MI,0.0016372364187039233
sub-469090,ses-3mo,8,Left-Cerebellum-Cortex,NMI,0.055723884717627625
sub-469090,ses-3mo,11,Left-Caudate,Dice,0.3697683868346201
sub-469090,ses-3mo,11,Left-Caudate,IoU,0.22681954137587237
sub-469090,ses-3mo,11,Left-Caudate,Hausdorff,16.673332000533065
sub-469090,ses-3mo,11,Left-Caudate,HD95,10.344079971313477
sub-469090,ses-3mo,11,Left-Caudate,MI,0.0008147700196221067
sub-469090,ses-3mo,11,Left-Caudate,NMI,0.2665577698666007
sub-469090,ses-3mo,3,Left-Cerebral-Cortex,Dice,0.20791425662598034
sub-469090,ses-3mo,3,Left-Cerebral-Cortex,IoU,0.11601802949145347
sub-469090,ses-3mo,3,Left-Cerebral-Cortex,Hausdorff,41.44876355212541
sub-469090,ses-3mo,3,Left-Cerebral-Cortex,HD95,15.231546401977539
sub-469090,ses-3mo,3,Left-Cerebral-Cortex,MI,0.007410132241485994
sub-469090,ses-3mo,3,Left-Cerebral-Cortex,NMI,0.06395590583517571
sub-469090,ses-3mo,4,Left-Lateral-Ventricle,Dice,0.43281305011148924
sub-469090,ses-3mo,4,Left-Lateral-Ventricle,IoU,0.27617193350307023
sub-469090,ses-3mo,4,Left-Lateral-Ventricle,Hausdorff,19.1049731745428
sub-469090,ses-3mo,4,Left-Lateral-Ventricle,HD95,12.107831573486306
sub-469090,ses-3mo,4,Left-Lateral-Ventricle,MI,0.002961650208936732
sub-469090,ses-3mo,4,Left-Lateral-Ventricle,NMI,0.32802042694910405
sub-469090,ses-3mo,18,Left-Amygdala,Dice,0.0
sub-469090,ses-3mo,18,Left-Amygdala,IoU,0.0
sub-469090,ses-3mo,18,Left-Amygdala,Hausdorff,31.796226191169293
sub-469090,ses-3mo,18,Left-Amygdala,HD95,27.94637680053711
sub-469090,ses-3mo,18,Left-Amygdala,MI,2.244650962508494e-08
sub-469090,ses-3mo,18,Left-Amygdala,NMI,1.4627653743446363e-05
sub-469090,ses-3mo,44,Right-Inf-Lat-Vent,Dice,0.0020855057351407717
sub-469090,ses-3mo,44,Right-Inf-Lat-Vent,IoU,0.0010438413361169101
sub-469090,ses-3mo,44,Right-Inf-Lat-Vent,Hausdorff,26.589471600616662
sub-469090,ses-3mo,44,Right-Inf-Lat-Vent,HD95,22.507773971557615
sub-469090,ses-3mo,44,Right-Inf-Lat-Vent,MI,3.460861162570148e-07
sub-469090,ses-3mo,44,Right-Inf-Lat-Vent,NMI,0.000491206652983285
sub-469090,ses-3mo,47,Right-Cerebellum-Cortex,Dice,0.1691956227436823
sub-469090,ses-3mo,47,Right-Cerebellum-Cortex,IoU,0.09241600295780507
sub-469090,ses-3mo,47,Right-Cerebellum-Cortex,Hausdorff,32.12475680841802
sub-469090,ses-3mo,47,Right-Cerebellum-Cortex,HD95,23.25940704345703
sub-469090,ses-3mo,47,Right-Cerebellum-Cortex,MI,0.002345247215585734
sub-469090,ses-3mo,47,Right-Cerebellum-Cortex,NMI,0.07606573100482023
sub-469090,ses-3mo,13,Left-Pallidum,Dice,0.0009033423667570009
sub-469090,ses-3mo,13,Left-Pallidum,IoU,0.00045187528242205153
sub-469090,ses-3mo,13,Left-Pallidum,Hausdorff,15.329709716755891
sub-469090,ses-3mo,13,Left-Pallidum,HD95,13.03840446472168
sub-469090,ses-3mo,13,Left-Pallidum,MI,1.3332384088138663e-07
sub-469090,ses-3mo,13,Left-Pallidum,NMI,8.89983016635166e-05
sub-469090,ses-3mo,60,Right-VentralDC,Dice,0.0
sub-469090,ses-3mo,60,Right-VentralDC,IoU,0.0
sub-469090,ses-3mo,60,Right-VentralDC,Hausdorff,23.769728648009426
sub-469090,ses-3mo,60,Right-VentralDC,HD95,18.58762550354004
sub-469090,ses-3mo,60,Right-VentralDC,MI,6.362012101000531e-08
sub-469090,ses-3mo,60,Right-VentralDC,NMI,2.5137847620621068e-05
sub-469090,ses-3mo,49,Right-Thalamus,Dice,0.36517739816031536
sub-469090,ses-3mo,49,Right-Thalamus,IoU,0.2233743268226027
sub-469090,ses-3mo,49,Right-Thalamus,Hausdorff,20.346989949375804
sub-469090,ses-3mo,49,Right-Thalamus,HD95,14.03566837310791
sub-469090,ses-3mo,49,Right-Thalamus,MI,0.0020381982950268955
sub-469090,ses-3mo,49,Right-Thalamus,NMI,0.24649029175811363
sub-469090,ses-3mo,54,Right-Amygdala,Dice,0.0
sub-469090,ses-3mo,54,Right-Amygdala,IoU,0.0
sub-469090,ses-3mo,54,Right-Amygdala,Hausdorff,27.294688127912362
sub-469090,ses-3mo,54,Right-Amygdala,HD95,24.043707752227782
sub-469090,ses-3mo,54,Right-Amygdala,MI,2.4749717299741864e-08
sub-469090,ses-3mo,54,Right-Amygdala,NMI,1.5347348114451603e-05
sub-469090,ses-3mo,16,Brain-Stem,Dice,0.225140712945591
sub-469090,ses-3mo,16,Brain-Stem,IoU,0.12684989429175475
sub-469090,ses-3mo,16,Brain-Stem,Hausdorff,28.460498941515414
sub-469090,ses-3mo,16,Brain-Stem,HD95,24.103940963745117
sub-469090,ses-3mo,16,Brain-Stem,MI,0.001584256626129387
sub-469090,ses-3mo,16,Brain-Stem,NMI,0.12943902169802993
sub-469090,ses-3mo,50,Right-Caudate,Dice,0.43948781495249895
sub-469090,ses-3mo,50,Right-Caudate,IoU,0.28163049232398096
sub-469090,ses-3mo,50,Right-Caudate,Hausdorff,15.588457268119896
sub-469090,ses-3mo,50,Right-Caudate,HD95,8.306623458862305
sub-469090,ses-3mo,50,Right-Caudate,MI,0.0009917810922553697
sub-469090,ses-3mo,50,Right-Caudate,NMI,0.3289614634651683
sub-469090,ses-3mo,31,Left-choroid-plexus,Dice,0.0
sub-469090,ses-3mo,31,Left-choroid-plexus,IoU,0.0
sub-469090,ses-3mo,31,Left-choroid-plexus,Hausdorff,63.96092557178953
sub-469090,ses-3mo,31,Left-choroid-plexus,HD95,30.083130359649655
sub-469090,ses-3mo,31,Left-choroid-plexus,MI,6.385072790724431e-10
sub-469090,ses-3mo,31,Left-choroid-plexus,NMI,2.175717274563341e-06
sub-469090,ses-3mo,28,Left-VentralDC,Dice,0.0
sub-469090,ses-3mo,28,Left-VentralDC,IoU,0.0
sub-469090,ses-3mo,28,Left-VentralDC,Hausdorff,24.372115213907882
sub-469090,ses-3mo,28,Left-VentralDC,HD95,19.58943481445312
sub-469090,ses-3mo,28,Left-VentralDC,MI,5.311588673626369e-08
sub-469090,ses-3mo,28,Left-VentralDC,NMI,2.2400310263218175e-05
sub-469090,ses-3mo,15,4th-Ventricle,Dice,0.0
sub-469090,ses-3mo,15,4th-Ventricle,IoU,0.0
sub-469090,ses-3mo,15,4th-Ventricle,Hausdorff,34.77067730142742
sub-469090,ses-3mo,15,4th-Ventricle,HD95,29.19075117111206
sub-469090,ses-3mo,15,4th-Ventricle,MI,4.527007536881105e-08
sub-469090,ses-3mo,15,4th-Ventricle,NMI,1.916560515636037e-05
sub-469090,ses-3mo,2,Left-Cerebral-White-Matter,Dice,0.5062018745455465
sub-469090,ses-3mo,2,Left-Cerebral-White-Matter,IoU,0.33886899837389095
sub-469090,ses-3mo,2,Left-Cerebral-White-Matter,Hausdorff,33.67491648096547
sub-469090,ses-3mo,2,Left-Cerebral-White-Matter,HD95,10.198039054870605
sub-469090,ses-3mo,2,Left-Cerebral-White-Matter,MI,0.03824002965178427
sub-469090,ses-3mo,2,Left-Cerebral-White-Matter,NMI,0.3219321565189915
sub-469090,ses-3mo,41,Right-Cerebral-White-Matter,Dice,0.529150595877301
sub-469090,ses-3mo,41,Right-Cerebral-White-Matter,IoU,0.35975851395399483
sub-469090,ses-3mo,41,Right-Cerebral-White-Matter,Hausdorff,85.19976525789258
sub-469090,ses-3mo,41,Right-Cerebral-White-Matter,HD95,7.8102498054504395
sub-469090,ses-3mo,41,Right-Cerebral-White-Matter,MI,0.04129792095520701
sub-469090,ses-3mo,41,Right-Cerebral-White-Matter,NMI,0.34341279114877504
sub-469090,ses-3mo,14,3rd-Ventricle,Dice,0.03333333333333333
sub-469090,ses-3mo,14,3rd-Ventricle,IoU,0.01694915254237288
sub-469090,ses-3mo,14,3rd-Ventricle,Hausdorff,17.74823934929885
sub-469090,ses-3mo,14,3rd-Ventricle,HD95,13.377217197418215
sub-469090,ses-3mo,14,3rd-Ventricle,MI,2.885072484738613e-05
sub-469090,ses-3mo,14,3rd-Ventricle,NMI,0.016395875237927366
sub-469090,ses-3mo,63,Right-choroid-plexus,Dice,0.0
sub-469090,ses-3mo,63,Right-choroid-plexus,IoU,0.0
sub-469090,ses-3mo,63,Right-choroid-plexus,Hausdorff,41.78516483155236
sub-469090,ses-3mo,63,Right-choroid-plexus,HD95,29.068012809753416
sub-469090,ses-3mo,63,Right-choroid-plexus,MI,8.318678578823121e-10
sub-469090,ses-3mo,63,Right-choroid-plexus,NMI,2.26985520789112e-06
sub-469090,ses-3mo,26,Left-Accumbens-area,Dice,0.0
sub-469090,ses-3mo,26,Left-Accumbens-area,IoU,0.0
sub-469090,ses-3mo,26,Left-Accumbens-area,Hausdorff,18.411952639521967
sub-469090,ses-3mo,26,Left-Accumbens-area,HD95,16.378292083740234
sub-469090,ses-3mo,26,Left-Accumbens-area,MI,2.754411310647753e-09
sub-469090,ses-3mo,26,Left-Accumbens-area,NMI,4.588353466776618e-06
sub-469090,ses-3mo,46,Right-Cerebellum-White-Matter,Dice,0.009791783905458639
sub-469090,ses-3mo,46,Right-Cerebellum-White-Matter,IoU,0.004919979641463553
sub-469090,ses-3mo,46,Right-Cerebellum-White-Matter,Hausdorff,35.397740040855716
sub-469090,ses-3mo,46,Right-Cerebellum-White-Matter,HD95,25.7040843963623
sub-469090,ses-3mo,46,Right-Cerebellum-White-Matter,MI,1.9180252247308398e-05
sub-469090,ses-3mo,46,Right-Cerebellum-White-Matter,NMI,0.002074118350781502
sub-469090,ses-3mo,7,Left-Cerebellum-White-Matter,Dice,0.0
sub-469090,ses-3mo,7,Left-Cerebellum-White-Matter,IoU,0.0
sub-469090,ses-3mo,7,Left-Cerebellum-White-Matter,Hausdorff,37.815340802378074
sub-469090,ses-3mo,7,Left-Cerebellum-White-Matter,HD95,28.23118782043457
sub-469090,ses-3mo,7,Left-Cerebellum-White-Matter,MI,8.986991068419062e-07
sub-469090,ses-3mo,7,Left-Cerebellum-White-Matter,NMI,0.0001041336631692054
sub-552990,ses-8mo,51,Right-Putamen,Dice,0.45179233621755255
sub-552990,ses-8mo,51,Right-Putamen,IoU,0.29181636726546906
sub-552990,ses-8mo,51,Right-Putamen,Hausdorff,12.96148139681572
sub-552990,ses-8mo,51,Right-Putamen,HD95,9.899495124816895
sub-552990,ses-8mo,51,Right-Putamen,MI,0.0018766348796542074
sub-552990,ses-8mo,51,Right-Putamen,NMI,0.33750812245500444
sub-552990,ses-8mo,42,Right-Cerebral-Cortex,Dice,0.27681038975673655
sub-552990,ses-8mo,42,Right-Cerebral-Cortex,IoU,0.16063838135471298
sub-552990,ses-8mo,42,Right-Cerebral-Cortex,Hausdorff,40.11234224026316
sub-552990,ses-8mo,42,Right-Cerebral-Cortex,HD95,15.165750503540039
sub-552990,ses-8mo,42,Right-Cerebral-Cortex,MI,0.012074249834199378
sub-552990,ses-8mo,42,Right-Cerebral-Cortex,NMI,0.10468793396784598
sub-552990,ses-8mo,43,Right-Lateral-Ventricle,Dice,0.33685646096147287
sub-552990,ses-8mo,43,Right-Lateral-Ventricle,IoU,0.2025420254202542
sub-552990,ses-8mo,43,Right-Lateral-Ventricle,Hausdorff,22.045407685048602
sub-552990,ses-8mo,43,Right-Lateral-Ventricle,HD95,15.165750503540039
sub-552990,ses-8mo,43,Right-Lateral-Ventricle,MI,0.0017564337495174311
sub-552990,ses-8mo,43,Right-Lateral-Ventricle,NMI,0.27371140905032226
sub-552990,ses-8mo,85,Optic-Chiasm,Dice,0.0
sub-552990,ses-8mo,85,Optic-Chiasm,IoU,0.0
sub-552990,ses-8mo,85,Optic-Chiasm,Hausdorff,24.839484696748443
sub-552990,ses-8mo,85,Optic-Chiasm,HD95,23.361290454864502
sub-552990,ses-8mo,85,Optic-Chiasm,MI,7.054644588091281e-10
sub-552990,ses-8mo,85,Optic-Chiasm,NMI,1.825819207605637e-06
sub-552990,ses-8mo,62,Right-vessel,Dice,0.013071895424836602
sub-552990,ses-8mo,62,Right-vessel,IoU,0.006578947368421052
sub-552990,ses-8mo,62,Right-vessel,Hausdorff,14.317821063276353
sub-552990,ses-8mo,62,Right-vessel,HD95,13.141508960723877
sub-552990,ses-8mo,62,Right-vessel,MI,9.105925209137565e-07
sub-552990,ses-8mo,62,Right-vessel,NMI,0.007007393691880365
sub-552990,ses-8mo,5,Left-Inf-Lat-Vent,Dice,0.0
sub-552990,ses-8mo,5,Left-Inf-Lat-Vent,IoU,0.0
sub-552990,ses-8mo,5,Left-Inf-Lat-Vent,Hausdorff,29.832867780352597
sub-552990,ses-8mo,5,Left-Inf-Lat-Vent,HD95,26.18873634338379
sub-552990,ses-8mo,5,Left-Inf-Lat-Vent,MI,3.1357662389831006e-09
sub-552990,ses-8mo,5,Left-Inf-Lat-Vent,NMI,5.1778677154560695e-06
sub-552990,ses-8mo,58,Right-Accumbens-area,Dice,0.0
sub-552990,ses-8mo,58,Right-Accumbens-area,IoU,0.0
sub-552990,ses-8mo,58,Right-Accumbens-area,Hausdorff,12.206555615733702
sub-552990,ses-8mo,58,Right-Accumbens-area,HD95,9.949873924255371
sub-552990,ses-8mo,58,Right-Accumbens-area,MI,2.186386293122648e-09
sub-552990,ses-8mo,58,Right-Accumbens-area,NMI,4.243207879521214e-06
sub-552990,ses-8mo,17,Left-Hippocampus,Dice,0.0
sub-552990,ses-8mo,17,Left-Hippocampus,IoU,0.0
sub-552990,ses-8mo,17,Left-Hippocampus,Hausdorff,29.068883707497267
sub-552990,ses-8mo,17,Left-Hippocampus,HD95,23.34523582458496
sub-552990,ses-8mo,17,Left-Hippocampus,MI,9.07865276187584e-08
sub-552990,ses-8mo,17,Left-Hippocampus,NMI,3.161781906424574e-05
sub-552990,ses-8mo,53,Right-Hippocampus,Dice,0.0
sub-552990,ses-8mo,53,Right-Hippocampus,IoU,0.0
sub-552990,ses-8mo,53,Right-Hippocampus,Hausdorff,26.095976701399778
sub-552990,ses-8mo,53,Right-Hippocampus,HD95,19.84943389892578
sub-552990,ses-8mo,53,Right-Hippocampus,MI,1.0202616432871282e-07
sub-552990,ses-8mo,53,Right-Hippocampus,NMI,3.432756646809026e-05
sub-552990,ses-8mo,10,Left-Thalamus,Dice,0.3909707218952544
sub-552990,ses-8mo,10,Left-Thalamus,IoU,0.24298546161681636
sub-552990,ses-8mo,10,Left-Thalamus,Hausdorff,20.12461179749811
sub-552990,ses-8mo,10,Left-Thalamus,HD95,15.0
sub-552990,ses-8mo,10,Left-Thalamus,MI,0.0020256290102621506
sub-552990,ses-8mo,10,Left-Thalamus,NMI,0.2738709006802486
sub-552990,ses-8mo,12,Left-Putamen,Dice,0.4175846803253372
sub-552990,ses-8mo,12,Left-Putamen,IoU,0.2638906961613533
sub-552990,ses-8mo,12,Left-Putamen,Hausdorff,15.362291495737216
sub-552990,ses-8mo,12,Left-Putamen,HD95,10.721469068527213
sub-552990,ses-8mo,12,Left-Putamen,MI,0.0017057906361103144
sub-552990,ses-8mo,12,Left-Putamen,NMI,0.30693884877086514
sub-552990,ses-8mo,52,Right-Pallidum,Dice,0.19536842105263158
sub-552990,ses-8mo,52,Right-Pallidum,IoU,0.10825944937004199
sub-552990,ses-8mo,52,Right-Pallidum,Hausdorff,9.486832980505138
sub-552990,ses-8mo,52,Right-Pallidum,HD95,7.874007701873779
sub-552990,ses-8mo,52,Right-Pallidum,MI,0.00020211097479076837
sub-552990,ses-8mo,52,Right-Pallidum,NMI,0.12653835095877475
sub-552990,ses-8mo,8,Left-Cerebellum-Cortex,Dice,0.07017251205916288
sub-552990,ses-8mo,8,Left-Cerebellum-Cortex,IoU,0.03636206474291559
sub-552990,ses-8mo,8,Left-Cerebellum-Cortex,Hausdorff,40.149719799769464
sub-552990,ses-8mo,8,Left-Cerebellum-Cortex,HD95,30.93541717529297
sub-552990,ses-8mo,8,Left-Cerebellum-Cortex,MI,0.0006232129736080507
sub-552990,ses-8mo,8,Left-Cerebellum-Cortex,NMI,0.019867683978926222
sub-552990,ses-8mo,11,Left-Caudate,Dice,0.5780599087482642
sub-552990,ses-8mo,11,Left-Caudate,IoU,0.40652901785714285
sub-552990,ses-8mo,11,Left-Caudate,Hausdorff,7.874007874011811
sub-552990,ses-8mo,11,Left-Caudate,HD95,4.123105525970459
sub-552990,ses-8mo,11,Left-Caudate,MI,0.0014498435882931999
sub-552990,ses-8mo,11,Left-Caudate,NMI,0.4639291745307435
sub-552990,ses-8mo,3,Left-Cerebral-Cortex,Dice,0.2830558440253258
sub-552990,ses-8mo,3,Left-Cerebral-Cortex,IoU,0.1648602507194771
sub-552990,ses-8mo,3,Left-Cerebral-Cortex,Hausdorff,41.82104733265297
sub-552990,ses-8mo,3,Left-Cerebral-Cortex,HD95,16.248077392578125
sub-552990,ses-8mo,3,Left-Cerebral-Cortex,MI,0.012596440019642247
sub-552990,ses-8mo,3,Left-Cerebral-Cortex,NMI,0.10843916133333115
sub-552990,ses-8mo,77,WM-hypointensities,Dice,0.0012026458208057728
sub-552990,ses-8mo,77,WM-hypointensities,IoU,0.0006016847172081829
sub-552990,ses-8mo,77,WM-hypointensities,Hausdorff,54.08326913195984
sub-552990,ses-8mo,77,WM-hypointensities,HD95,48.23483123779295
sub-552990,ses-8mo,77,WM-hypointensities,MI,4.670843967304938e-07
sub-552990,ses-8mo,77,WM-hypointensities,NMI,0.0004257564746948879
sub-552990,ses-8mo,4,Left-Lateral-Ventricle,Dice,0.42897769794940876
sub-552990,ses-8mo,4,Left-Lateral-Ventricle,IoU,0.2730564024390244
sub-552990,ses-8mo,4,Left-Lateral-Ventricle,Hausdorff,27.730849247724095
sub-552990,ses-8mo,4,Left-Lateral-Ventricle,HD95,15.81138801574707
sub-552990,ses-8mo,4,Left-Lateral-Ventricle,MI,0.0024861845943116305
sub-552990,ses-8mo,4,Left-Lateral-Ventricle,NMI,0.34214201049507886
sub-552990,ses-8mo,18,Left-Amygdala,Dice,0.0
sub-552990,ses-8mo,18,Left-Amygdala,IoU,0.0
sub-552990,ses-8mo,18,Left-Amygdala,Hausdorff,27.477263328068172
sub-552990,ses-8mo,18,Left-Amygdala,HD95,24.54484739303588
sub-552990,ses-8mo,18,Left-Amygdala,MI,2.4799197488297245e-08
sub-552990,ses-8mo,18,Left-Amygdala,NMI,1.5567473914710804e-05
sub-552990,ses-8mo,44,Right-Inf-Lat-Vent,Dice,0.0030627871362940277
sub-552990,ses-8mo,44,Right-Inf-Lat-Vent,IoU,0.0015337423312883436
sub-552990,ses-8mo,44,Right-Inf-Lat-Vent,Hausdorff,25.39685019840059
sub-552990,ses-8mo,44,Right-Inf-Lat-Vent,HD95,21.600923156738283
sub-552990,ses-8mo,44,Right-Inf-Lat-Vent,MI,4.5164218519063247e-07
sub-552990,ses-8mo,44,Right-Inf-Lat-Vent,NMI,0.0009088884514159029
sub-552990,ses-8mo,47,Right-Cerebellum-Cortex,Dice,0.06281379906062733
sub-552990,ses-8mo,47,Right-Cerebellum-Cortex,IoU,0.032425276945586286
sub-552990,ses-8mo,47,Right-Cerebellum-Cortex,Hausdorff,41.41255848169731
sub-552990,ses-8mo,47,Right-Cerebellum-Cortex,HD95,31.521419906616188
sub-552990,ses-8mo,47,Right-Cerebellum-Cortex,MI,0.0005321079718362881
sub-552990,ses-8mo,47,Right-Cerebellum-Cortex,NMI,0.016555547037665135
sub-552990,ses-8mo,13,Left-Pallidum,Dice,0.15176797775129122
sub-552990,ses-8mo,13,Left-Pallidum,IoU,0.0821152192605331
sub-552990,ses-8mo,13,Left-Pallidum,Hausdorff,11.357816691600547
sub-552990,ses-8mo,13,Left-Pallidum,HD95,8.5440034866333
sub-552990,ses-8mo,13,Left-Pallidum,MI,0.00015730364451693453
sub-552990,ses-8mo,13,Left-Pallidum,NMI,0.09355399014353415
sub-552990,ses-8mo,60,Right-VentralDC,Dice,0.0
sub-552990,ses-8mo,60,Right-VentralDC,IoU,0.0
sub-552990,ses-8mo,60,Right-VentralDC,Hausdorff,22.715633383201094
sub-552990,ses-8mo,60,Right-VentralDC,HD95,17.591185474395747
sub-552990,ses-8mo,60,Right-VentralDC,MI,1.2941129268456003e-07
sub-552990,ses-8mo,60,Right-VentralDC,NMI,4.016139702895642e-05
sub-552990,ses-8mo,49,Right-Thalamus,Dice,0.3858027109613727
sub-552990,ses-8mo,49,Right-Thalamus,IoU,0.2390059217551694
sub-552990,ses-8mo,49,Right-Thalamus,Hausdorff,21.047565179849187
sub-552990,ses-8mo,49,Right-Thalamus,HD95,15.264337539672852
sub-552990,ses-8mo,49,Right-Thalamus,MI,0.0019158079344629689
sub-552990,ses-8mo,49,Right-Thalamus,NMI,0.27084962251975986
sub-552990,ses-8mo,54,Right-Amygdala,Dice,0.0
sub-552990,ses-8mo,54,Right-Amygdala,IoU,0.0
sub-552990,ses-8mo,54,Right-Amygdala,Hausdorff,21.97726097583591
sub-552990,ses-8mo,54,Right-Amygdala,HD95,19.748416900634766
sub-552990,ses-8mo,54,Right-Amygdala,MI,2.6884364910217517e-08
sub-552990,ses-8mo,54,Right-Amygdala,NMI,1.6172752491038207e-05
sub-552990,ses-8mo,24,CSF,Dice,0.0007639997797478113
sub-552990,ses-8mo,24,CSF,IoU,0.000382145869553991
sub-552990,ses-8mo,24,CSF,Hausdorff,84.20807562223472
sub-552990,ses-8mo,24,CSF,HD95,72.56720733642578
sub-552990,ses-8mo,24,CSF,MI,9.951403655376418e-06
sub-552990,ses-8mo,24,CSF,NMI,0.00011748156787575289
sub-552990,ses-8mo,16,Brain-Stem,Dice,0.08353663666189956
sub-552990,ses-8mo,16,Brain-Stem,IoU,0.04358895570870462
sub-552990,ses-8mo,16,Brain-Stem,Hausdorff,40.06245124802026
sub-552990,ses-8mo,16,Brain-Stem,HD95,34.77067565917969
sub-552990,ses-8mo,16,Brain-Stem,MI,0.0004239226851150393
sub-552990,ses-8mo,16,Brain-Stem,NMI,0.034875664083829055
sub-552990,ses-8mo,50,Right-Caudate,Dice,0.6113951789627465
sub-552990,ses-8mo,50,Right-Caudate,IoU,0.4402945817990531
sub-552990,ses-8mo,50,Right-Caudate,Hausdorff,6.082762530298219
sub-552990,ses-8mo,50,Right-Caudate,HD95,3.0
sub-552990,ses-8mo,50,Right-Caudate,MI,0.0016831989838513224
sub-552990,ses-8mo,50,Right-Caudate,NMI,0.5008598398582507
sub-552990,ses-8mo,30,Left-vessel,Dice,0.0
sub-552990,ses-8mo,30,Left-vessel,IoU,0.0
sub-552990,ses-8mo,30,Left-vessel,Hausdorff,16.401219466856727
sub-552990,ses-8mo,30,Left-vessel,HD95,15.165750503540039
sub-552990,ses-8mo,30,Left-vessel,MI,1.2272078538382199e-10
sub-552990,ses-8mo,30,Left-vessel,NMI,5.814195392680093e-07
sub-552990,ses-8mo,31,Left-choroid-plexus,Dice,0.0
sub-552990,ses-8mo,31,Left-choroid-plexus,IoU,0.0
sub-552990,ses-8mo,31,Left-choroid-plexus,Hausdorff,44.328320518603
sub-552990,ses-8mo,31,Left-choroid-plexus,HD95,11.704699516296387
sub-552990,ses-8mo,31,Left-choroid-plexus,MI,4.009131942796446e-09
sub-552990,ses-8mo,31,Left-choroid-plexus,NMI,4.751906282068858e-06
sub-552990,ses-8mo,28,Left-VentralDC,Dice,0.0
sub-552990,ses-8mo,28,Left-VentralDC,IoU,0.0
sub-552990,ses-8mo,28,Left-VentralDC,Hausdorff,21.97726097583591
sub-552990,ses-8mo,28,Left-VentralDC,HD95,17.492855072021484
sub-552990,ses-8mo,28,Left-VentralDC,MI,1.1745036145342433e-07
sub-552990,ses-8mo,28,Left-VentralDC,NMI,3.7976954211781825e-05
sub-552990,ses-8mo,15,4th-Ventricle,Dice,0.0
sub-552990,ses-8mo,15,4th-Ventricle,IoU,0.0
sub-552990,ses-8mo,15,4th-Ventricle,Hausdorff,41.72529209005013
sub-552990,ses-8mo,15,4th-Ventricle,HD95,30.573673725128174
sub-552990,ses-8mo,15,4th-Ventricle,MI,3.862395008653267e-08
sub-552990,ses-8mo,15,4th-Ventricle,NMI,1.9357499241191642e-05
sub-552990,ses-8mo,2,Left-Cerebral-White-Matter,Dice,0.5048360462373201
sub-552990,ses-8mo,2,Left-Cerebral-White-Matter,IoU,0.3376459450930893
sub-552990,ses-8mo,2,Left-Cerebral-White-Matter,Hausdorff,54.70831746635972
sub-552990,ses-8mo,2,Left-Cerebral-White-Matter,HD95,12.041594505310059
sub-552990,ses-8mo,2,Left-Cerebral-White-Matter,MI,0.03748221399684978
sub-552990,ses-8mo,2,Left-Cerebral-White-Matter,NMI,0.3295835800454719
sub-552990,ses-8mo,41,Right-Cerebral-White-Matter,Dice,0.5105576896865377
sub-552990,ses-8mo,41,Right-Cerebral-White-Matter,IoU,0.342784467818084
sub-552990,ses-8mo,41,Right-Cerebral-White-Matter,Hausdorff,75.80897044545586
sub-552990,ses-8mo,41,Right-Cerebral-White-Matter,HD95,11.357816696166992
sub-552990,ses-8mo,41,Right-Cerebral-White-Matter,MI,0.037995488522023946
sub-552990,ses-8mo,41,Right-Cerebral-White-Matter,NMI,0.3311468067314143
sub-552990,ses-8mo,14,3rd-Ventricle,Dice,0.08185328185328185
sub-552990,ses-8mo,14,3rd-Ventricle,IoU,0.0426731078904992
sub-552990,ses-8mo,14,3rd-Ventricle,Hausdorff,14.798648586948742
sub-552990,ses-8mo,14,3rd-Ventricle,HD95,10.816654205322266
sub-552990,ses-8mo,14,3rd-Ventricle,MI,8.180105548471385e-05
sub-552990,ses-8mo,14,3rd-Ventricle,NMI,0.048120828400119935
sub-552990,ses-8mo,63,Right-choroid-plexus,Dice,0.0031201248049922
sub-552990,ses-8mo,63,Right-choroid-plexus,IoU,0.0015625
sub-552990,ses-8mo,63,Right-choroid-plexus,Hausdorff,48.13522618623496
sub-552990,ses-8mo,63,Right-choroid-plexus,HD95,13.190905570983887
sub-552990,ses-8mo,63,Right-choroid-plexus,MI,8.110771056728432e-07
sub-552990,ses-8mo,63,Right-choroid-plexus,NMI,0.0008979245066693313
sub-552990,ses-8mo,26,Left-Accumbens-area,Dice,0.0
sub-552990,ses-8mo,26,Left-Accumbens-area,IoU,0.0
sub-552990,ses-8mo,26,Left-Accumbens-area,Hausdorff,14.2828568570857
sub-552990,ses-8mo,26,Left-Accumbens-area,HD95,11.375391769409179
sub-552990,ses-8mo,26,Left-Accumbens-area,MI,3.1782284925585894e-09
sub-552990,ses-8mo,26,Left-Accumbens-area,NMI,5.223736692618342e-06
sub-552990,ses-8mo,46,Right-Cerebellum-White-Matter,Dice,0.0
sub-552990,ses-8mo,46,Right-Cerebellum-White-Matter,IoU,0.0
sub-552990,ses-8mo,46,Right-Cerebellum-White-Matter,Hausdorff,41.80908992073375
sub-552990,ses-8mo,46,Right-Cerebellum-White-Matter,HD95,32.14886989593505
sub-552990,ses-8mo,46,Right-Cerebellum-White-Matter,MI,1.5453124853044911e-06
sub-552990,ses-8mo,46,Right-Cerebellum-White-Matter,NMI,0.00015890993526651077
sub-552990,ses-8mo,7,Left-Cerebellum-White-Matter,Dice,0.0
sub-552990,ses-8mo,7,Left-Cerebellum-White-Matter,IoU,0.0
sub-552990,ses-8mo,7,Left-Cerebellum-White-Matter,Hausdorff,41.400483088968905
sub-552990,ses-8mo,7,Left-Cerebellum-White-Matter,HD95,33.660064697265625
sub-552990,ses-8mo,7,Left-Cerebellum-White-Matter,MI,1.4555375422897927e-06
sub-552990,ses-8mo,7,Left-Cerebellum-White-Matter,NMI,0.00015105335447665179
sub-786266,ses-7mo,51,Right-Putamen,Dice,0.5849877906359486
sub-786266,ses-7mo,51,Right-Putamen,IoU,0.4134153661464586
sub-786266,ses-7mo,51,Right-Putamen,Hausdorff,10.295630140987
sub-786266,ses-7mo,51,Right-Putamen,HD95,6.78233003616333
sub-786266,ses-7mo,51,Right-Putamen,MI,0.0025670800388096896
sub-786266,ses-7mo,51,Right-Putamen,NMI,0.4741327844802384
sub-786266,ses-7mo,42,Right-Cerebral-Cortex,Dice,0.2911374425706497
sub-786266,ses-7mo,42,Right-Cerebral-Cortex,IoU,0.17036913899536138
sub-786266,ses-7mo,42,Right-Cerebral-Cortex,Hausdorff,28.75760768909681
sub-786266,ses-7mo,42,Right-Cerebral-Cortex,HD95,8.124038696289062
sub-786266,ses-7mo,42,Right-Cerebral-Cortex,MI,0.013344848966162073
sub-786266,ses-7mo,42,Right-Cerebral-Cortex,NMI,0.11292912674141074
sub-786266,ses-7mo,43,Right-Lateral-Ventricle,Dice,0.3873034362259755
sub-786266,ses-7mo,43,Right-Lateral-Ventricle,IoU,0.24015890213073313
sub-786266,ses-7mo,43,Right-Lateral-Ventricle,Hausdorff,23.366642891095847
sub-786266,ses-7mo,43,Right-Lateral-Ventricle,HD95,8.062257766723633
sub-786266,ses-7mo,43,Right-Lateral-Ventricle,MI,0.001858401553680818
sub-786266,ses-7mo,43,Right-Lateral-Ventricle,NMI,0.32341124828586104
sub-786266,ses-7mo,85,Optic-Chiasm,Dice,0.13636363636363635
sub-786266,ses-7mo,85,Optic-Chiasm,IoU,0.07317073170731707
sub-786266,ses-7mo,85,Optic-Chiasm,Hausdorff,14.966629547095765
sub-786266,ses-7mo,85,Optic-Chiasm,HD95,13.360270118713375
sub-786266,ses-7mo,85,Optic-Chiasm,MI,1.741410967104747e-05
sub-786266,ses-7mo,85,Optic-Chiasm,NMI,0.09499175258671637
sub-786266,ses-7mo,62,Right-vessel,Dice,0.0898876404494382
sub-786266,ses-7mo,62,Right-vessel,IoU,0.047058823529411764
sub-786266,ses-7mo,62,Right-vessel,Hausdorff,11.045361017187261
sub-786266,ses-7mo,62,Right-vessel,HD95,9.685018348693848
sub-786266,ses-7mo,62,Right-vessel,MI,4.843472187037606e-06
sub-786266,ses-7mo,62,Right-vessel,NMI,0.06060276597325487
sub-786266,ses-7mo,5,Left-Inf-Lat-Vent,Dice,0.065439672801636
sub-786266,ses-7mo,5,Left-Inf-Lat-Vent,IoU,0.03382663847780127
sub-786266,ses-7mo,5,Left-Inf-Lat-Vent,Hausdorff,27.820855486487112
sub-786266,ses-7mo,5,Left-Inf-Lat-Vent,HD95,21.494184494018555
sub-786266,ses-7mo,5,Left-Inf-Lat-Vent,MI,2.6393870666332687e-05
sub-786266,ses-7mo,5,Left-Inf-Lat-Vent,NMI,0.03679273898884946
sub-786266,ses-7mo,58,Right-Accumbens-area,Dice,0.021447721179624665
sub-786266,ses-7mo,58,Right-Accumbens-area,IoU,0.01084010840108401
sub-786266,ses-7mo,58,Right-Accumbens-area,Hausdorff,8.94427190999916
sub-786266,ses-7mo,58,Right-Accumbens-area,HD95,6.7082037925720215
sub-786266,ses-7mo,58,Right-Accumbens-area,MI,5.598053529908092e-06
sub-786266,ses-7mo,58,Right-Accumbens-area,NMI,0.00996935326997963
sub-786266,ses-7mo,17,Left-Hippocampus,Dice,0.0868560105680317
sub-786266,ses-7mo,17,Left-Hippocampus,IoU,0.04539962023131366
sub-786266,ses-7mo,17,Left-Hippocampus,Hausdorff,22.360679774997898
sub-786266,ses-7mo,17,Left-Hippocampus,HD95,14.539542198181124
sub-786266,ses-7mo,17,Left-Hippocampus,MI,0.0001665344985456154
sub-786266,ses-7mo,17,Left-Hippocampus,NMI,0.04557966074738497
sub-786266,ses-7mo,53,Right-Hippocampus,Dice,0.08702408702408702
sub-786266,ses-7mo,53,Right-Hippocampus,IoU,0.045491470349309504
sub-786266,ses-7mo,53,Right-Hippocampus,Hausdorff,17.11724276862369
sub-786266,ses-7mo,53,Right-Hippocampus,HD95,9.273618698120117
sub-786266,ses-7mo,53,Right-Hippocampus,MI,0.00017134782863567448
sub-786266,ses-7mo,53,Right-Hippocampus,NMI,0.044236493301210246
sub-786266,ses-7mo,10,Left-Thalamus,Dice,0.7282908483075637
sub-786266,ses-7mo,10,Left-Thalamus,IoU,0.5726866456361724
sub-786266,ses-7mo,10,Left-Thalamus,Hausdorff,9.848857801796104
sub-786266,ses-7mo,10,Left-Thalamus,HD95,5.079215621948215
sub-786266,ses-7mo,10,Left-Thalamus,MI,0.004109313369983084
sub-786266,ses-7mo,10,Left-Thalamus,NMI,0.612734441128521
sub-786266,ses-7mo,12,Left-Putamen,Dice,0.5577147711585431
sub-786266,ses-7mo,12,Left-Putamen,IoU,0.38668826387866295
sub-786266,ses-7mo,12,Left-Putamen,Hausdorff,10.816653826391969
sub-786266,ses-7mo,12,Left-Putamen,HD95,7.681145668029785
sub-786266,ses-7mo,12,Left-Putamen,MI,0.002410740369138774
sub-786266,ses-7mo,12,Left-Putamen,NMI,0.44541061671397336
sub-786266,ses-7mo,52,Right-Pallidum,Dice,0.5319073083778966
sub-786266,ses-7mo,52,Right-Pallidum,IoU,0.3623118018455561
sub-786266,ses-7mo,52,Right-Pallidum,Hausdorff,8.06225774829855
sub-786266,ses-7mo,52,Right-Pallidum,HD95,4.242640495300293
sub-786266,ses-7mo,52,Right-Pallidum,MI,0.0007853441020064126
sub-786266,ses-7mo,52,Right-Pallidum,NMI,0.42379461243406097
sub-786266,ses-7mo,8,Left-Cerebellum-Cortex,Dice,0.20539792387543251
sub-786266,ses-7mo,8,Left-Cerebellum-Cortex,IoU,0.11445318525374056
sub-786266,ses-7mo,8,Left-Cerebellum-Cortex,Hausdorff,28.337254630609507
sub-786266,ses-7mo,8,Left-Cerebellum-Cortex,HD95,20.2237491607666
sub-786266,ses-7mo,8,Left-Cerebellum-Cortex,MI,0.0035258040624379164
sub-786266,ses-7mo,8,Left-Cerebellum-Cortex,NMI,0.09663248108690432
sub-786266,ses-7mo,11,Left-Caudate,Dice,0.5850495804729214
sub-786266,ses-7mo,11,Left-Caudate,IoU,0.41347708894878704
sub-786266,ses-7mo,11,Left-Caudate,Hausdorff,6.082762530298219
sub-786266,ses-7mo,11,Left-Caudate,HD95,2.8284270763397217
sub-786266,ses-7mo,11,Left-Caudate,MI,0.0015386256400948088
sub-786266,ses-7mo,11,Left-Caudate,NMI,0.4761136501645152
sub-786266,ses-7mo,3,Left-Cerebral-Cortex,Dice,0.3117131969996397
sub-786266,ses-7mo,3,Left-Cerebral-Cortex,IoU,0.18463284582078981
sub-786266,ses-7mo,3,Left-Cerebral-Cortex,Hausdorff,33.54101966249684
sub-786266,ses-7mo,3,Left-Cerebral-Cortex,HD95,8.485280990600586
sub-786266,ses-7mo,3,Left-Cerebral-Cortex,MI,0.014985613103356187
sub-786266,ses-7mo,3,Left-Cerebral-Cortex,NMI,0.1267346117326979
sub-786266,ses-7mo,77,WM-hypointensities,Dice,0.0
sub-786266,ses-7mo,77,WM-hypointensities,IoU,0.0
sub-786266,ses-7mo,77,WM-hypointensities,Hausdorff,46.78675026115834
sub-786266,ses-7mo,77,WM-hypointensities,HD95,35.8217788696289
sub-786266,ses-7mo,77,WM-hypointensities,MI,9.781337029397819e-10
sub-786266,ses-7mo,77,WM-hypointensities,NMI,1.5186237269791301e-06
sub-786266,ses-7mo,4,Left-Lateral-Ventricle,Dice,0.39513156766949514
sub-786266,ses-7mo,4,Left-Lateral-Ventricle,IoU,0.24620807519760735
sub-786266,ses-7mo,4,Left-Lateral-Ventricle,Hausdorff,28.460498941515414
sub-786266,ses-7mo,4,Left-Lateral-Ventricle,HD95,9.05538558959961
sub-786266,ses-7mo,4,Left-Lateral-Ventricle,MI,0.002101775319403412
sub-786266,ses-7mo,4,Left-Lateral-Ventricle,NMI,0.32770587169950355
sub-786266,ses-7mo,18,Left-Amygdala,Dice,0.1238244514106583
sub-786266,ses-7mo,18,Left-Amygdala,IoU,0.06599832915622389
sub-786266,ses-7mo,18,Left-Amygdala,Hausdorff,22.847319317591726
sub-786266,ses-7mo,18,Left-Amygdala,HD95,20.248456954956055
sub-786266,ses-7mo,18,Left-Amygdala,MI,0.00012834832661071086
sub-786266,ses-7mo,18,Left-Amygdala,NMI,0.07593248633078499
sub-786266,ses-7mo,44,Right-Inf-Lat-Vent,Dice,0.12643678160919541
sub-786266,ses-7mo,44,Right-Inf-Lat-Vent,IoU,0.06748466257668712
sub-786266,ses-7mo,44,Right-Inf-Lat-Vent,Hausdorff,20.0
sub-786266,ses-7mo,44,Right-Inf-Lat-Vent,HD95,14.16685380935669
sub-786266,ses-7mo,44,Right-Inf-Lat-Vent,MI,3.525337450973594e-05
sub-786266,ses-7mo,44,Right-Inf-Lat-Vent,NMI,0.08811301055356982
sub-786266,ses-7mo,47,Right-Cerebellum-Cortex,Dice,0.19683456433609153
sub-786266,ses-7mo,47,Right-Cerebellum-Cortex,IoU,0.10916056865498805
sub-786266,ses-7mo,47,Right-Cerebellum-Cortex,Hausdorff,28.600699292150182
sub-786266,ses-7mo,47,Right-Cerebellum-Cortex,HD95,21.189620971679688
sub-786266,ses-7mo,47,Right-Cerebellum-Cortex,MI,0.003403956190710355
sub-786266,ses-7mo,47,Right-Cerebellum-Cortex,NMI,0.09042371965137903
sub-786266,ses-7mo,13,Left-Pallidum,Dice,0.5244474212993971
sub-786266,ses-7mo,13,Left-Pallidum,IoU,0.3554244212437585
sub-786266,ses-7mo,13,Left-Pallidum,Hausdorff,8.660254037844387
sub-786266,ses-7mo,13,Left-Pallidum,HD95,4.582575798034668
sub-786266,ses-7mo,13,Left-Pallidum,MI,0.0008183779235082505
sub-786266,ses-7mo,13,Left-Pallidum,NMI,0.4179341752651944
sub-786266,ses-7mo,60,Right-VentralDC,Dice,0.4444852266470912
sub-786266,ses-7mo,60,Right-VentralDC,IoU,0.2857479943369514
sub-786266,ses-7mo,60,Right-VentralDC,Hausdorff,12.165525060596439
sub-786266,ses-7mo,60,Right-VentralDC,HD95,7.8102498054504395
sub-786266,ses-7mo,60,Right-VentralDC,MI,0.0011073129420051695
sub-786266,ses-7mo,60,Right-VentralDC,NMI,0.33041768118857534
sub-786266,ses-7mo,49,Right-Thalamus,Dice,0.7008561356387444
sub-786266,ses-7mo,49,Right-Thalamus,IoU,0.5394753844165913
sub-786266,ses-7mo,49,Right-Thalamus,Hausdorff,10.488088481701515
sub-786266,ses-7mo,49,Right-Thalamus,HD95,6.164413928985596
sub-786266,ses-7mo,49,Right-Thalamus,MI,0.0038820579270283633
sub-786266,ses-7mo,49,Right-Thalamus,NMI,0.5809797845820597
sub-786266,ses-7mo,54,Right-Amygdala,Dice,0.13863725876329264
sub-786266,ses-7mo,54,Right-Amygdala,IoU,0.07448159119763013
sub-786266,ses-7mo,54,Right-Amygdala,Hausdorff,20.248456731316587
sub-786266,ses-7mo,54,Right-Amygdala,HD95,16.5831241607666
sub-786266,ses-7mo,54,Right-Amygdala,MI,0.00014533318092544779
sub-786266,ses-7mo,54,Right-Amygdala,NMI,0.08623471748566734
sub-786266,ses-7mo,24,CSF,Dice,0.00179561245998907
sub-786266,ses-7mo,24,CSF,IoU,0.0008986130103535847
sub-786266,ses-7mo,24,CSF,Hausdorff,83.18653737234169
sub-786266,ses-7mo,24,CSF,HD95,72.54584617614722
sub-786266,ses-7mo,24,CSF,MI,6.538796066743615e-05
sub-786266,ses-7mo,24,CSF,NMI,0.0006970622674404408
sub-786266,ses-7mo,16,Brain-Stem,Dice,0.42473706910852327
sub-786266,ses-7mo,16,Brain-Stem,IoU,0.26962931760741365
sub-786266,ses-7mo,16,Brain-Stem,Hausdorff,29.478805945967352
sub-786266,ses-7mo,16,Brain-Stem,HD95,23.108440399169922
sub-786266,ses-7mo,16,Brain-Stem,MI,0.004355369132139971
sub-786266,ses-7mo,16,Brain-Stem,NMI,0.2920789623661104
sub-786266,ses-7mo,50,Right-Caudate,Dice,0.6504035874439462
sub-786266,ses-7mo,50,Right-Caudate,IoU,0.4819245082402977
sub-786266,ses-7mo,50,Right-Caudate,Hausdorff,5.477225575051661
sub-786266,ses-7mo,50,Right-Caudate,HD95,2.4494898319244385
sub-786266,ses-7mo,50,Right-Caudate,MI,0.001856090519937809
sub-786266,ses-7mo,50,Right-Caudate,NMI,0.5436631179348136
sub-786266,ses-7mo,30,Left-vessel,Dice,0.0
sub-786266,ses-7mo,30,Left-vessel,IoU,0.0
sub-786266,ses-7mo,30,Left-vessel,Hausdorff,16.0
sub-786266,ses-7mo,30,Left-vessel,HD95,14.807133674621578
sub-786266,ses-7mo,30,Left-vessel,MI,6.78704553157077e-12
sub-786266,ses-7mo,30,Left-vessel,NMI,1.1666317506888377e-07
sub-786266,ses-7mo,31,Left-choroid-plexus,Dice,0.0
sub-786266,ses-7mo,31,Left-choroid-plexus,IoU,0.0
sub-786266,ses-7mo,31,Left-choroid-plexus,Hausdorff,10.63014581273465
sub-786266,ses-7mo,31,Left-choroid-plexus,HD95,7.681145668029785
sub-786266,ses-7mo,31,Left-choroid-plexus,MI,2.7842871702600438e-09
sub-786266,ses-7mo,31,Left-choroid-plexus,NMI,4.296802137106615e-06
sub-786266,ses-7mo,28,Left-VentralDC,Dice,0.4406087602078693
sub-786266,ses-7mo,28,Left-VentralDC,IoU,0.28255177338728876
sub-786266,ses-7mo,28,Left-VentralDC,Hausdorff,13.152946437965905
sub-786266,ses-7mo,28,Left-VentralDC,HD95,8.0
sub-786266,ses-7mo,28,Left-VentralDC,MI,0.001086507961296132
sub-786266,ses-7mo,28,Left-VentralDC,NMI,0.3275680579433158
sub-786266,ses-7mo,15,4th-Ventricle,Dice,0.017153578129187885
sub-786266,ses-7mo,15,4th-Ventricle,IoU,0.008650986753176534
sub-786266,ses-7mo,15,4th-Ventricle,Hausdorff,32.71085446759225
sub-786266,ses-7mo,15,4th-Ventricle,HD95,25.078874969482417
sub-786266,ses-7mo,15,4th-Ventricle,MI,1.567786124843021e-05
sub-786266,ses-7mo,15,4th-Ventricle,NMI,0.006652795108661722
sub-786266,ses-7mo,2,Left-Cerebral-White-Matter,Dice,0.5620515785254007
sub-786266,ses-7mo,2,Left-Cerebral-White-Matter,IoU,0.3908704722169543
sub-786266,ses-7mo,2,Left-Cerebral-White-Matter,Hausdorff,25.059928172283335
sub-786266,ses-7mo,2,Left-Cerebral-White-Matter,HD95,5.196152210235596
sub-786266,ses-7mo,2,Left-Cerebral-White-Matter,MI,0.043805540951503366
sub-786266,ses-7mo,2,Left-Cerebral-White-Matter,NMI,0.3742441250861029
sub-786266,ses-7mo,41,Right-Cerebral-White-Matter,Dice,0.5678862282727605
sub-786266,ses-7mo,41,Right-Cerebral-White-Matter,IoU,0.3965370904769988
sub-786266,ses-7mo,41,Right-Cerebral-White-Matter,Hausdorff,33.34666400106613
sub-786266,ses-7mo,41,Right-Cerebral-White-Matter,HD95,5.186438941955001
sub-786266,ses-7mo,41,Right-Cerebral-White-Matter,MI,0.045584941671156384
sub-786266,ses-7mo,41,Right-Cerebral-White-Matter,NMI,0.3800135042789783
sub-786266,ses-7mo,14,3rd-Ventricle,Dice,0.6283737024221453
sub-786266,ses-7mo,14,3rd-Ventricle,IoU,0.4581231079717457
sub-786266,ses-7mo,14,3rd-Ventricle,Hausdorff,11.0
sub-786266,ses-7mo,14,3rd-Ventricle,HD95,3.0
sub-786266,ses-7mo,14,3rd-Ventricle,MI,0.0005615241770071827
sub-786266,ses-7mo,14,3rd-Ventricle,NMI,0.5525144377004523
sub-786266,ses-7mo,63,Right-choroid-plexus,Dice,0.02881844380403458
sub-786266,ses-7mo,63,Right-choroid-plexus,IoU,0.014619883040935672
sub-786266,ses-7mo,63,Right-choroid-plexus,Hausdorff,31.78049716414141
sub-786266,ses-7mo,63,Right-choroid-plexus,HD95,7.071067810058594
sub-786266,ses-7mo,63,Right-choroid-plexus,MI,1.091892645045145e-05
sub-786266,ses-7mo,63,Right-choroid-plexus,NMI,0.01452019867569091
sub-786266,ses-7mo,26,Left-Accumbens-area,Dice,0.01366120218579235
sub-786266,ses-7mo,26,Left-Accumbens-area,IoU,0.0068775790921595595
sub-786266,ses-7mo,26,Left-Accumbens-area,Hausdorff,9.219544457292887
sub-786266,ses-7mo,26,Left-Accumbens-area,HD95,7.8102498054504395
sub-786266,ses-7mo,26,Left-Accumbens-area,MI,3.2045659789433963e-06
sub-786266,ses-7mo,26,Left-Accumbens-area,NMI,0.005809536562592048
sub-786266,ses-7mo,46,Right-Cerebellum-White-Matter,Dice,0.09336511720301947
sub-786266,ses-7mo,46,Right-Cerebellum-White-Matter,IoU,0.04896853511148156
sub-786266,ses-7mo,46,Right-Cerebellum-White-Matter,Hausdorff,29.068883707497267
sub-786266,ses-7mo,46,Right-Cerebellum-White-Matter,HD95,14.21267032623291
sub-786266,ses-7mo,46,Right-Cerebellum-White-Matter,MI,0.0004312559426371729
sub-786266,ses-7mo,46,Right-Cerebellum-White-Matter,NMI,0.04083461646232617
sub-786266,ses-7mo,7,Left-Cerebellum-White-Matter,Dice,0.08734543541173376
sub-786266,ses-7mo,7,Left-Cerebellum-White-Matter,IoU,0.04566712517193948
sub-786266,ses-7mo,7,Left-Cerebellum-White-Matter,Hausdorff,30.23243291566195
sub-786266,ses-7mo,7,Left-Cerebellum-White-Matter,HD95,15.86817703247068
sub-786266,ses-7mo,7,Left-Cerebellum-White-Matter,MI,0.0003794934974675351
sub-786266,ses-7mo,7,Left-Cerebellum-White-Matter,NMI,0.03779167832277281
sub-439083,ses-4mo,51,Right-Putamen,Dice,0.07974291835277315
sub-439083,ses-4mo,51,Right-Putamen,IoU,0.04152720961943721
sub-439083,ses-4mo,51,Right-Putamen,Hausdorff,16.15549442140351
sub-439083,ses-4mo,51,Right-Putamen,HD95,12.810141181945779
sub-439083,ses-4mo,51,Right-Putamen,MI,0.00019127585061647708
sub-439083,ses-4mo,51,Right-Putamen,NMI,0.03914898208257225
sub-439083,ses-4mo,42,Right-Cerebral-Cortex,Dice,0.24233967574435997
sub-439083,ses-4mo,42,Right-Cerebral-Cortex,IoU,0.1378762849681946
sub-439083,ses-4mo,42,Right-Cerebral-Cortex,Hausdorff,51.07837115648854
sub-439083,ses-4mo,42,Right-Cerebral-Cortex,HD95,21.599765586852758
sub-439083,ses-4mo,42,Right-Cerebral-Cortex,MI,0.009662905275813
sub-439083,ses-4mo,42,Right-Cerebral-Cortex,NMI,0.08766602058468337
sub-439083,ses-4mo,43,Right-Lateral-Ventricle,Dice,0.21047479197258934
sub-439083,ses-4mo,43,Right-Lateral-Ventricle,IoU,0.11761487964989059
sub-439083,ses-4mo,43,Right-Lateral-Ventricle,Hausdorff,41.54515615568198
sub-439083,ses-4mo,43,Right-Lateral-Ventricle,HD95,16.133809280395486
sub-439083,ses-4mo,43,Right-Lateral-Ventricle,MI,0.001012213449900442
sub-439083,ses-4mo,43,Right-Lateral-Ventricle,NMI,0.13069566836962845
sub-439083,ses-4mo,5,Left-Inf-Lat-Vent,Dice,0.030601092896174863
sub-439083,ses-4mo,5,Left-Inf-Lat-Vent,IoU,0.01553829078801332
sub-439083,ses-4mo,5,Left-Inf-Lat-Vent,Hausdorff,37.36308338453881
sub-439083,ses-4mo,5,Left-Inf-Lat-Vent,HD95,29.168459320068354
sub-439083,ses-4mo,5,Left-Inf-Lat-Vent,MI,1.0112833872459026e-05
sub-439083,ses-4mo,5,Left-Inf-Lat-Vent,NMI,0.014966293382306484
sub-439083,ses-4mo,58,Right-Accumbens-area,Dice,0.0
sub-439083,ses-4mo,58,Right-Accumbens-area,IoU,0.0
sub-439083,ses-4mo,58,Right-Accumbens-area,Hausdorff,20.8806130178211
sub-439083,ses-4mo,58,Right-Accumbens-area,HD95,20.254626274108887
sub-439083,ses-4mo,58,Right-Accumbens-area,MI,8.597937928436035e-10
sub-439083,ses-4mo,58,Right-Accumbens-area,NMI,2.310468776148781e-06
sub-439083,ses-4mo,17,Left-Hippocampus,Dice,0.06581532416502947
sub-439083,ses-4mo,17,Left-Hippocampus,IoU,0.0340274250888776
sub-439083,ses-4mo,17,Left-Hippocampus,Hausdorff,37.53664875824692
sub-439083,ses-4mo,17,Left-Hippocampus,HD95,32.38827133178711
sub-439083,ses-4mo,17,Left-Hippocampus,MI,8.811815467766433e-05
sub-439083,ses-4mo,17,Left-Hippocampus,NMI,0.03443389795024791
sub-439083,ses-4mo,53,Right-Hippocampus,Dice,0.07070457354758962
sub-439083,ses-4mo,53,Right-Hippocampus,IoU,0.036647872885699644
sub-439083,ses-4mo,53,Right-Hippocampus,Hausdorff,41.0
sub-439083,ses-4mo,53,Right-Hippocampus,HD95,35.96104812622069
sub-439083,ses-4mo,53,Right-Hippocampus,MI,9.515502645144084e-05
sub-439083,ses-4mo,53,Right-Hippocampus,NMI,0.037358141693578845
sub-439083,ses-4mo,10,Left-Thalamus,Dice,0.4966292134831461
sub-439083,ses-4mo,10,Left-Thalamus,IoU,0.3303437967115097
sub-439083,ses-4mo,10,Left-Thalamus,Hausdorff,17.26267650163207
sub-439083,ses-4mo,10,Left-Thalamus,HD95,9.380831718444824
sub-439083,ses-4mo,10,Left-Thalamus,MI,0.0028553165477790176
sub-439083,ses-4mo,10,Left-Thalamus,NMI,0.36557629795024854
sub-439083,ses-4mo,12,Left-Putamen,Dice,0.13761587674631154
sub-439083,ses-4mo,12,Left-Putamen,IoU,0.07389231632080763
sub-439083,ses-4mo,12,Left-Putamen,Hausdorff,18.05547008526779
sub-439083,ses-4mo,12,Left-Putamen,HD95,13.59042768478393
sub-439083,ses-4mo,12,Left-Putamen,MI,0.0003573693682480439
sub-439083,ses-4mo,12,Left-Putamen,NMI,0.07960933108532567
sub-439083,ses-4mo,52,Right-Pallidum,Dice,0.0
sub-439083,ses-4mo,52,Right-Pallidum,IoU,0.0
sub-439083,ses-4mo,52,Right-Pallidum,Hausdorff,18.411952639521967
sub-439083,ses-4mo,52,Right-Pallidum,HD95,15.308486270904538
sub-439083,ses-4mo,52,Right-Pallidum,MI,2.26317705015488e-08
sub-439083,ses-4mo,52,Right-Pallidum,NMI,1.4968248679577725e-05
sub-439083,ses-4mo,8,Left-Cerebellum-Cortex,Dice,0.0
sub-439083,ses-4mo,8,Left-Cerebellum-Cortex,IoU,0.0
sub-439083,ses-4mo,8,Left-Cerebellum-Cortex,Hausdorff,57.59340239992772
sub-439083,ses-4mo,8,Left-Cerebellum-Cortex,HD95,50.0099983215332
sub-439083,ses-4mo,8,Left-Cerebellum-Cortex,MI,2.448606938630117e-05
sub-439083,ses-4mo,8,Left-Cerebellum-Cortex,NMI,0.0007539441966052261
sub-439083,ses-4mo,11,Left-Caudate,Dice,0.35783322094852776
sub-439083,ses-4mo,11,Left-Caudate,IoU,0.2179030933479332
sub-439083,ses-4mo,11,Left-Caudate,Hausdorff,15.84297951775486
sub-439083,ses-4mo,11,Left-Caudate,HD95,9.861517190933228
sub-439083,ses-4mo,11,Left-Caudate,MI,0.0007140321618337623
sub-439083,ses-4mo,11,Left-Caudate,NMI,0.25521063948257466
sub-439083,ses-4mo,3,Left-Cerebral-Cortex,Dice,0.2655294953802417
sub-439083,ses-4mo,3,Left-Cerebral-Cortex,IoU,0.15308965743320768
sub-439083,ses-4mo,3,Left-Cerebral-Cortex,Hausdorff,56.72741841473134
sub-439083,ses-4mo,3,Left-Cerebral-Cortex,HD95,26.551836013793945
sub-439083,ses-4mo,3,Left-Cerebral-Cortex,MI,0.011093998235863135
sub-439083,ses-4mo,3,Left-Cerebral-Cortex,NMI,0.10199752397540282
sub-439083,ses-4mo,4,Left-Lateral-Ventricle,Dice,0.38566490813170823
sub-439083,ses-4mo,4,Left-Lateral-Ventricle,IoU,0.23890015776425513
sub-439083,ses-4mo,4,Left-Lateral-Ventricle,Hausdorff,48.02082881417188
sub-439083,ses-4mo,4,Left-Lateral-Ventricle,HD95,21.67948341369629
sub-439083,ses-4mo,4,Left-Lateral-Ventricle,MI,0.0023800722191903677
sub-439083,ses-4mo,4,Left-Lateral-Ventricle,NMI,0.2694459325998003
sub-439083,ses-4mo,18,Left-Amygdala,Dice,0.0
sub-439083,ses-4mo,18,Left-Amygdala,IoU,0.0
sub-439083,ses-4mo,18,Left-Amygdala,Hausdorff,36.796738985948195
sub-439083,ses-4mo,18,Left-Amygdala,HD95,34.05135993957519
sub-439083,ses-4mo,18,Left-Amygdala,MI,8.96465325269432e-09
sub-439083,ses-4mo,18,Left-Amygdala,NMI,8.836551662975387e-06
sub-439083,ses-4mo,44,Right-Inf-Lat-Vent,Dice,0.0
sub-439083,ses-4mo,44,Right-Inf-Lat-Vent,IoU,0.0
sub-439083,ses-4mo,44,Right-Inf-Lat-Vent,Hausdorff,38.157568056677825
sub-439083,ses-4mo,44,Right-Inf-Lat-Vent,HD95,33.884303665161134
sub-439083,ses-4mo,44,Right-Inf-Lat-Vent,MI,2.3558903409104815e-09
sub-439083,ses-4mo,44,Right-Inf-Lat-Vent,NMI,4.43939764298158e-06
sub-439083,ses-4mo,47,Right-Cerebellum-Cortex,Dice,0.0
sub-439083,ses-4mo,47,Right-Cerebellum-Cortex,IoU,0.0
sub-439083,ses-4mo,47,Right-Cerebellum-Cortex,Hausdorff,53.49766350038102
sub-439083,ses-4mo,47,Right-Cerebellum-Cortex,HD95,46.708672332763676
sub-439083,ses-4mo,47,Right-Cerebellum-Cortex,MI,2.234676637122464e-05
sub-439083,ses-4mo,47,Right-Cerebellum-Cortex,NMI,0.0007120298397691881
sub-439083,ses-4mo,13,Left-Pallidum,Dice,0.0018450184501845018
sub-439083,ses-4mo,13,Left-Pallidum,IoU,0.0009233610341643582
sub-439083,ses-4mo,13,Left-Pallidum,Hausdorff,16.583123951777
sub-439083,ses-4mo,13,Left-Pallidum,HD95,11.87434196472168
sub-439083,ses-4mo,13,Left-Pallidum,MI,4.4648638597780545e-07
sub-439083,ses-4mo,13,Left-Pallidum,NMI,0.00030370969788699525
sub-439083,ses-4mo,60,Right-VentralDC,Dice,0.00441257584114727
sub-439083,ses-4mo,60,Right-VentralDC,IoU,0.002211166390270868
sub-439083,ses-4mo,60,Right-VentralDC,Hausdorff,30.331501776206203
sub-439083,ses-4mo,60,Right-VentralDC,HD95,25.01999282836914
sub-439083,ses-4mo,60,Right-VentralDC,MI,3.339775241863231e-06
sub-439083,ses-4mo,60,Right-VentralDC,NMI,0.00102220412213452
sub-439083,ses-4mo,49,Right-Thalamus,Dice,0.4754974754974755
sub-439083,ses-4mo,49,Right-Thalamus,IoU,0.31190337034872395
sub-439083,ses-4mo,49,Right-Thalamus,Hausdorff,16.0312195418814
sub-439083,ses-4mo,49,Right-Thalamus,HD95,11.0
sub-439083,ses-4mo,49,Right-Thalamus,MI,0.0025838364366357527
sub-439083,ses-4mo,49,Right-Thalamus,NMI,0.34751500945204167
sub-439083,ses-4mo,54,Right-Amygdala,Dice,0.0
sub-439083,ses-4mo,54,Right-Amygdala,IoU,0.0
sub-439083,ses-4mo,54,Right-Amygdala,Hausdorff,40.099875311526844
sub-439083,ses-4mo,54,Right-Amygdala,HD95,37.13218727111816
sub-439083,ses-4mo,54,Right-Amygdala,MI,1.0981922163256965e-08
sub-439083,ses-4mo,54,Right-Amygdala,NMI,9.959846872136107e-06
sub-439083,ses-4mo,16,Brain-Stem,Dice,0.0
sub-439083,ses-4mo,16,Brain-Stem,IoU,0.0
sub-439083,ses-4mo,16,Brain-Stem,Hausdorff,44.654227123532216
sub-439083,ses-4mo,16,Brain-Stem,HD95,39.0
sub-439083,ses-4mo,16,Brain-Stem,MI,2.0929495739329187e-06
sub-439083,ses-4mo,16,Brain-Stem,NMI,0.00018958558024258112
sub-439083,ses-4mo,50,Right-Caudate,Dice,0.10287751464222053
sub-439083,ses-4mo,50,Right-Caudate,IoU,0.054228187919463086
sub-439083,ses-4mo,50,Right-Caudate,Hausdorff,18.275666882497067
sub-439083,ses-4mo,50,Right-Caudate,HD95,11.836241436004615
sub-439083,ses-4mo,50,Right-Caudate,MI,0.0001423665871037714
sub-439083,ses-4mo,50,Right-Caudate,NMI,0.05697145350831083
sub-439083,ses-4mo,31,Left-choroid-plexus,Dice,0.0
sub-439083,ses-4mo,31,Left-choroid-plexus,IoU,0.0
sub-439083,ses-4mo,31,Left-choroid-plexus,Hausdorff,49.01020301937138
sub-439083,ses-4mo,31,Left-choroid-plexus,HD95,33.63034439086914
sub-439083,ses-4mo,31,Left-choroid-plexus,MI,6.413235702383752e-10
sub-439083,ses-4mo,31,Left-choroid-plexus,NMI,2.1701851930864024e-06
sub-439083,ses-4mo,28,Left-VentralDC,Dice,0.0015261350629530714
sub-439083,ses-4mo,28,Left-VentralDC,IoU,0.0007636502481863307
sub-439083,ses-4mo,28,Left-VentralDC,Hausdorff,31.160872901765767
sub-439083,ses-4mo,28,Left-VentralDC,HD95,25.241829490661623
sub-439083,ses-4mo,28,Left-VentralDC,MI,6.218398601403973e-07
sub-439083,ses-4mo,28,Left-VentralDC,NMI,0.0001970951888631268
sub-439083,ses-4mo,15,4th-Ventricle,Dice,0.0
sub-439083,ses-4mo,15,4th-Ventricle,IoU,0.0
sub-439083,ses-4mo,15,4th-Ventricle,Hausdorff,57.57603668193913
sub-439083,ses-4mo,15,4th-Ventricle,HD95,51.97354698181152
sub-439083,ses-4mo,15,4th-Ventricle,MI,2.4719686699990143e-08
sub-439083,ses-4mo,15,4th-Ventricle,NMI,1.476345109913058e-05
sub-439083,ses-4mo,2,Left-Cerebral-White-Matter,Dice,0.5154379475075743
sub-439083,ses-4mo,2,Left-Cerebral-White-Matter,IoU,0.347198654742796
sub-439083,ses-4mo,2,Left-Cerebral-White-Matter,Hausdorff,57.99137866959192
sub-439083,ses-4mo,2,Left-Cerebral-White-Matter,HD95,24.041629791259766
sub-439083,ses-4mo,2,Left-Cerebral-White-Matter,MI,0.03572388989836579
sub-439083,ses-4mo,2,Left-Cerebral-White-Matter,NMI,0.31366333000135765
sub-439083,ses-4mo,41,Right-Cerebral-White-Matter,Dice,0.5109781002132436
sub-439083,ses-4mo,41,Right-Cerebral-White-Matter,IoU,0.3431635896600454
sub-439083,ses-4mo,41,Right-Cerebral-White-Matter,Hausdorff,50.368641037852115
sub-439083,ses-4mo,41,Right-Cerebral-White-Matter,HD95,19.87460708618164
sub-439083,ses-4mo,41,Right-Cerebral-White-Matter,MI,0.03565638374584507
sub-439083,ses-4mo,41,Right-Cerebral-White-Matter,NMI,0.31204704373752257
sub-439083,ses-4mo,14,3rd-Ventricle,Dice,0.26917367639782286
sub-439083,ses-4mo,14,3rd-Ventricle,IoU,0.15551743853630645
sub-439083,ses-4mo,14,3rd-Ventricle,Hausdorff,26.019223662515376
sub-439083,ses-4mo,14,3rd-Ventricle,HD95,19.70784339904785
sub-439083,ses-4mo,14,3rd-Ventricle,MI,0.0002668771787831984
sub-439083,ses-4mo,14,3rd-Ventricle,NMI,0.19462659540030955
sub-439083,ses-4mo,63,Right-choroid-plexus,Dice,0.0
sub-439083,ses-4mo,63,Right-choroid-plexus,IoU,0.0
sub-439083,ses-4mo,63,Right-choroid-plexus,Hausdorff,49.34571916590131
sub-439083,ses-4mo,63,Right-choroid-plexus,HD95,36.791975784301755
sub-439083,ses-4mo,63,Right-choroid-plexus,MI,6.916129898667492e-10
sub-439083,ses-4mo,63,Right-choroid-plexus,NMI,2.214201846262645e-06
sub-439083,ses-4mo,26,Left-Accumbens-area,Dice,0.0
sub-439083,ses-4mo,26,Left-Accumbens-area,IoU,0.0
sub-439083,ses-4mo,26,Left-Accumbens-area,Hausdorff,22.338307903688676
sub-439083,ses-4mo,26,Left-Accumbens-area,HD95,20.880613327026367
sub-439083,ses-4mo,26,Left-Accumbens-area,MI,1.2765398793633618e-09
sub-439083,ses-4mo,26,Left-Accumbens-area,NMI,2.651129096913131e-06
sub-439083,ses-4mo,46,Right-Cerebellum-White-Matter,Dice,0.0
sub-439083,ses-4mo,46,Right-Cerebellum-White-Matter,IoU,0.0
sub-439083,ses-4mo,46,Right-Cerebellum-White-Matter,Hausdorff,48.95916665957459
sub-439083,ses-4mo,46,Right-Cerebellum-White-Matter,HD95,42.55584716796875
sub-439083,ses-4mo,46,Right-Cerebellum-White-Matter,MI,1.1100885647799888e-06
sub-439083,ses-4mo,46,Right-Cerebellum-White-Matter,NMI,0.0001261670194210501
sub-439083,ses-4mo,7,Left-Cerebellum-White-Matter,Dice,0.0
sub-439083,ses-4mo,7,Left-Cerebellum-White-Matter,IoU,0.0
sub-439083,ses-4mo,7,Left-Cerebellum-White-Matter,Hausdorff,47.67598976424087
sub-439083,ses-4mo,7,Left-Cerebellum-White-Matter,HD95,42.638598060607904
sub-439083,ses-4mo,7,Left-Cerebellum-White-Matter,MI,1.1076403984107072e-06
sub-439083,ses-4mo,7,Left-Cerebellum-White-Matter,NMI,0.00012445802598057076
sub-439083,ses-7mo,51,Right-Putamen,Dice,0.3779683377308707
sub-439083,ses-7mo,51,Right-Putamen,IoU,0.2330215534770232
sub-439083,ses-7mo,51,Right-Putamen,Hausdorff,14.798648586948742
sub-439083,ses-7mo,51,Right-Putamen,HD95,10.816654205322266
sub-439083,ses-7mo,51,Right-Putamen,MI,0.0014178763785134007
sub-439083,ses-7mo,51,Right-Putamen,NMI,0.2701253927583719
sub-439083,ses-7mo,42,Right-Cerebral-Cortex,Dice,0.3174265499040187
sub-439083,ses-7mo,42,Right-Cerebral-Cortex,IoU,0.18865538968650153
sub-439083,ses-7mo,42,Right-Cerebral-Cortex,Hausdorff,35.014282800023196
sub-439083,ses-7mo,42,Right-Cerebral-Cortex,HD95,11.045360565185547
sub-439083,ses-7mo,42,Right-Cerebral-Cortex,MI,0.01611926610198739
sub-439083,ses-7mo,42,Right-Cerebral-Cortex,NMI,0.12739594714036043
sub-439083,ses-7mo,43,Right-Lateral-Ventricle,Dice,0.479786225325403
sub-439083,ses-7mo,43,Right-Lateral-Ventricle,IoU,0.31560444545248356
sub-439083,ses-7mo,43,Right-Lateral-Ventricle,Hausdorff,22.9128784747792
sub-439083,ses-7mo,43,Right-Lateral-Ventricle,HD95,7.874007701873779
sub-439083,ses-7mo,43,Right-Lateral-Ventricle,MI,0.0025617760495240515
sub-439083,ses-7mo,43,Right-Lateral-Ventricle,NMI,0.39847064462834403
sub-439083,ses-7mo,85,Optic-Chiasm,Dice,0.0
sub-439083,ses-7mo,85,Optic-Chiasm,IoU,0.0
sub-439083,ses-7mo,85,Optic-Chiasm,Hausdorff,21.400934559032695
sub-439083,ses-7mo,85,Optic-Chiasm,HD95,17.804492950439453
sub-439083,ses-7mo,85,Optic-Chiasm,MI,4.573659570511609e-10
sub-439083,ses-7mo,85,Optic-Chiasm,NMI,1.6046615160988274e-06
sub-439083,ses-7mo,62,Right-vessel,Dice,0.0
sub-439083,ses-7mo,62,Right-vessel,IoU,0.0
sub-439083,ses-7mo,62,Right-vessel,Hausdorff,13.341664064126334
sub-439083,ses-7mo,62,Right-vessel,HD95,12.481732845306395
sub-439083,ses-7mo,62,Right-vessel,MI,1.0758862126669568e-10
sub-439083,ses-7mo,62,Right-vessel,NMI,6.419589668921373e-07
sub-439083,ses-7mo,5,Left-Inf-Lat-Vent,Dice,0.09566517189835576
sub-439083,ses-7mo,5,Left-Inf-Lat-Vent,IoU,0.05023547880690738
sub-439083,ses-7mo,5,Left-Inf-Lat-Vent,Hausdorff,23.853720883753127
sub-439083,ses-7mo,5,Left-Inf-Lat-Vent,HD95,21.931713104248047
sub-439083,ses-7mo,5,Left-Inf-Lat-Vent,MI,2.9933788956574136e-05
sub-439083,ses-7mo,5,Left-Inf-Lat-Vent,NMI,0.058907263509168306
sub-439083,ses-7mo,58,Right-Accumbens-area,Dice,0.0
sub-439083,ses-7mo,58,Right-Accumbens-area,IoU,0.0
sub-439083,ses-7mo,58,Right-Accumbens-area,Hausdorff,13.601470508735444
sub-439083,ses-7mo,58,Right-Accumbens-area,HD95,10.65126552581787
sub-439083,ses-7mo,58,Right-Accumbens-area,MI,1.6523620768768262e-09
sub-439083,ses-7mo,58,Right-Accumbens-area,NMI,3.5937321778843216e-06
sub-439083,ses-7mo,17,Left-Hippocampus,Dice,0.00039269585705870805
sub-439083,ses-7mo,17,Left-Hippocampus,IoU,0.00019638648860958367
sub-439083,ses-7mo,17,Left-Hippocampus,Hausdorff,27.313000567495326
sub-439083,ses-7mo,17,Left-Hippocampus,HD95,21.563858032226562
sub-439083,ses-7mo,17,Left-Hippocampus,MI,3.967766104586597e-09
sub-439083,ses-7mo,17,Left-Hippocampus,NMI,1.2667138850814483e-06
sub-439083,ses-7mo,53,Right-Hippocampus,Dice,0.004108309990662932
sub-439083,ses-7mo,53,Right-Hippocampus,IoU,0.0020583832335329343
sub-439083,ses-7mo,53,Right-Hippocampus,Hausdorff,25.317977802344327
sub-439083,ses-7mo,53,Right-Hippocampus,HD95,19.738255214691172
sub-439083,ses-7mo,53,Right-Hippocampus,MI,2.4113635098128382e-06
sub-439083,ses-7mo,53,Right-Hippocampus,NMI,0.0007344023155409628
sub-439083,ses-7mo,10,Left-Thalamus,Dice,0.516823495865412
sub-439083,ses-7mo,10,Left-Thalamus,IoU,0.34845717581466884
sub-439083,ses-7mo,10,Left-Thalamus,Hausdorff,18.681541692269406
sub-439083,ses-7mo,10,Left-Thalamus,HD95,11.180339813232422
sub-439083,ses-7mo,10,Left-Thalamus,MI,0.002995699374743749
sub-439083,ses-7mo,10,Left-Thalamus,NMI,0.38919104419460654
sub-439083,ses-7mo,12,Left-Putamen,Dice,0.3583247746205637
sub-439083,ses-7mo,12,Left-Putamen,IoU,0.2182677603225358
sub-439083,ses-7mo,12,Left-Putamen,Hausdorff,16.76305461424021
sub-439083,ses-7mo,12,Left-Putamen,HD95,11.575837135314941
sub-439083,ses-7mo,12,Left-Putamen,MI,0.001284135701426833
sub-439083,ses-7mo,12,Left-Putamen,NMI,0.25278058498605016
sub-439083,ses-7mo,52,Right-Pallidum,Dice,0.15537332757876565
sub-439083,ses-7mo,52,Right-Pallidum,IoU,0.08423022929340196
sub-439083,ses-7mo,52,Right-Pallidum,Hausdorff,9.9498743710662
sub-439083,ses-7mo,52,Right-Pallidum,HD95,8.306623458862305
sub-439083,ses-7mo,52,Right-Pallidum,MI,0.00015057359791887542
sub-439083,ses-7mo,52,Right-Pallidum,NMI,0.09638345770449108
sub-439083,ses-7mo,8,Left-Cerebellum-Cortex,Dice,0.1546936861846218
sub-439083,ses-7mo,8,Left-Cerebellum-Cortex,IoU,0.0838308984402569
sub-439083,ses-7mo,8,Left-Cerebellum-Cortex,Hausdorff,32.817678162843876
sub-439083,ses-7mo,8,Left-Cerebellum-Cortex,HD95,23.526577949523926
sub-439083,ses-7mo,8,Left-Cerebellum-Cortex,MI,0.0021320056355997215
sub-439083,ses-7mo,8,Left-Cerebellum-Cortex,NMI,0.06447447304570036
sub-439083,ses-7mo,11,Left-Caudate,Dice,0.678872659946513
sub-439083,ses-7mo,11,Left-Caudate,IoU,0.513858611024603
sub-439083,ses-7mo,11,Left-Caudate,Hausdorff,7.874007874011811
sub-439083,ses-7mo,11,Left-Caudate,HD95,4.358899116516113
sub-439083,ses-7mo,11,Left-Caudate,MI,0.0017223436665465977
sub-439083,ses-7mo,11,Left-Caudate,NMI,0.5688185643068713
sub-439083,ses-7mo,3,Left-Cerebral-Cortex,Dice,0.3239363966445474
sub-439083,ses-7mo,3,Left-Cerebral-Cortex,IoU,0.19327213835801452
sub-439083,ses-7mo,3,Left-Cerebral-Cortex,Hausdorff,40.3732584763727
sub-439083,ses-7mo,3,Left-Cerebral-Cortex,HD95,13.34166431427002
sub-439083,ses-7mo,3,Left-Cerebral-Cortex,MI,0.016689414794303525
sub-439083,ses-7mo,3,Left-Cerebral-Cortex,NMI,0.13195783821257387
sub-439083,ses-7mo,4,Left-Lateral-Ventricle,Dice,0.6259019656631003
sub-439083,ses-7mo,4,Left-Lateral-Ventricle,IoU,0.45550022634676324
sub-439083,ses-7mo,4,Left-Lateral-Ventricle,Hausdorff,25.337718918639855
sub-439083,ses-7mo,4,Left-Lateral-Ventricle,HD95,9.09667158126831
sub-439083,ses-7mo,4,Left-Lateral-Ventricle,MI,0.004555960533161518
sub-439083,ses-7mo,4,Left-Lateral-Ventricle,NMI,0.5284887596057778
sub-439083,ses-7mo,18,Left-Amygdala,Dice,0.030037546933667083
sub-439083,ses-7mo,18,Left-Amygdala,IoU,0.015247776365946633
sub-439083,ses-7mo,18,Left-Amygdala,Hausdorff,23.280893453645632
sub-439083,ses-7mo,18,Left-Amygdala,HD95,20.291598320007324
sub-439083,ses-7mo,18,Left-Amygdala,MI,2.1487766249069748e-05
sub-439083,ses-7mo,18,Left-Amygdala,NMI,0.013391921042493175
sub-439083,ses-7mo,44,Right-Inf-Lat-Vent,Dice,0.1203883495145631
sub-439083,ses-7mo,44,Right-Inf-Lat-Vent,IoU,0.0640495867768595
sub-439083,ses-7mo,44,Right-Inf-Lat-Vent,Hausdorff,25.059928172283335
sub-439083,ses-7mo,44,Right-Inf-Lat-Vent,HD95,23.308787059783935
sub-439083,ses-7mo,44,Right-Inf-Lat-Vent,MI,3.177506567519827e-05
sub-439083,ses-7mo,44,Right-Inf-Lat-Vent,NMI,0.07971316381201488
sub-439083,ses-7mo,47,Right-Cerebellum-Cortex,Dice,0.17349822405434134
sub-439083,ses-7mo,47,Right-Cerebellum-Cortex,IoU,0.09498935415188077
sub-439083,ses-7mo,47,Right-Cerebellum-Cortex,Hausdorff,31.304951684997057
sub-439083,ses-7mo,47,Right-Cerebellum-Cortex,HD95,22.203603744506836
sub-439083,ses-7mo,47,Right-Cerebellum-Cortex,MI,0.0025146606440193814
sub-439083,ses-7mo,47,Right-Cerebellum-Cortex,NMI,0.07571321834907446
sub-439083,ses-7mo,13,Left-Pallidum,Dice,0.15924320063066613
sub-439083,ses-7mo,13,Left-Pallidum,IoU,0.08650963597430407
sub-439083,ses-7mo,13,Left-Pallidum,Hausdorff,12.041594578792296
sub-439083,ses-7mo,13,Left-Pallidum,HD95,8.124038696289062
sub-439083,ses-7mo,13,Left-Pallidum,MI,0.00016731377181378583
sub-439083,ses-7mo,13,Left-Pallidum,NMI,0.09874132846767583
sub-439083,ses-7mo,60,Right-VentralDC,Dice,0.030081470649676208
sub-439083,ses-7mo,60,Right-VentralDC,IoU,0.015270413573700955
sub-439083,ses-7mo,60,Right-VentralDC,Hausdorff,18.275666882497067
sub-439083,ses-7mo,60,Right-VentralDC,HD95,13.56466007232666
sub-439083,ses-7mo,60,Right-VentralDC,MI,3.540325176230179e-05
sub-439083,ses-7mo,60,Right-VentralDC,NMI,0.011853255251601219
sub-439083,ses-7mo,49,Right-Thalamus,Dice,0.5063855063855064
sub-439083,ses-7mo,49,Right-Thalamus,IoU,0.33903360509047525
sub-439083,ses-7mo,49,Right-Thalamus,Hausdorff,17.74823934929885
sub-439083,ses-7mo,49,Right-Thalamus,HD95,12.083045959472656
sub-439083,ses-7mo,49,Right-Thalamus,MI,0.002817536143029673
sub-439083,ses-7mo,49,Right-Thalamus,NMI,0.3792698555304003
sub-439083,ses-7mo,54,Right-Amygdala,Dice,0.0
sub-439083,ses-7mo,54,Right-Amygdala,IoU,0.0
sub-439083,ses-7mo,54,Right-Amygdala,Hausdorff,27.85677655436824
sub-439083,ses-7mo,54,Right-Amygdala,HD95,23.019555664062498
sub-439083,ses-7mo,54,Right-Amygdala,MI,2.2481436966431765e-08
sub-439083,ses-7mo,54,Right-Amygdala,NMI,1.4412104479295157e-05
sub-439083,ses-7mo,24,CSF,Dice,0.0013010224619595845
sub-439083,ses-7mo,24,CSF,IoU,0.0006509346712941032
sub-439083,ses-7mo,24,CSF,Hausdorff,87.94316346368261
sub-439083,ses-7mo,24,CSF,HD95,72.74613189697266
sub-439083,ses-7mo,24,CSF,MI,3.457356944527141e-05
sub-439083,ses-7mo,24,CSF,NMI,0.00038840061983950644
sub-439083,ses-7mo,16,Brain-Stem,Dice,0.23112627986348122
sub-439083,ses-7mo,16,Brain-Stem,IoU,0.13066296210542563
sub-439083,ses-7mo,16,Brain-Stem,Hausdorff,34.539832078341085
sub-439083,ses-7mo,16,Brain-Stem,HD95,28.44292449951172
sub-439083,ses-7mo,16,Brain-Stem,MI,0.001941821346844228
sub-439083,ses-7mo,16,Brain-Stem,NMI,0.1339646019372536
sub-439083,ses-7mo,50,Right-Caudate,Dice,0.6567662892147763
sub-439083,ses-7mo,50,Right-Caudate,IoU,0.48894416804864566
sub-439083,ses-7mo,50,Right-Caudate,Hausdorff,6.4031242374328485
sub-439083,ses-7mo,50,Right-Caudate,HD95,3.605551242828369
sub-439083,ses-7mo,50,Right-Caudate,MI,0.0018044861575673126
sub-439083,ses-7mo,50,Right-Caudate,NMI,0.5440474446702886
sub-439083,ses-7mo,30,Left-vessel,Dice,0.0
sub-439083,ses-7mo,30,Left-vessel,IoU,0.0
sub-439083,ses-7mo,30,Left-vessel,Hausdorff,16.822603841260722
sub-439083,ses-7mo,30,Left-vessel,HD95,15.29705810546875
sub-439083,ses-7mo,30,Left-vessel,MI,4.453323212310397e-11
sub-439083,ses-7mo,30,Left-vessel,NMI,2.121803275889276e-07
sub-439083,ses-7mo,31,Left-choroid-plexus,Dice,0.010040160642570281
sub-439083,ses-7mo,31,Left-choroid-plexus,IoU,0.005045408678102927
sub-439083,ses-7mo,31,Left-choroid-plexus,Hausdorff,29.359836511806396
sub-439083,ses-7mo,31,Left-choroid-plexus,HD95,10.224940681457518
sub-439083,ses-7mo,31,Left-choroid-plexus,MI,2.8724970824054876e-06
sub-439083,ses-7mo,31,Left-choroid-plexus,NMI,0.003962873883235302
sub-439083,ses-7mo,28,Left-VentralDC,Dice,0.023612261806130904
sub-439083,ses-7mo,28,Left-VentralDC,IoU,0.011947180884510585
sub-439083,ses-7mo,28,Left-VentralDC,Hausdorff,19.1049731745428
sub-439083,ses-7mo,28,Left-VentralDC,HD95,12.767085552215576
sub-439083,ses-7mo,28,Left-VentralDC,MI,2.6141162187270117e-05
sub-439083,ses-7mo,28,Left-VentralDC,NMI,0.008693344269274468
sub-439083,ses-7mo,15,4th-Ventricle,Dice,0.0
sub-439083,ses-7mo,15,4th-Ventricle,IoU,0.0
sub-439083,ses-7mo,15,4th-Ventricle,Hausdorff,35.24202037341219
sub-439083,ses-7mo,15,4th-Ventricle,HD95,27.152965927123976
sub-439083,ses-7mo,15,4th-Ventricle,MI,4.4130938803245076e-08
sub-439083,ses-7mo,15,4th-Ventricle,NMI,1.857555581694457e-05
sub-439083,ses-7mo,2,Left-Cerebral-White-Matter,Dice,0.46327229755886007
sub-439083,ses-7mo,2,Left-Cerebral-White-Matter,IoU,0.30146674444856925
sub-439083,ses-7mo,2,Left-Cerebral-White-Matter,Hausdorff,45.760244754590204
sub-439083,ses-7mo,2,Left-Cerebral-White-Matter,HD95,8.9442720413208
sub-439083,ses-7mo,2,Left-Cerebral-White-Matter,MI,0.03218526533822043
sub-439083,ses-7mo,2,Left-Cerebral-White-Matter,NMI,0.29172429848564563
sub-439083,ses-7mo,41,Right-Cerebral-White-Matter,Dice,0.4715932155526924
sub-439083,ses-7mo,41,Right-Cerebral-White-Matter,IoU,0.30855216055798057
sub-439083,ses-7mo,41,Right-Cerebral-White-Matter,Hausdorff,28.231188426986208
sub-439083,ses-7mo,41,Right-Cerebral-White-Matter,HD95,7.681145668029785
sub-439083,ses-7mo,41,Right-Cerebral-White-Matter,MI,0.03320317524532686
sub-439083,ses-7mo,41,Right-Cerebral-White-Matter,NMI,0.303696341058672
sub-439083,ses-7mo,14,3rd-Ventricle,Dice,0.21639617145235124
sub-439083,ses-7mo,14,3rd-Ventricle,IoU,0.12132524498366776
sub-439083,ses-7mo,14,3rd-Ventricle,Hausdorff,13.892443989449804
sub-439083,ses-7mo,14,3rd-Ventricle,HD95,8.306623458862305
sub-439083,ses-7mo,14,3rd-Ventricle,MI,0.00024462415580723596
sub-439083,ses-7mo,14,3rd-Ventricle,NMI,0.15363394693802204
sub-439083,ses-7mo,63,Right-choroid-plexus,Dice,0.017817371937639197
sub-439083,ses-7mo,63,Right-choroid-plexus,IoU,0.008988764044943821
sub-439083,ses-7mo,63,Right-choroid-plexus,Hausdorff,14.696938456699069
sub-439083,ses-7mo,63,Right-choroid-plexus,HD95,9.486832618713379
sub-439083,ses-7mo,63,Right-choroid-plexus,MI,5.205607420087117e-06
sub-439083,ses-7mo,63,Right-choroid-plexus,NMI,0.007841881316029123
sub-439083,ses-7mo,26,Left-Accumbens-area,Dice,0.0
sub-439083,ses-7mo,26,Left-Accumbens-area,IoU,0.0
sub-439083,ses-7mo,26,Left-Accumbens-area,Hausdorff,13.638181696985855
sub-439083,ses-7mo,26,Left-Accumbens-area,HD95,11.789826393127441
sub-439083,ses-7mo,26,Left-Accumbens-area,MI,1.928619058306027e-09
sub-439083,ses-7mo,26,Left-Accumbens-area,NMI,3.857241504283877e-06
sub-439083,ses-7mo,46,Right-Cerebellum-White-Matter,Dice,0.017181759239247894
sub-439083,ses-7mo,46,Right-Cerebellum-White-Matter,IoU,0.008665322360891601
sub-439083,ses-7mo,46,Right-Cerebellum-White-Matter,Hausdorff,34.336569426778794
sub-439083,ses-7mo,46,Right-Cerebellum-White-Matter,HD95,23.043437957763672
sub-439083,ses-7mo,46,Right-Cerebellum-White-Matter,MI,3.8129552391168045e-05
sub-439083,ses-7mo,46,Right-Cerebellum-White-Matter,NMI,0.0038970099423212175
sub-439083,ses-7mo,7,Left-Cerebellum-White-Matter,Dice,0.007501267105930055
sub-439083,ses-7mo,7,Left-Cerebellum-White-Matter,IoU,0.0037647537647537647
sub-439083,ses-7mo,7,Left-Cerebellum-White-Matter,Hausdorff,34.942810419312295
sub-439083,ses-7mo,7,Left-Cerebellum-White-Matter,HD95,24.20743751525879
sub-439083,ses-7mo,7,Left-Cerebellum-White-Matter,MI,1.0029026008439185e-05
sub-439083,ses-7mo,7,Left-Cerebellum-White-Matter,NMI,0.0009731178077995702
sub-176427,ses-5mo,51,Right-Putamen,Dice,0.2307782880018839
sub-176427,ses-5mo,51,Right-Putamen,IoU,0.13044056967922268
sub-176427,ses-5mo,51,Right-Putamen,Hausdorff,18.027756377319946
sub-176427,ses-5mo,51,Right-Putamen,HD95,12.547892761230461
sub-176427,ses-5mo,51,Right-Putamen,MI,0.0007176152251056015
sub-176427,ses-5mo,51,Right-Putamen,NMI,0.1450182850051156
sub-176427,ses-5mo,42,Right-Cerebral-Cortex,Dice,0.14959028722008977
sub-176427,ses-5mo,42,Right-Cerebral-Cortex,IoU,0.08084171099348428
sub-176427,ses-5mo,42,Right-Cerebral-Cortex,Hausdorff,37.21558813185679
sub-176427,ses-5mo,42,Right-Cerebral-Cortex,HD95,16.5227108001709
sub-176427,ses-5mo,42,Right-Cerebral-Cortex,MI,0.004068953024468743
sub-176427,ses-5mo,42,Right-Cerebral-Cortex,NMI,0.03729321459786451
sub-176427,ses-5mo,43,Right-Lateral-Ventricle,Dice,0.1643915190241069
sub-176427,ses-5mo,43,Right-Lateral-Ventricle,IoU,0.08955696202531646
sub-176427,ses-5mo,43,Right-Lateral-Ventricle,Hausdorff,29.68164415931166
sub-176427,ses-5mo,43,Right-Lateral-Ventricle,HD95,14.03566837310791
sub-176427,ses-5mo,43,Right-Lateral-Ventricle,MI,0.0007683502156492484
sub-176427,ses-5mo,43,Right-Lateral-Ventricle,NMI,0.1038383008817232
sub-176427,ses-5mo,85,Optic-Chiasm,Dice,0.0
sub-176427,ses-5mo,85,Optic-Chiasm,IoU,0.0
sub-176427,ses-5mo,85,Optic-Chiasm,Hausdorff,22.494443758403985
sub-176427,ses-5mo,85,Optic-Chiasm,HD95,20.880613327026367
sub-176427,ses-5mo,85,Optic-Chiasm,MI,5.17068294918991e-10
sub-176427,ses-5mo,85,Optic-Chiasm,NMI,1.8989760393678395e-06
sub-176427,ses-5mo,62,Right-vessel,Dice,0.0
sub-176427,ses-5mo,62,Right-vessel,IoU,0.0
sub-176427,ses-5mo,62,Right-vessel,Hausdorff,15.066519173319364
sub-176427,ses-5mo,62,Right-vessel,HD95,13.810958814620971
sub-176427,ses-5mo,62,Right-vessel,MI,1.4038574393005236e-10
sub-176427,ses-5mo,62,Right-vessel,NMI,7.668630149645185e-07
sub-176427,ses-5mo,5,Left-Inf-Lat-Vent,Dice,0.0015910898965791568
sub-176427,ses-5mo,5,Left-Inf-Lat-Vent,IoU,0.0007961783439490446
sub-176427,ses-5mo,5,Left-Inf-Lat-Vent,Hausdorff,27.964262908219126
sub-176427,ses-5mo,5,Left-Inf-Lat-Vent,HD95,23.207742309570314
sub-176427,ses-5mo,5,Left-Inf-Lat-Vent,MI,2.754520891220188e-07
sub-176427,ses-5mo,5,Left-Inf-Lat-Vent,NMI,0.0003062180192625823
sub-176427,ses-5mo,58,Right-Accumbens-area,Dice,0.0
sub-176427,ses-5mo,58,Right-Accumbens-area,IoU,0.0
sub-176427,ses-5mo,58,Right-Accumbens-area,Hausdorff,15.684387141358123
sub-176427,ses-5mo,58,Right-Accumbens-area,HD95,13.83805799484253
sub-176427,ses-5mo,58,Right-Accumbens-area,MI,2.906306820652329e-09
sub-176427,ses-5mo,58,Right-Accumbens-area,NMI,4.869569957938002e-06
sub-176427,ses-5mo,17,Left-Hippocampus,Dice,0.0
sub-176427,ses-5mo,17,Left-Hippocampus,IoU,0.0
sub-176427,ses-5mo,17,Left-Hippocampus,Hausdorff,27.349588662354687
sub-176427,ses-5mo,17,Left-Hippocampus,HD95,22.934690475463867
sub-176427,ses-5mo,17,Left-Hippocampus,MI,1.1084291313859067e-07
sub-176427,ses-5mo,17,Left-Hippocampus,NMI,3.5486259191129306e-05
sub-176427,ses-5mo,53,Right-Hippocampus,Dice,0.0
sub-176427,ses-5mo,53,Right-Hippocampus,IoU,0.0
sub-176427,ses-5mo,53,Right-Hippocampus,Hausdorff,29.120439557122072
sub-176427,ses-5mo,53,Right-Hippocampus,HD95,22.165285491943354
sub-176427,ses-5mo,53,Right-Hippocampus,MI,1.231667140280928e-07
sub-176427,ses-5mo,53,Right-Hippocampus,NMI,3.768613806325375e-05
sub-176427,ses-5mo,10,Left-Thalamus,Dice,0.15219553787125195
sub-176427,ses-5mo,10,Left-Thalamus,IoU,0.08236560793663
sub-176427,ses-5mo,10,Left-Thalamus,Hausdorff,16.792855623746664
sub-176427,ses-5mo,10,Left-Thalamus,HD95,13.076696395874023
sub-176427,ses-5mo,10,Left-Thalamus,MI,0.0006292946472189215
sub-176427,ses-5mo,10,Left-Thalamus,NMI,0.081516340605671
sub-176427,ses-5mo,12,Left-Putamen,Dice,0.13539845116162877
sub-176427,ses-5mo,12,Left-Putamen,IoU,0.07261521972132905
sub-176427,ses-5mo,12,Left-Putamen,Hausdorff,20.97617696340303
sub-176427,ses-5mo,12,Left-Putamen,HD95,15.598069858551016
sub-176427,ses-5mo,12,Left-Putamen,MI,0.00035276191248279965
sub-176427,ses-5mo,12,Left-Putamen,NMI,0.07510018499233896
sub-176427,ses-5mo,52,Right-Pallidum,Dice,0.008726003490401396
sub-176427,ses-5mo,52,Right-Pallidum,IoU,0.0043821209465381246
sub-176427,ses-5mo,52,Right-Pallidum,Hausdorff,35.9722114972099
sub-176427,ses-5mo,52,Right-Pallidum,HD95,14.03566837310791
sub-176427,ses-5mo,52,Right-Pallidum,MI,4.203543430369694e-06
sub-176427,ses-5mo,52,Right-Pallidum,NMI,0.002717290793576529
sub-176427,ses-5mo,8,Left-Cerebellum-Cortex,Dice,0.1256707227679226
sub-176427,ses-5mo,8,Left-Cerebellum-Cortex,IoU,0.06704836993930292
sub-176427,ses-5mo,8,Left-Cerebellum-Cortex,Hausdorff,31.20897306865447
sub-176427,ses-5mo,8,Left-Cerebellum-Cortex,HD95,24.85960578918457
sub-176427,ses-5mo,8,Left-Cerebellum-Cortex,MI,0.001478174216871699
sub-176427,ses-5mo,8,Left-Cerebellum-Cortex,NMI,0.049435340798900114
sub-176427,ses-5mo,11,Left-Caudate,Dice,0.11898016997167139
sub-176427,ses-5mo,11,Left-Caudate,IoU,0.06325301204819277
sub-176427,ses-5mo,11,Left-Caudate,Hausdorff,15.811388300841896
sub-176427,ses-5mo,11,Left-Caudate,HD95,10.007481288909917
sub-176427,ses-5mo,11,Left-Caudate,MI,0.0002187740220227954
sub-176427,ses-5mo,11,Left-Caudate,NMI,0.06730499132555262
sub-176427,ses-5mo,3,Left-Cerebral-Cortex,Dice,0.19331846744050502
sub-176427,ses-5mo,3,Left-Cerebral-Cortex,IoU,0.10700196130672462
sub-176427,ses-5mo,3,Left-Cerebral-Cortex,Hausdorff,75.32595834106593
sub-176427,ses-5mo,3,Left-Cerebral-Cortex,HD95,17.291616439819336
sub-176427,ses-5mo,3,Left-Cerebral-Cortex,MI,0.006540508723081193
sub-176427,ses-5mo,3,Left-Cerebral-Cortex,NMI,0.05821023626487193
sub-176427,ses-5mo,77,WM-hypointensities,Dice,0.0
sub-176427,ses-5mo,77,WM-hypointensities,IoU,0.0
sub-176427,ses-5mo,77,WM-hypointensities,Hausdorff,68.82586723027906
sub-176427,ses-5mo,77,WM-hypointensities,HD95,61.757591247558594
sub-176427,ses-5mo,77,WM-hypointensities,MI,9.066679894793308e-10
sub-176427,ses-5mo,77,WM-hypointensities,NMI,5.531537961826249e-07
sub-176427,ses-5mo,4,Left-Lateral-Ventricle,Dice,0.1408830901728903
sub-176427,ses-5mo,4,Left-Lateral-Ventricle,IoU,0.0757795754684367
sub-176427,ses-5mo,4,Left-Lateral-Ventricle,Hausdorff,30.430248109405877
sub-176427,ses-5mo,4,Left-Lateral-Ventricle,HD95,15.833502006530756
sub-176427,ses-5mo,4,Left-Lateral-Ventricle,MI,0.0006826337432812356
sub-176427,ses-5mo,4,Left-Lateral-Ventricle,NMI,0.08270875208825657
sub-176427,ses-5mo,18,Left-Amygdala,Dice,0.0
sub-176427,ses-5mo,18,Left-Amygdala,IoU,0.0
sub-176427,ses-5mo,18,Left-Amygdala,Hausdorff,29.427877939124322
sub-176427,ses-5mo,18,Left-Amygdala,HD95,26.322041797637944
sub-176427,ses-5mo,18,Left-Amygdala,MI,2.4827776260404315e-08
sub-176427,ses-5mo,18,Left-Amygdala,NMI,1.530224064818363e-05
sub-176427,ses-5mo,44,Right-Inf-Lat-Vent,Dice,0.0
sub-176427,ses-5mo,44,Right-Inf-Lat-Vent,IoU,0.0
sub-176427,ses-5mo,44,Right-Inf-Lat-Vent,Hausdorff,26.419689627245813
sub-176427,ses-5mo,44,Right-Inf-Lat-Vent,HD95,23.25940704345703
sub-176427,ses-5mo,44,Right-Inf-Lat-Vent,MI,6.088721822707739e-09
sub-176427,ses-5mo,44,Right-Inf-Lat-Vent,NMI,7.153259117898666e-06
sub-176427,ses-5mo,47,Right-Cerebellum-Cortex,Dice,0.09844922753424258
sub-176427,ses-5mo,47,Right-Cerebellum-Cortex,IoU,0.0517731258927063
sub-176427,ses-5mo,47,Right-Cerebellum-Cortex,Hausdorff,30.331501776206203
sub-176427,ses-5mo,47,Right-Cerebellum-Cortex,HD95,24.779024124145508
sub-176427,ses-5mo,47,Right-Cerebellum-Cortex,MI,0.0010389603258598454
sub-176427,ses-5mo,47,Right-Cerebellum-Cortex,NMI,0.03464077506081528
sub-176427,ses-5mo,13,Left-Pallidum,Dice,0.002376237623762376
sub-176427,ses-5mo,13,Left-Pallidum,IoU,0.0011895321173671688
sub-176427,ses-5mo,13,Left-Pallidum,Hausdorff,14.45683229480096
sub-176427,ses-5mo,13,Left-Pallidum,HD95,13.194685268402097
sub-176427,ses-5mo,13,Left-Pallidum,MI,7.029700286272448e-07
sub-176427,ses-5mo,13,Left-Pallidum,NMI,0.00041675053547777824
sub-176427,ses-5mo,60,Right-VentralDC,Dice,0.0003792188092529389
sub-176427,ses-5mo,60,Right-VentralDC,IoU,0.00018964536317087047
sub-176427,ses-5mo,60,Right-VentralDC,Hausdorff,24.041630560342615
sub-176427,ses-5mo,60,Right-VentralDC,HD95,17.972200393676758
sub-176427,ses-5mo,60,Right-VentralDC,MI,9.733115589129248e-11
sub-176427,ses-5mo,60,Right-VentralDC,NMI,2.9896692858734516e-08
sub-176427,ses-5mo,49,Right-Thalamus,Dice,0.16082294986960302
sub-176427,ses-5mo,49,Right-Thalamus,IoU,0.08744288640302506
sub-176427,ses-5mo,49,Right-Thalamus,Hausdorff,23.2163735324878
sub-176427,ses-5mo,49,Right-Thalamus,HD95,17.291616439819336
sub-176427,ses-5mo,49,Right-Thalamus,MI,0.0006652607462214991
sub-176427,ses-5mo,49,Right-Thalamus,NMI,0.08765034697211739
sub-176427,ses-5mo,54,Right-Amygdala,Dice,0.0
sub-176427,ses-5mo,54,Right-Amygdala,IoU,0.0
sub-176427,ses-5mo,54,Right-Amygdala,Hausdorff,28.178005607210743
sub-176427,ses-5mo,54,Right-Amygdala,HD95,24.219824600219724
sub-176427,ses-5mo,54,Right-Amygdala,MI,2.598887283524788e-08
sub-176427,ses-5mo,54,Right-Amygdala,NMI,1.5594474625863422e-05
sub-176427,ses-5mo,24,CSF,Dice,0.0024308638682471783
sub-176427,ses-5mo,24,CSF,IoU,0.001216911006622024
sub-176427,ses-5mo,24,CSF,Hausdorff,87.68694315575154
sub-176427,ses-5mo,24,CSF,HD95,75.38965606689457
sub-176427,ses-5mo,24,CSF,MI,0.0001062959886486848
sub-176427,ses-5mo,24,CSF,NMI,0.0012377495417522067
sub-176427,ses-5mo,16,Brain-Stem,Dice,0.24318392842069722
sub-176427,ses-5mo,16,Brain-Stem,IoU,0.1384231009465238
sub-176427,ses-5mo,16,Brain-Stem,Hausdorff,28.19574435974337
sub-176427,ses-5mo,16,Brain-Stem,HD95,23.66431999206543
sub-176427,ses-5mo,16,Brain-Stem,MI,0.0017216536862575708
sub-176427,ses-5mo,16,Brain-Stem,NMI,0.14191970603204607
sub-176427,ses-5mo,50,Right-Caudate,Dice,0.22542796691671474
sub-176427,ses-5mo,50,Right-Caudate,IoU,0.12703230002167787
sub-176427,ses-5mo,50,Right-Caudate,Hausdorff,13.0
sub-176427,ses-5mo,50,Right-Caudate,HD95,8.602325439453125
sub-176427,ses-5mo,50,Right-Caudate,MI,0.00047316724841127693
sub-176427,ses-5mo,50,Right-Caudate,NMI,0.14808550118131947
sub-176427,ses-5mo,30,Left-vessel,Dice,0.0
sub-176427,ses-5mo,30,Left-vessel,IoU,0.0
sub-176427,ses-5mo,30,Left-vessel,Hausdorff,16.881943016134134
sub-176427,ses-5mo,30,Left-vessel,HD95,15.890224933624268
sub-176427,ses-5mo,30,Left-vessel,MI,7.841895857243282e-11
sub-176427,ses-5mo,30,Left-vessel,NMI,5.499599702559078e-07
sub-176427,ses-5mo,31,Left-choroid-plexus,Dice,0.0
sub-176427,ses-5mo,31,Left-choroid-plexus,IoU,0.0
sub-176427,ses-5mo,31,Left-choroid-plexus,Hausdorff,40.23679907746142
sub-176427,ses-5mo,31,Left-choroid-plexus,HD95,19.06094112396234
sub-176427,ses-5mo,31,Left-choroid-plexus,MI,4.008484364641067e-09
sub-176427,ses-5mo,31,Left-choroid-plexus,NMI,5.154501547238718e-06
sub-176427,ses-5mo,28,Left-VentralDC,Dice,0.0
sub-176427,ses-5mo,28,Left-VentralDC,IoU,0.0
sub-176427,ses-5mo,28,Left-VentralDC,Hausdorff,21.6794833886788
sub-176427,ses-5mo,28,Left-VentralDC,HD95,17.69180679321289
sub-176427,ses-5mo,28,Left-VentralDC,MI,1.333564611603194e-07
sub-176427,ses-5mo,28,Left-VentralDC,NMI,4.092716322700529e-05
sub-176427,ses-5mo,15,4th-Ventricle,Dice,0.0
sub-176427,ses-5mo,15,4th-Ventricle,IoU,0.0
sub-176427,ses-5mo,15,4th-Ventricle,Hausdorff,32.817678162843876
sub-176427,ses-5mo,15,4th-Ventricle,HD95,29.28137760162352
sub-176427,ses-5mo,15,4th-Ventricle,MI,3.256765946328807e-08
sub-176427,ses-5mo,15,4th-Ventricle,NMI,1.771993941572519e-05
sub-176427,ses-5mo,2,Left-Cerebral-White-Matter,Dice,0.5503360416481027
sub-176427,ses-5mo,2,Left-Cerebral-White-Matter,IoU,0.37963007804496435
sub-176427,ses-5mo,2,Left-Cerebral-White-Matter,Hausdorff,33.24154027718932
sub-176427,ses-5mo,2,Left-Cerebral-White-Matter,HD95,13.03840446472168
sub-176427,ses-5mo,2,Left-Cerebral-White-Matter,MI,0.042988149750550333
sub-176427,ses-5mo,2,Left-Cerebral-White-Matter,NMI,0.36491802513281935
sub-176427,ses-5mo,41,Right-Cerebral-White-Matter,Dice,0.5616353799789405
sub-176427,ses-5mo,41,Right-Cerebral-White-Matter,IoU,0.3904680163578533
sub-176427,ses-5mo,41,Right-Cerebral-White-Matter,Hausdorff,32.449961479175904
sub-176427,ses-5mo,41,Right-Cerebral-White-Matter,HD95,11.445523262023926
sub-176427,ses-5mo,41,Right-Cerebral-White-Matter,MI,0.04597774658503265
sub-176427,ses-5mo,41,Right-Cerebral-White-Matter,NMI,0.3784010521248972
sub-176427,ses-5mo,14,3rd-Ventricle,Dice,0.03749267721148213
sub-176427,ses-5mo,14,3rd-Ventricle,IoU,0.0191044776119403
sub-176427,ses-5mo,14,3rd-Ventricle,Hausdorff,18.466185312619388
sub-176427,ses-5mo,14,3rd-Ventricle,HD95,14.03566837310791
sub-176427,ses-5mo,14,3rd-Ventricle,MI,2.2265470862665262e-05
sub-176427,ses-5mo,14,3rd-Ventricle,NMI,0.018945830858153778
sub-176427,ses-5mo,63,Right-choroid-plexus,Dice,0.008213552361396304
sub-176427,ses-5mo,63,Right-choroid-plexus,IoU,0.004123711340206186
sub-176427,ses-5mo,63,Right-choroid-plexus,Hausdorff,42.96510211788167
sub-176427,ses-5mo,63,Right-choroid-plexus,HD95,16.492422103881836
sub-176427,ses-5mo,63,Right-choroid-plexus,MI,3.0550318397195464e-06
sub-176427,ses-5mo,63,Right-choroid-plexus,NMI,0.0029961139577440506
sub-176427,ses-5mo,26,Left-Accumbens-area,Dice,0.0
sub-176427,ses-5mo,26,Left-Accumbens-area,IoU,0.0
sub-176427,ses-5mo,26,Left-Accumbens-area,Hausdorff,16.881943016134134
sub-176427,ses-5mo,26,Left-Accumbens-area,HD95,15.264337539672852
sub-176427,ses-5mo,26,Left-Accumbens-area,MI,5.127501132262376e-09
sub-176427,ses-5mo,26,Left-Accumbens-area,NMI,6.341154215784571e-06
sub-176427,ses-5mo,46,Right-Cerebellum-White-Matter,Dice,0.0017261219792865361
sub-176427,ses-5mo,46,Right-Cerebellum-White-Matter,IoU,0.0008638065073423554
sub-176427,ses-5mo,46,Right-Cerebellum-White-Matter,Hausdorff,32.51153641401772
sub-176427,ses-5mo,46,Right-Cerebellum-White-Matter,HD95,25.475479125976562
sub-176427,ses-5mo,46,Right-Cerebellum-White-Matter,MI,5.488007568448471e-08
sub-176427,ses-5mo,46,Right-Cerebellum-White-Matter,NMI,5.0532631700177415e-06
sub-176427,ses-5mo,7,Left-Cerebellum-White-Matter,Dice,0.008929410658896512
sub-176427,ses-5mo,7,Left-Cerebellum-White-Matter,IoU,0.004484728319879149
sub-176427,ses-5mo,7,Left-Cerebellum-White-Matter,Hausdorff,29.34280150224242
sub-176427,ses-5mo,7,Left-Cerebellum-White-Matter,HD95,25.3968505859375
sub-176427,ses-5mo,7,Left-Cerebellum-White-Matter,MI,1.3259548899384308e-05
sub-176427,ses-5mo,7,Left-Cerebellum-White-Matter,NMI,0.0012000847570786271
sub-890518,ses-8mo,51,Right-Putamen,Dice,0.5078695155192122
sub-890518,ses-8mo,51,Right-Putamen,IoU,0.34036535061873896
sub-890518,ses-8mo,51,Right-Putamen,Hausdorff,13.379088160259652
sub-890518,ses-8mo,51,Right-Putamen,HD95,7.348469257354736
sub-890518,ses-8mo,51,Right-Putamen,MI,0.002504448208475182
sub-890518,ses-8mo,51,Right-Putamen,NMI,0.3922145570298056
sub-890518,ses-8mo,42,Right-Cerebral-Cortex,Dice,0.19859513861040323
sub-890518,ses-8mo,42,Right-Cerebral-Cortex,IoU,0.11024458902437273
sub-890518,ses-8mo,42,Right-Cerebral-Cortex,Hausdorff,71.37226352022192
sub-890518,ses-8mo,42,Right-Cerebral-Cortex,HD95,8.062257766723633
sub-890518,ses-8mo,42,Right-Cerebral-Cortex,MI,0.00697694243173894
sub-890518,ses-8mo,42,Right-Cerebral-Cortex,NMI,0.05663396724270966
sub-890518,ses-8mo,43,Right-Lateral-Ventricle,Dice,0.5705024311183144
sub-890518,ses-8mo,43,Right-Lateral-Ventricle,IoU,0.39909297052154197
sub-890518,ses-8mo,43,Right-Lateral-Ventricle,Hausdorff,25.787593916455254
sub-890518,ses-8mo,43,Right-Lateral-Ventricle,HD95,5.656854152679443
sub-890518,ses-8mo,43,Right-Lateral-Ventricle,MI,0.0036323971656550265
sub-890518,ses-8mo,43,Right-Lateral-Ventricle,NMI,0.47040565002644347
sub-890518,ses-8mo,85,Optic-Chiasm,Dice,0.13978494623655913
sub-890518,ses-8mo,85,Optic-Chiasm,IoU,0.07514450867052024
sub-890518,ses-8mo,85,Optic-Chiasm,Hausdorff,12.24744871391589
sub-890518,ses-8mo,85,Optic-Chiasm,HD95,9.795133686065675
sub-890518,ses-8mo,85,Optic-Chiasm,MI,1.562932918651811e-05
sub-890518,ses-8mo,85,Optic-Chiasm,NMI,0.09976285654838393
sub-890518,ses-8mo,62,Right-vessel,Dice,0.35714285714285715
sub-890518,ses-8mo,62,Right-vessel,IoU,0.21739130434782608
sub-890518,ses-8mo,62,Right-vessel,Hausdorff,8.602325267042627
sub-890518,ses-8mo,62,Right-vessel,HD95,8.203609943389893
sub-890518,ses-8mo,62,Right-vessel,MI,1.5022867407215014e-05
sub-890518,ses-8mo,62,Right-vessel,NMI,0.2878867356896011
sub-890518,ses-8mo,5,Left-Inf-Lat-Vent,Dice,0.06181818181818182
sub-890518,ses-8mo,5,Left-Inf-Lat-Vent,IoU,0.03189493433395872
sub-890518,ses-8mo,5,Left-Inf-Lat-Vent,Hausdorff,22.20360331117452
sub-890518,ses-8mo,5,Left-Inf-Lat-Vent,HD95,15.074587726593016
sub-890518,ses-8mo,5,Left-Inf-Lat-Vent,MI,1.549752296346989e-05
sub-890518,ses-8mo,5,Left-Inf-Lat-Vent,NMI,0.03659959897533598
sub-890518,ses-8mo,58,Right-Accumbens-area,Dice,0.1343669250645995
sub-890518,ses-8mo,58,Right-Accumbens-area,IoU,0.07202216066481995
sub-890518,ses-8mo,58,Right-Accumbens-area,Hausdorff,7.615773105863909
sub-890518,ses-8mo,58,Right-Accumbens-area,HD95,6.0
sub-890518,ses-8mo,58,Right-Accumbens-area,MI,5.029137166893186e-05
sub-890518,ses-8mo,58,Right-Accumbens-area,NMI,0.0866687201064895
sub-890518,ses-8mo,17,Left-Hippocampus,Dice,0.2344881581522803
sub-890518,ses-8mo,17,Left-Hippocampus,IoU,0.1328159645232816
sub-890518,ses-8mo,17,Left-Hippocampus,Hausdorff,17.029386365926403
sub-890518,ses-8mo,17,Left-Hippocampus,HD95,11.1848030090332
sub-890518,ses-8mo,17,Left-Hippocampus,MI,0.0004885974413919565
sub-890518,ses-8mo,17,Left-Hippocampus,NMI,0.15524313592367847
sub-890518,ses-8mo,53,Right-Hippocampus,Dice,0.33390443556063204
sub-890518,ses-8mo,53,Right-Hippocampus,IoU,0.2004113345521024
sub-890518,ses-8mo,53,Right-Hippocampus,Hausdorff,17.0
sub-890518,ses-8mo,53,Right-Hippocampus,HD95,9.69536018371582
sub-890518,ses-8mo,53,Right-Hippocampus,MI,0.0007711993632535208
sub-890518,ses-8mo,53,Right-Hippocampus,NMI,0.238971500582364
sub-890518,ses-8mo,10,Left-Thalamus,Dice,0.8077306541912723
sub-890518,ses-8mo,10,Left-Thalamus,IoU,0.6774733050302328
sub-890518,ses-8mo,10,Left-Thalamus,Hausdorff,7.681145747868608
sub-890518,ses-8mo,10,Left-Thalamus,HD95,3.7416574954986572
sub-890518,ses-8mo,10,Left-Thalamus,MI,0.005128459676854048
sub-890518,ses-8mo,10,Left-Thalamus,NMI,0.709373606970048
sub-890518,ses-8mo,12,Left-Putamen,Dice,0.46222873363245126
sub-890518,ses-8mo,12,Left-Putamen,IoU,0.300583541741098
sub-890518,ses-8mo,12,Left-Putamen,Hausdorff,10.198039027185569
sub-890518,ses-8mo,12,Left-Putamen,HD95,7.6157732009887695
sub-890518,ses-8mo,12,Left-Putamen,MI,0.00215884663359776
sub-890518,ses-8mo,12,Left-Putamen,NMI,0.3508489755410031
sub-890518,ses-8mo,52,Right-Pallidum,Dice,0.54421768707483
sub-890518,ses-8mo,52,Right-Pallidum,IoU,0.37383177570093457
sub-890518,ses-8mo,52,Right-Pallidum,Hausdorff,5.0990195135927845
sub-890518,ses-8mo,52,Right-Pallidum,HD95,3.605551242828369
sub-890518,ses-8mo,52,Right-Pallidum,MI,0.0008037386268856621
sub-890518,ses-8mo,52,Right-Pallidum,NMI,0.4352562196931071
sub-890518,ses-8mo,8,Left-Cerebellum-Cortex,Dice,0.22832577024122283
sub-890518,ses-8mo,8,Left-Cerebellum-Cortex,IoU,0.12887570773793475
sub-890518,ses-8mo,8,Left-Cerebellum-Cortex,Hausdorff,23.194827009486403
sub-890518,ses-8mo,8,Left-Cerebellum-Cortex,HD95,18.384777069091797
sub-890518,ses-8mo,8,Left-Cerebellum-Cortex,MI,0.00441170221827932
sub-890518,ses-8mo,8,Left-Cerebellum-Cortex,NMI,0.11083986388070885
sub-890518,ses-8mo,11,Left-Caudate,Dice,0.6585502903165387
sub-890518,ses-8mo,11,Left-Caudate,IoU,0.4909243228148562
sub-890518,ses-8mo,11,Left-Caudate,Hausdorff,10.392304845413264
sub-890518,ses-8mo,11,Left-Caudate,HD95,2.2360680103302
sub-890518,ses-8mo,11,Left-Caudate,MI,0.001805618790408955
sub-890518,ses-8mo,11,Left-Caudate,NMI,0.5490923284349936
sub-890518,ses-8mo,3,Left-Cerebral-Cortex,Dice,0.2373702283780609
sub-890518,ses-8mo,3,Left-Cerebral-Cortex,IoU,0.13466822823470026
sub-890518,ses-8mo,3,Left-Cerebral-Cortex,Hausdorff,29.223278392404914
sub-890518,ses-8mo,3,Left-Cerebral-Cortex,HD95,7.8102498054504395
sub-890518,ses-8mo,3,Left-Cerebral-Cortex,MI,0.009755901875748305
sub-890518,ses-8mo,3,Left-Cerebral-Cortex,NMI,0.07708965137115796
sub-890518,ses-8mo,4,Left-Lateral-Ventricle,Dice,0.5675099055166107
sub-890518,ses-8mo,4,Left-Lateral-Ventricle,IoU,0.39617021276595743
sub-890518,ses-8mo,4,Left-Lateral-Ventricle,Hausdorff,24.020824298928627
sub-890518,ses-8mo,4,Left-Lateral-Ventricle,HD95,6.480740547180176
sub-890518,ses-8mo,4,Left-Lateral-Ventricle,MI,0.004124068533048879
sub-890518,ses-8mo,4,Left-Lateral-Ventricle,NMI,0.4712671158302566
sub-890518,ses-8mo,18,Left-Amygdala,Dice,0.16758026624902114
sub-890518,ses-8mo,18,Left-Amygdala,IoU,0.09145299145299145
sub-890518,ses-8mo,18,Left-Amygdala,Hausdorff,17.72004514666935
sub-890518,ses-8mo,18,Left-Amygdala,HD95,14.899664878845215
sub-890518,ses-8mo,18,Left-Amygdala,MI,0.00018180195632526842
sub-890518,ses-8mo,18,Left-Amygdala,NMI,0.10709589019311913
sub-890518,ses-8mo,44,Right-Inf-Lat-Vent,Dice,0.1045531197301855
sub-890518,ses-8mo,44,Right-Inf-Lat-Vent,IoU,0.05516014234875445
sub-890518,ses-8mo,44,Right-Inf-Lat-Vent,Hausdorff,13.638181696985855
sub-890518,ses-8mo,44,Right-Inf-Lat-Vent,HD95,10.651265525817868
sub-890518,ses-8mo,44,Right-Inf-Lat-Vent,MI,3.104074818078634e-05
sub-890518,ses-8mo,44,Right-Inf-Lat-Vent,NMI,0.06880635507457833
sub-890518,ses-8mo,47,Right-Cerebellum-Cortex,Dice,0.21330140324342492
sub-890518,ses-8mo,47,Right-Cerebellum-Cortex,IoU,0.11938298022432807
sub-890518,ses-8mo,47,Right-Cerebellum-Cortex,Hausdorff,22.93468988235943
sub-890518,ses-8mo,47,Right-Cerebellum-Cortex,HD95,18.681541442871094
sub-890518,ses-8mo,47,Right-Cerebellum-Cortex,MI,0.003935058219831648
sub-890518,ses-8mo,47,Right-Cerebellum-Cortex,NMI,0.09965314230492783
sub-890518,ses-8mo,13,Left-Pallidum,Dice,0.5039852851011649
sub-890518,ses-8mo,13,Left-Pallidum,IoU,0.3368852459016393
sub-890518,ses-8mo,13,Left-Pallidum,Hausdorff,8.602325267042627
sub-890518,ses-8mo,13,Left-Pallidum,HD95,5.0
sub-890518,ses-8mo,13,Left-Pallidum,MI,0.0008389046465634253
sub-890518,ses-8mo,13,Left-Pallidum,NMI,0.3957145647091917
sub-890518,ses-8mo,60,Right-VentralDC,Dice,0.7244480784955029
sub-890518,ses-8mo,60,Right-VentralDC,IoU,0.5679487179487179
sub-890518,ses-8mo,60,Right-VentralDC,Hausdorff,7.3484692283495345
sub-890518,ses-8mo,60,Right-VentralDC,HD95,4.123105525970459
sub-890518,ses-8mo,60,Right-VentralDC,MI,0.0022895742602815246
sub-890518,ses-8mo,60,Right-VentralDC,NMI,0.6167928496274888
sub-890518,ses-8mo,49,Right-Thalamus,Dice,0.8037974683544303
sub-890518,ses-8mo,49,Right-Thalamus,IoU,0.671957671957672
sub-890518,ses-8mo,49,Right-Thalamus,Hausdorff,7.14142842854285
sub-890518,ses-8mo,49,Right-Thalamus,HD95,3.0
sub-890518,ses-8mo,49,Right-Thalamus,MI,0.004854032811224088
sub-890518,ses-8mo,49,Right-Thalamus,NMI,0.7054249266670098
sub-890518,ses-8mo,54,Right-Amygdala,Dice,0.27180831149382256
sub-890518,ses-8mo,54,Right-Amygdala,IoU,0.1572790294627383
sub-890518,ses-8mo,54,Right-Amygdala,Hausdorff,17.72004514666935
sub-890518,ses-8mo,54,Right-Amygdala,HD95,12.083045959472656
sub-890518,ses-8mo,54,Right-Amygdala,MI,0.00033515908443865477
sub-890518,ses-8mo,54,Right-Amygdala,NMI,0.18937653946061717
sub-890518,ses-8mo,24,CSF,Dice,0.0020800364138690267
sub-890518,ses-8mo,24,CSF,IoU,0.0010411009708995059
sub-890518,ses-8mo,24,CSF,Hausdorff,82.516664983505
sub-890518,ses-8mo,24,CSF,HD95,71.76350402832031
sub-890518,ses-8mo,24,CSF,MI,9.24359129732251e-05
sub-890518,ses-8mo,24,CSF,NMI,0.0008971446109252643
sub-890518,ses-8mo,16,Brain-Stem,Dice,0.8374830960146369
sub-890518,ses-8mo,16,Brain-Stem,IoU,0.7204050910086218
sub-890518,ses-8mo,16,Brain-Stem,Hausdorff,23.430749027719962
sub-890518,ses-8mo,16,Brain-Stem,HD95,12.369317054748535
sub-890518,ses-8mo,16,Brain-Stem,MI,0.009439081781097263
sub-890518,ses-8mo,16,Brain-Stem,NMI,0.737469297304874
sub-890518,ses-8mo,50,Right-Caudate,Dice,0.6645930533955418
sub-890518,ses-8mo,50,Right-Caudate,IoU,0.49767080745341613
sub-890518,ses-8mo,50,Right-Caudate,Hausdorff,4.123105625617661
sub-890518,ses-8mo,50,Right-Caudate,HD95,2.2360680103302
sub-890518,ses-8mo,50,Right-Caudate,MI,0.0019595717325344587
sub-890518,ses-8mo,50,Right-Caudate,NMI,0.5548106640692867
sub-890518,ses-8mo,30,Left-vessel,Dice,0.0
sub-890518,ses-8mo,30,Left-vessel,IoU,0.0
sub-890518,ses-8mo,30,Left-vessel,Hausdorff,11.704699910719626
sub-890518,ses-8mo,30,Left-vessel,HD95,10.365392446517943
sub-890518,ses-8mo,30,Left-vessel,MI,3.1066758842242465e-11
sub-890518,ses-8mo,30,Left-vessel,NMI,3.98355902390544e-07
sub-890518,ses-8mo,31,Left-choroid-plexus,Dice,0.0071174377224199285
sub-890518,ses-8mo,31,Left-choroid-plexus,IoU,0.0035714285714285713
sub-890518,ses-8mo,31,Left-choroid-plexus,Hausdorff,30.56141357987225
sub-890518,ses-8mo,31,Left-choroid-plexus,HD95,13.892256355285637
sub-890518,ses-8mo,31,Left-choroid-plexus,MI,1.1939219350877248e-06
sub-890518,ses-8mo,31,Left-choroid-plexus,NMI,0.00276133130361986
sub-890518,ses-8mo,28,Left-VentralDC,Dice,0.6266259836197206
sub-890518,ses-8mo,28,Left-VentralDC,IoU,0.456267539756782
sub-890518,ses-8mo,28,Left-VentralDC,Hausdorff,9.055385138137417
sub-890518,ses-8mo,28,Left-VentralDC,HD95,5.385164737701416
sub-890518,ses-8mo,28,Left-VentralDC,MI,0.0019270056250648288
sub-890518,ses-8mo,28,Left-VentralDC,NMI,0.5111059955892546
sub-890518,ses-8mo,15,4th-Ventricle,Dice,0.39206349206349206
sub-890518,ses-8mo,15,4th-Ventricle,IoU,0.24383020730503455
sub-890518,ses-8mo,15,4th-Ventricle,Hausdorff,25.37715508089904
sub-890518,ses-8mo,15,4th-Ventricle,HD95,18.263346195220947
sub-890518,ses-8mo,15,4th-Ventricle,MI,0.0004956079949267863
sub-890518,ses-8mo,15,4th-Ventricle,NMI,0.2948600992960316
sub-890518,ses-8mo,2,Left-Cerebral-White-Matter,Dice,0.5891613222919982
sub-890518,ses-8mo,2,Left-Cerebral-White-Matter,IoU,0.4175965201415719
sub-890518,ses-8mo,2,Left-Cerebral-White-Matter,Hausdorff,51.58488150611572
sub-890518,ses-8mo,2,Left-Cerebral-White-Matter,HD95,5.099019527435303
sub-890518,ses-8mo,2,Left-Cerebral-White-Matter,MI,0.05205984310819635
sub-890518,ses-8mo,2,Left-Cerebral-White-Matter,NMI,0.4003479192577036
sub-890518,ses-8mo,41,Right-Cerebral-White-Matter,Dice,0.5749173394123798
sub-890518,ses-8mo,41,Right-Cerebral-White-Matter,IoU,0.4034273627154496
sub-890518,ses-8mo,41,Right-Cerebral-White-Matter,Hausdorff,22.561028345356956
sub-890518,ses-8mo,41,Right-Cerebral-White-Matter,HD95,5.4772257804870605
sub-890518,ses-8mo,41,Right-Cerebral-White-Matter,MI,0.05046784614134559
sub-890518,ses-8mo,41,Right-Cerebral-White-Matter,NMI,0.38489843310229277
sub-890518,ses-8mo,14,3rd-Ventricle,Dice,0.7060333761232349
sub-890518,ses-8mo,14,3rd-Ventricle,IoU,0.5456349206349206
sub-890518,ses-8mo,14,3rd-Ventricle,Hausdorff,5.385164807134504
sub-890518,ses-8mo,14,3rd-Ventricle,HD95,2.2360680103302
sub-890518,ses-8mo,14,3rd-Ventricle,MI,0.0007006281917234194
sub-890518,ses-8mo,14,3rd-Ventricle,NMI,0.6435758316239147
sub-890518,ses-8mo,63,Right-choroid-plexus,Dice,0.11466372657111357
sub-890518,ses-8mo,63,Right-choroid-plexus,IoU,0.0608187134502924
sub-890518,ses-8mo,63,Right-choroid-plexus,Hausdorff,11.445523142259598
sub-890518,ses-8mo,63,Right-choroid-plexus,HD95,8.07770299911499
sub-890518,ses-8mo,63,Right-choroid-plexus,MI,4.7917276950640964e-05
sub-890518,ses-8mo,63,Right-choroid-plexus,NMI,0.07154278334583275
sub-890518,ses-8mo,26,Left-Accumbens-area,Dice,0.03110047846889952
sub-890518,ses-8mo,26,Left-Accumbens-area,IoU,0.015795868772782502
sub-890518,ses-8mo,26,Left-Accumbens-area,Hausdorff,9.486832980505138
sub-890518,ses-8mo,26,Left-Accumbens-area,HD95,7.063961029052733
sub-890518,ses-8mo,26,Left-Accumbens-area,MI,9.611808068233681e-06
sub-890518,ses-8mo,26,Left-Accumbens-area,NMI,0.01544947462595817
sub-890518,ses-8mo,46,Right-Cerebellum-White-Matter,Dice,0.34337745922621227
sub-890518,ses-8mo,46,Right-Cerebellum-White-Matter,IoU,0.2072756169705532
sub-890518,ses-8mo,46,Right-Cerebellum-White-Matter,Hausdorff,13.490737563232042
sub-890518,ses-8mo,46,Right-Cerebellum-White-Matter,HD95,8.717798233032227
sub-890518,ses-8mo,46,Right-Cerebellum-White-Matter,MI,0.0030323140298921638
sub-890518,ses-8mo,46,Right-Cerebellum-White-Matter,NMI,0.2210118927898705
sub-890518,ses-8mo,7,Left-Cerebellum-White-Matter,Dice,0.3224113475177305
sub-890518,ses-8mo,7,Left-Cerebellum-White-Matter,IoU,0.19218736788703814
sub-890518,ses-8mo,7,Left-Cerebellum-White-Matter,Hausdorff,14.866068747318506
sub-890518,ses-8mo,7,Left-Cerebellum-White-Matter,HD95,8.602325439453125
sub-890518,ses-8mo,7,Left-Cerebellum-White-Matter,MI,0.002889910277817389
sub-890518,ses-8mo,7,Left-Cerebellum-White-Matter,NMI,0.20557019959179815
sub-938316,ses-5mo,51,Right-Putamen,Dice,0.3428330166772219
sub-938316,ses-5mo,51,Right-Putamen,IoU,0.20687898089171974
sub-938316,ses-5mo,51,Right-Putamen,Hausdorff,16.64331697709324
sub-938316,ses-5mo,51,Right-Putamen,HD95,11.747340202331543
sub-938316,ses-5mo,51,Right-Putamen,MI,0.0012835834947293489
sub-938316,ses-5mo,51,Right-Putamen,NMI,0.23544384140316083
sub-938316,ses-5mo,42,Right-Cerebral-Cortex,Dice,0.24164094161021785
sub-938316,ses-5mo,42,Right-Cerebral-Cortex,IoU,0.1374241173651419
sub-938316,ses-5mo,42,Right-Cerebral-Cortex,Hausdorff,36.235341863986875
sub-938316,ses-5mo,42,Right-Cerebral-Cortex,HD95,14.422204971313477
sub-938316,ses-5mo,42,Right-Cerebral-Cortex,MI,0.009504977582135369
sub-938316,ses-5mo,42,Right-Cerebral-Cortex,NMI,0.08503523149726662
sub-938316,ses-5mo,43,Right-Lateral-Ventricle,Dice,0.4119130160731169
sub-938316,ses-5mo,43,Right-Lateral-Ventricle,IoU,0.2593768604881921
sub-938316,ses-5mo,43,Right-Lateral-Ventricle,Hausdorff,28.460498941515414
sub-938316,ses-5mo,43,Right-Lateral-Ventricle,HD95,16.309507369995117
sub-938316,ses-5mo,43,Right-Lateral-Ventricle,MI,0.0023368051033331016
sub-938316,ses-5mo,43,Right-Lateral-Ventricle,NMI,0.33772788803902537
sub-938316,ses-5mo,85,Optic-Chiasm,Dice,0.0
sub-938316,ses-5mo,85,Optic-Chiasm,IoU,0.0
sub-938316,ses-5mo,85,Optic-Chiasm,Hausdorff,24.166091947189145
sub-938316,ses-5mo,85,Optic-Chiasm,HD95,22.683691692352294
sub-938316,ses-5mo,85,Optic-Chiasm,MI,1.3546466342190039e-09
sub-938316,ses-5mo,85,Optic-Chiasm,NMI,2.430225276846031e-06
sub-938316,ses-5mo,62,Right-vessel,Dice,0.0
sub-938316,ses-5mo,62,Right-vessel,IoU,0.0
sub-938316,ses-5mo,62,Right-vessel,Hausdorff,16.06237840420901
sub-938316,ses-5mo,62,Right-vessel,HD95,14.352700233459473
sub-938316,ses-5mo,62,Right-vessel,MI,1.868753695354313e-10
sub-938316,ses-5mo,62,Right-vessel,NMI,6.619643030984468e-07
sub-938316,ses-5mo,5,Left-Inf-Lat-Vent,Dice,0.0
sub-938316,ses-5mo,5,Left-Inf-Lat-Vent,IoU,0.0
sub-938316,ses-5mo,5,Left-Inf-Lat-Vent,Hausdorff,29.223278392404914
sub-938316,ses-5mo,5,Left-Inf-Lat-Vent,HD95,24.35978593826293
sub-938316,ses-5mo,5,Left-Inf-Lat-Vent,MI,3.8467439015502265e-09
sub-938316,ses-5mo,5,Left-Inf-Lat-Vent,NMI,5.2773180019340205e-06
sub-938316,ses-5mo,58,Right-Accumbens-area,Dice,0.0
sub-938316,ses-5mo,58,Right-Accumbens-area,IoU,0.0
sub-938316,ses-5mo,58,Right-Accumbens-area,Hausdorff,15.033296378372908
sub-938316,ses-5mo,58,Right-Accumbens-area,HD95,12.994222164154051
sub-938316,ses-5mo,58,Right-Accumbens-area,MI,1.3351226668152768e-09
sub-938316,ses-5mo,58,Right-Accumbens-area,NMI,3.1389135109599867e-06
sub-938316,ses-5mo,17,Left-Hippocampus,Dice,0.0
sub-938316,ses-5mo,17,Left-Hippocampus,IoU,0.0
sub-938316,ses-5mo,17,Left-Hippocampus,Hausdorff,28.337254630609507
sub-938316,ses-5mo,17,Left-Hippocampus,HD95,23.0
sub-938316,ses-5mo,17,Left-Hippocampus,MI,1.0767084530590495e-07
sub-938316,ses-5mo,17,Left-Hippocampus,NMI,3.410051315675013e-05
sub-938316,ses-5mo,53,Right-Hippocampus,Dice,0.0
sub-938316,ses-5mo,53,Right-Hippocampus,IoU,0.0
sub-938316,ses-5mo,53,Right-Hippocampus,Hausdorff,26.076809620810597
sub-938316,ses-5mo,53,Right-Hippocampus,HD95,20.02498435974121
sub-938316,ses-5mo,53,Right-Hippocampus,MI,1.1144772131229438e-07
sub-938316,ses-5mo,53,Right-Hippocampus,NMI,3.488402056449553e-05
sub-938316,ses-5mo,10,Left-Thalamus,Dice,0.2849322384671874
sub-938316,ses-5mo,10,Left-Thalamus,IoU,0.16613468275593615
sub-938316,ses-5mo,10,Left-Thalamus,Hausdorff,24.73863375370596
sub-938316,ses-5mo,10,Left-Thalamus,HD95,17.933191490173325
sub-938316,ses-5mo,10,Left-Thalamus,MI,0.0014671212471042139
sub-938316,ses-5mo,10,Left-Thalamus,NMI,0.17996610962489756
sub-938316,ses-5mo,12,Left-Putamen,Dice,0.3110773899848255
sub-938316,ses-5mo,12,Left-Putamen,IoU,0.18418688230008984
sub-938316,ses-5mo,12,Left-Putamen,Hausdorff,19.0
sub-938316,ses-5mo,12,Left-Putamen,HD95,13.524002885818469
sub-938316,ses-5mo,12,Left-Putamen,MI,0.0011212279743550537
sub-938316,ses-5mo,12,Left-Putamen,NMI,0.21092022595362364
sub-938316,ses-5mo,52,Right-Pallidum,Dice,0.04640151515151515
sub-938316,ses-5mo,52,Right-Pallidum,IoU,0.02375181774115366
sub-938316,ses-5mo,52,Right-Pallidum,Hausdorff,13.038404810405298
sub-938316,ses-5mo,52,Right-Pallidum,HD95,10.440306663513184
sub-938316,ses-5mo,52,Right-Pallidum,MI,3.264701593717515e-05
sub-938316,ses-5mo,52,Right-Pallidum,NMI,0.022711403743654913
sub-938316,ses-5mo,8,Left-Cerebellum-Cortex,Dice,0.0792213435300252
sub-938316,ses-5mo,8,Left-Cerebellum-Cortex,IoU,0.041244389749529466
sub-938316,ses-5mo,8,Left-Cerebellum-Cortex,Hausdorff,37.3496987939662
sub-938316,ses-5mo,8,Left-Cerebellum-Cortex,HD95,28.372522354125977
sub-938316,ses-5mo,8,Left-Cerebellum-Cortex,MI,0.0006729823629784992
sub-938316,ses-5mo,8,Left-Cerebellum-Cortex,NMI,0.025930224480549234
sub-938316,ses-5mo,11,Left-Caudate,Dice,0.5500331345261763
sub-938316,ses-5mo,11,Left-Caudate,IoU,0.3793418647166362
sub-938316,ses-5mo,11,Left-Caudate,Hausdorff,12.68857754044952
sub-938316,ses-5mo,11,Left-Caudate,HD95,5.74456262588501
sub-938316,ses-5mo,11,Left-Caudate,MI,0.0012351412716125197
sub-938316,ses-5mo,11,Left-Caudate,NMI,0.434553066905246
sub-938316,ses-5mo,3,Left-Cerebral-Cortex,Dice,0.24184582567717178
sub-938316,ses-5mo,3,Left-Cerebral-Cortex,IoU,0.13755666551275078
sub-938316,ses-5mo,3,Left-Cerebral-Cortex,Hausdorff,82.66196223173026
sub-938316,ses-5mo,3,Left-Cerebral-Cortex,HD95,16.5831241607666
sub-938316,ses-5mo,3,Left-Cerebral-Cortex,MI,0.009613151372030268
sub-938316,ses-5mo,3,Left-Cerebral-Cortex,NMI,0.08543056072257814
sub-938316,ses-5mo,4,Left-Lateral-Ventricle,Dice,0.40871281545185395
sub-938316,ses-5mo,4,Left-Lateral-Ventricle,IoU,0.25684415699477275
sub-938316,ses-5mo,4,Left-Lateral-Ventricle,Hausdorff,31.0
sub-938316,ses-5mo,4,Left-Lateral-Ventricle,HD95,17.736961746215805
sub-938316,ses-5mo,4,Left-Lateral-Ventricle,MI,0.0025190131395477814
sub-938316,ses-5mo,4,Left-Lateral-Ventricle,NMI,0.3301532085598553
sub-938316,ses-5mo,18,Left-Amygdala,Dice,0.0
sub-938316,ses-5mo,18,Left-Amygdala,IoU,0.0
sub-938316,ses-5mo,18,Left-Amygdala,Hausdorff,29.120439557122072
sub-938316,ses-5mo,18,Left-Amygdala,HD95,26.00957641601562
sub-938316,ses-5mo,18,Left-Amygdala,MI,2.292147671906046e-08
sub-938316,ses-5mo,18,Left-Amygdala,NMI,1.44183331418736e-05
sub-938316,ses-5mo,44,Right-Inf-Lat-Vent,Dice,0.0
sub-938316,ses-5mo,44,Right-Inf-Lat-Vent,IoU,0.0
sub-938316,ses-5mo,44,Right-Inf-Lat-Vent,Hausdorff,23.664319132398465
sub-938316,ses-5mo,44,Right-Inf-Lat-Vent,HD95,21.118711471557617
sub-938316,ses-5mo,44,Right-Inf-Lat-Vent,MI,3.493831613574799e-09
sub-938316,ses-5mo,44,Right-Inf-Lat-Vent,NMI,5.421187239317964e-06
sub-938316,ses-5mo,47,Right-Cerebellum-Cortex,Dice,0.07708430367955287
sub-938316,ses-5mo,47,Right-Cerebellum-Cortex,IoU,0.04008719874046264
sub-938316,ses-5mo,47,Right-Cerebellum-Cortex,Hausdorff,36.013886210738214
sub-938316,ses-5mo,47,Right-Cerebellum-Cortex,HD95,26.904459190368627
sub-938316,ses-5mo,47,Right-Cerebellum-Cortex,MI,0.0006647968643881995
sub-938316,ses-5mo,47,Right-Cerebellum-Cortex,NMI,0.024699491421413255
sub-938316,ses-5mo,13,Left-Pallidum,Dice,0.056596253487445194
sub-938316,ses-5mo,13,Left-Pallidum,IoU,0.02912223133716161
sub-938316,ses-5mo,13,Left-Pallidum,Hausdorff,15.297058540778355
sub-938316,ses-5mo,13,Left-Pallidum,HD95,11.326940822601316
sub-938316,ses-5mo,13,Left-Pallidum,MI,4.793963760968977e-05
sub-938316,ses-5mo,13,Left-Pallidum,NMI,0.028612240387689492
sub-938316,ses-5mo,60,Right-VentralDC,Dice,0.0
sub-938316,ses-5mo,60,Right-VentralDC,IoU,0.0
sub-938316,ses-5mo,60,Right-VentralDC,Hausdorff,23.430749027719962
sub-938316,ses-5mo,60,Right-VentralDC,HD95,18.275667190551758
sub-938316,ses-5mo,60,Right-VentralDC,MI,1.1760642681880786e-07
sub-938316,ses-5mo,60,Right-VentralDC,NMI,3.8179631335763814e-05
sub-938316,ses-5mo,49,Right-Thalamus,Dice,0.2989555232759217
sub-938316,ses-5mo,49,Right-Thalamus,IoU,0.17574821080026024
sub-938316,ses-5mo,49,Right-Thalamus,Hausdorff,25.357444666211933
sub-938316,ses-5mo,49,Right-Thalamus,HD95,18.784293460845934
sub-938316,ses-5mo,49,Right-Thalamus,MI,0.0015181178503509917
sub-938316,ses-5mo,49,Right-Thalamus,NMI,0.19213592123982134
sub-938316,ses-5mo,54,Right-Amygdala,Dice,0.0
sub-938316,ses-5mo,54,Right-Amygdala,IoU,0.0
sub-938316,ses-5mo,54,Right-Amygdala,Hausdorff,25.019992006393608
sub-938316,ses-5mo,54,Right-Amygdala,HD95,22.022714614868164
sub-938316,ses-5mo,54,Right-Amygdala,MI,2.7781576299222913e-08
sub-938316,ses-5mo,54,Right-Amygdala,NMI,1.6240583639587313e-05
sub-938316,ses-5mo,24,CSF,Dice,0.00022343705778082314
sub-938316,ses-5mo,24,CSF,IoU,0.00011173101131462708
sub-938316,ses-5mo,24,CSF,Hausdorff,87.84645695758026
sub-938316,ses-5mo,24,CSF,HD95,73.60027313232422
sub-938316,ses-5mo,24,CSF,MI,2.692916177157137e-07
sub-938316,ses-5mo,24,CSF,NMI,3.377627295882587e-06
sub-938316,ses-5mo,16,Brain-Stem,Dice,0.11176556137289122
sub-938316,ses-5mo,16,Brain-Stem,IoU,0.05919051103323449
sub-938316,ses-5mo,16,Brain-Stem,Hausdorff,41.86884283091664
sub-938316,ses-5mo,16,Brain-Stem,HD95,36.323535919189425
sub-938316,ses-5mo,16,Brain-Stem,MI,0.0007158317736062176
sub-938316,ses-5mo,16,Brain-Stem,NMI,0.05224918924379009
sub-938316,ses-5mo,50,Right-Caudate,Dice,0.6000422564969364
sub-938316,ses-5mo,50,Right-Caudate,IoU,0.4286145487473589
sub-938316,ses-5mo,50,Right-Caudate,Hausdorff,9.486832980505138
sub-938316,ses-5mo,50,Right-Caudate,HD95,4.582575798034668
sub-938316,ses-5mo,50,Right-Caudate,MI,0.0014341818307883232
sub-938316,ses-5mo,50,Right-Caudate,NMI,0.485019119686429
sub-938316,ses-5mo,30,Left-vessel,Dice,0.0
sub-938316,ses-5mo,30,Left-vessel,IoU,0.0
sub-938316,ses-5mo,30,Left-vessel,Hausdorff,16.1245154965971
sub-938316,ses-5mo,30,Left-vessel,HD95,15.003329658508301
sub-938316,ses-5mo,30,Left-vessel,MI,1.208626177520147e-10
sub-938316,ses-5mo,30,Left-vessel,NMI,5.168413364039195e-07
sub-938316,ses-5mo,31,Left-choroid-plexus,Dice,0.0
sub-938316,ses-5mo,31,Left-choroid-plexus,IoU,0.0
sub-938316,ses-5mo,31,Left-choroid-plexus,Hausdorff,19.82422760159901
sub-938316,ses-5mo,31,Left-choroid-plexus,HD95,15.165750503540039
sub-938316,ses-5mo,31,Left-choroid-plexus,MI,2.9382149211630787e-09
sub-938316,ses-5mo,31,Left-choroid-plexus,NMI,4.550210220904747e-06
sub-938316,ses-5mo,28,Left-VentralDC,Dice,0.0
sub-938316,ses-5mo,28,Left-VentralDC,IoU,0.0
sub-938316,ses-5mo,28,Left-VentralDC,Hausdorff,24.186773244895647
sub-938316,ses-5mo,28,Left-VentralDC,HD95,20.273134231567383
sub-938316,ses-5mo,28,Left-VentralDC,MI,1.0771731612170717e-07
sub-938316,ses-5mo,28,Left-VentralDC,NMI,3.636158886233763e-05
sub-938316,ses-5mo,15,4th-Ventricle,Dice,0.0
sub-938316,ses-5mo,15,4th-Ventricle,IoU,0.0
sub-938316,ses-5mo,15,4th-Ventricle,Hausdorff,37.64306044943742
sub-938316,ses-5mo,15,4th-Ventricle,HD95,28.705400466918945
sub-938316,ses-5mo,15,4th-Ventricle,MI,2.846179707329888e-08
sub-938316,ses-5mo,15,4th-Ventricle,NMI,1.5142713102284152e-05
sub-938316,ses-5mo,2,Left-Cerebral-White-Matter,Dice,0.5457437237597463
sub-938316,ses-5mo,2,Left-Cerebral-White-Matter,IoU,0.37527341822493576
sub-938316,ses-5mo,2,Left-Cerebral-White-Matter,Hausdorff,34.88552708502482
sub-938316,ses-5mo,2,Left-Cerebral-White-Matter,HD95,11.87434196472168
sub-938316,ses-5mo,2,Left-Cerebral-White-Matter,MI,0.04222720730796408
sub-938316,ses-5mo,2,Left-Cerebral-White-Matter,NMI,0.3557681211858816
sub-938316,ses-5mo,41,Right-Cerebral-White-Matter,Dice,0.5507190522447946
sub-938316,ses-5mo,41,Right-Cerebral-White-Matter,IoU,0.3799946815679903
sub-938316,ses-5mo,41,Right-Cerebral-White-Matter,Hausdorff,30.298514815086232
sub-938316,ses-5mo,41,Right-Cerebral-White-Matter,HD95,10.344079971313477
sub-938316,ses-5mo,41,Right-Cerebral-White-Matter,MI,0.04341252019423271
sub-938316,ses-5mo,41,Right-Cerebral-White-Matter,NMI,0.361809454244882
sub-938316,ses-5mo,14,3rd-Ventricle,Dice,0.05546597871654305
sub-938316,ses-5mo,14,3rd-Ventricle,IoU,0.028524046434494195
sub-938316,ses-5mo,14,3rd-Ventricle,Hausdorff,15.684387141358123
sub-938316,ses-5mo,14,3rd-Ventricle,HD95,12.727922439575195
sub-938316,ses-5mo,14,3rd-Ventricle,MI,6.11815990173096e-05
sub-938316,ses-5mo,14,3rd-Ventricle,NMI,0.030842154281958346
sub-938316,ses-5mo,63,Right-choroid-plexus,Dice,0.004166666666666667
sub-938316,ses-5mo,63,Right-choroid-plexus,IoU,0.0020876826722338203
sub-938316,ses-5mo,63,Right-choroid-plexus,Hausdorff,23.40939982143925
sub-938316,ses-5mo,63,Right-choroid-plexus,HD95,13.892443656921387
sub-938316,ses-5mo,63,Right-choroid-plexus,MI,9.393808922300122e-07
sub-938316,ses-5mo,63,Right-choroid-plexus,NMI,0.0013446606784932782
sub-938316,ses-5mo,26,Left-Accumbens-area,Dice,0.0
sub-938316,ses-5mo,26,Left-Accumbens-area,IoU,0.0
sub-938316,ses-5mo,26,Left-Accumbens-area,Hausdorff,15.297058540778355
sub-938316,ses-5mo,26,Left-Accumbens-area,HD95,12.369317054748535
sub-938316,ses-5mo,26,Left-Accumbens-area,MI,1.7729236515977341e-09
sub-938316,ses-5mo,26,Left-Accumbens-area,NMI,3.6128668032886584e-06
sub-938316,ses-5mo,46,Right-Cerebellum-White-Matter,Dice,0.0
sub-938316,ses-5mo,46,Right-Cerebellum-White-Matter,IoU,0.0
sub-938316,ses-5mo,46,Right-Cerebellum-White-Matter,Hausdorff,38.948684188300895
sub-938316,ses-5mo,46,Right-Cerebellum-White-Matter,HD95,30.149627685546875
sub-938316,ses-5mo,46,Right-Cerebellum-White-Matter,MI,1.4695072080967396e-06
sub-938316,ses-5mo,46,Right-Cerebellum-White-Matter,NMI,0.00015268735945765216
sub-938316,ses-5mo,7,Left-Cerebellum-White-Matter,Dice,0.000106951871657754
sub-938316,ses-5mo,7,Left-Cerebellum-White-Matter,IoU,5.3478795657521794e-05
sub-938316,ses-5mo,7,Left-Cerebellum-White-Matter,Hausdorff,40.07492981902776
sub-938316,ses-5mo,7,Left-Cerebellum-White-Matter,HD95,31.843366622924805
sub-938316,ses-5mo,7,Left-Cerebellum-White-Matter,MI,1.006177555060914e-06
sub-938316,ses-5mo,7,Left-Cerebellum-White-Matter,NMI,0.00010243809321261543
sub-621289,ses-6mo,51,Right-Putamen,Dice,0.4601167315175097
sub-621289,ses-6mo,51,Right-Putamen,IoU,0.29879974731522424
sub-621289,ses-6mo,51,Right-Putamen,Hausdorff,13.038404810405298
sub-621289,ses-6mo,51,Right-Putamen,HD95,9.273618698120117
sub-621289,ses-6mo,51,Right-Putamen,MI,0.002016900305554077
sub-621289,ses-6mo,51,Right-Putamen,NMI,0.3449739553185187
sub-621289,ses-6mo,42,Right-Cerebral-Cortex,Dice,0.2131306606561207
sub-621289,ses-6mo,42,Right-Cerebral-Cortex,IoU,0.11927601865639498
sub-621289,ses-6mo,42,Right-Cerebral-Cortex,Hausdorff,30.59411708155671
sub-621289,ses-6mo,42,Right-Cerebral-Cortex,HD95,7.874007701873779
sub-621289,ses-6mo,42,Right-Cerebral-Cortex,MI,0.007793699896299817
sub-621289,ses-6mo,42,Right-Cerebral-Cortex,NMI,0.06635663563897039
sub-621289,ses-6mo,43,Right-Lateral-Ventricle,Dice,0.580757207363668
sub-621289,ses-6mo,43,Right-Lateral-Ventricle,IoU,0.40920215369554575
sub-621289,ses-6mo,43,Right-Lateral-Ventricle,Hausdorff,11.575836902790225
sub-621289,ses-6mo,43,Right-Lateral-Ventricle,HD95,5.4772257804870605
sub-621289,ses-6mo,43,Right-Lateral-Ventricle,MI,0.0031544226460075856
sub-621289,ses-6mo,43,Right-Lateral-Ventricle,NMI,0.49085065575529363
sub-621289,ses-6mo,85,Optic-Chiasm,Dice,0.0
sub-621289,ses-6mo,85,Optic-Chiasm,IoU,0.0
sub-621289,ses-6mo,85,Optic-Chiasm,Hausdorff,23.2163735324878
sub-621289,ses-6mo,85,Optic-Chiasm,HD95,21.494184494018555
sub-621289,ses-6mo,85,Optic-Chiasm,MI,2.4624921401977936e-11
sub-621289,ses-6mo,85,Optic-Chiasm,NMI,9.88044214476713e-08
sub-621289,ses-6mo,62,Right-vessel,Dice,0.0
sub-621289,ses-6mo,62,Right-vessel,IoU,0.0
sub-621289,ses-6mo,62,Right-vessel,Hausdorff,13.152946437965905
sub-621289,ses-6mo,62,Right-vessel,HD95,11.575837135314941
sub-621289,ses-6mo,62,Right-vessel,MI,1.3578427761378386e-10
sub-621289,ses-6mo,62,Right-vessel,NMI,7.600093271902225e-07
sub-621289,ses-6mo,5,Left-Inf-Lat-Vent,Dice,0.0
sub-621289,ses-6mo,5,Left-Inf-Lat-Vent,IoU,0.0
sub-621289,ses-6mo,5,Left-Inf-Lat-Vent,Hausdorff,27.49545416973504
sub-621289,ses-6mo,5,Left-Inf-Lat-Vent,HD95,21.428717517852775
sub-621289,ses-6mo,5,Left-Inf-Lat-Vent,MI,1.5509263632477316e-09
sub-621289,ses-6mo,5,Left-Inf-Lat-Vent,NMI,3.327460405495172e-06
sub-621289,ses-6mo,58,Right-Accumbens-area,Dice,0.0
sub-621289,ses-6mo,58,Right-Accumbens-area,IoU,0.0
sub-621289,ses-6mo,58,Right-Accumbens-area,Hausdorff,12.36931687685298
sub-621289,ses-6mo,58,Right-Accumbens-area,HD95,9.810483455657959
sub-621289,ses-6mo,58,Right-Accumbens-area,MI,2.360340934639757e-09
sub-621289,ses-6mo,58,Right-Accumbens-area,NMI,4.4165270817052314e-06
sub-621289,ses-6mo,17,Left-Hippocampus,Dice,0.0056457304163726185
sub-621289,ses-6mo,17,Left-Hippocampus,IoU,0.0028308563340410475
sub-621289,ses-6mo,17,Left-Hippocampus,Hausdorff,21.95449840010015
sub-621289,ses-6mo,17,Left-Hippocampus,HD95,15.165750503540039
sub-621289,ses-6mo,17,Left-Hippocampus,MI,4.087173816799092e-06
sub-621289,ses-6mo,17,Left-Hippocampus,NMI,0.0011848303801238825
sub-621289,ses-6mo,53,Right-Hippocampus,Dice,0.012613875262789068
sub-621289,ses-6mo,53,Right-Hippocampus,IoU,0.006346967559943582
sub-621289,ses-6mo,53,Right-Hippocampus,Hausdorff,22.02271554554524
sub-621289,ses-6mo,53,Right-Hippocampus,HD95,14.404766082763672
sub-621289,ses-6mo,53,Right-Hippocampus,MI,1.2934808522733961e-05
sub-621289,ses-6mo,53,Right-Hippocampus,NMI,0.003722235171020963
sub-621289,ses-6mo,10,Left-Thalamus,Dice,0.5696938042697656
sub-621289,ses-6mo,10,Left-Thalamus,IoU,0.3983019901405879
sub-621289,ses-6mo,10,Left-Thalamus,Hausdorff,15.684387141358123
sub-621289,ses-6mo,10,Left-Thalamus,HD95,10.630146026611328
sub-621289,ses-6mo,10,Left-Thalamus,MI,0.0036491862716050427
sub-621289,ses-6mo,10,Left-Thalamus,NMI,0.4387220980372931
sub-621289,ses-6mo,12,Left-Putamen,Dice,0.4170768458061276
sub-621289,ses-6mo,12,Left-Putamen,IoU,0.26348521385962687
sub-621289,ses-6mo,12,Left-Putamen,Hausdorff,14.352700094407323
sub-621289,ses-6mo,12,Left-Putamen,HD95,10.440306663513184
sub-621289,ses-6mo,12,Left-Putamen,MI,0.0017558156094536464
sub-621289,ses-6mo,12,Left-Putamen,NMI,0.30973952007119265
sub-621289,ses-6mo,52,Right-Pallidum,Dice,0.30952380952380953
sub-621289,ses-6mo,52,Right-Pallidum,IoU,0.18309859154929578
sub-621289,ses-6mo,52,Right-Pallidum,Hausdorff,7.615773105863909
sub-621289,ses-6mo,52,Right-Pallidum,HD95,5.830951690673828
sub-621289,ses-6mo,52,Right-Pallidum,MI,0.0003898777698056311
sub-621289,ses-6mo,52,Right-Pallidum,NMI,0.2184779994795257
sub-621289,ses-6mo,8,Left-Cerebellum-Cortex,Dice,0.19350124735133556
sub-621289,ses-6mo,8,Left-Cerebellum-Cortex,IoU,0.10711396676450875
sub-621289,ses-6mo,8,Left-Cerebellum-Cortex,Hausdorff,26.28687885618983
sub-621289,ses-6mo,8,Left-Cerebellum-Cortex,HD95,20.248456954956055
sub-621289,ses-6mo,8,Left-Cerebellum-Cortex,MI,0.003464393399382629
sub-621289,ses-6mo,8,Left-Cerebellum-Cortex,NMI,0.08742833729436382
sub-621289,ses-6mo,11,Left-Caudate,Dice,0.5400604686318972
sub-621289,ses-6mo,11,Left-Caudate,IoU,0.36991975148848044
sub-621289,ses-6mo,11,Left-Caudate,Hausdorff,8.48528137423857
sub-621289,ses-6mo,11,Left-Caudate,HD95,3.7416574954986572
sub-621289,ses-6mo,11,Left-Caudate,MI,0.0013984960751080096
sub-621289,ses-6mo,11,Left-Caudate,NMI,0.4292629875444656
sub-621289,ses-6mo,3,Left-Cerebral-Cortex,Dice,0.21274656845062936
sub-621289,ses-6mo,3,Left-Cerebral-Cortex,IoU,0.11903547907371999
sub-621289,ses-6mo,3,Left-Cerebral-Cortex,Hausdorff,36.193922141707716
sub-621289,ses-6mo,3,Left-Cerebral-Cortex,HD95,9.643651008605957
sub-621289,ses-6mo,3,Left-Cerebral-Cortex,MI,0.007774321210402998
sub-621289,ses-6mo,3,Left-Cerebral-Cortex,NMI,0.06546515011334682
sub-621289,ses-6mo,77,WM-hypointensities,Dice,0.0
sub-621289,ses-6mo,77,WM-hypointensities,IoU,0.0
sub-621289,ses-6mo,77,WM-hypointensities,Hausdorff,71.14070564732964
sub-621289,ses-6mo,77,WM-hypointensities,HD95,62.20329475402832
sub-621289,ses-6mo,77,WM-hypointensities,MI,7.07015426198586e-10
sub-621289,ses-6mo,77,WM-hypointensities,NMI,1.2134869749204543e-06
sub-621289,ses-6mo,4,Left-Lateral-Ventricle,Dice,0.6232531744342767
sub-621289,ses-6mo,4,Left-Lateral-Ventricle,IoU,0.4526999175597692
sub-621289,ses-6mo,4,Left-Lateral-Ventricle,Hausdorff,13.96424004376894
sub-621289,ses-6mo,4,Left-Lateral-Ventricle,HD95,5.830951690673828
sub-621289,ses-6mo,4,Left-Lateral-Ventricle,MI,0.004075517384181661
sub-621289,ses-6mo,4,Left-Lateral-Ventricle,NMI,0.530414962711473
sub-621289,ses-6mo,18,Left-Amygdala,Dice,0.008712871287128714
sub-621289,ses-6mo,18,Left-Amygdala,IoU,0.004375497215592681
sub-621289,ses-6mo,18,Left-Amygdala,Hausdorff,23.49468024894146
sub-621289,ses-6mo,18,Left-Amygdala,HD95,21.00832862854004
sub-621289,ses-6mo,18,Left-Amygdala,MI,4.642830589537626e-06
sub-621289,ses-6mo,18,Left-Amygdala,NMI,0.0027668285825052145
sub-621289,ses-6mo,44,Right-Inf-Lat-Vent,Dice,0.01809954751131222
sub-621289,ses-6mo,44,Right-Inf-Lat-Vent,IoU,0.0091324200913242
sub-621289,ses-6mo,44,Right-Inf-Lat-Vent,Hausdorff,21.494185260204677
sub-621289,ses-6mo,44,Right-Inf-Lat-Vent,HD95,13.747727394104004
sub-621289,ses-6mo,44,Right-Inf-Lat-Vent,MI,3.0209513789974346e-06
sub-621289,ses-6mo,44,Right-Inf-Lat-Vent,NMI,0.008681757819958358
sub-621289,ses-6mo,47,Right-Cerebellum-Cortex,Dice,0.23181531690328921
sub-621289,ses-6mo,47,Right-Cerebellum-Cortex,IoU,0.13110356577532353
sub-621289,ses-6mo,47,Right-Cerebellum-Cortex,Hausdorff,25.019992006393608
sub-621289,ses-6mo,47,Right-Cerebellum-Cortex,HD95,17.464248657226562
sub-621289,ses-6mo,47,Right-Cerebellum-Cortex,MI,0.004397325224688942
sub-621289,ses-6mo,47,Right-Cerebellum-Cortex,NMI,0.1129889460867908
sub-621289,ses-6mo,13,Left-Pallidum,Dice,0.27361111111111114
sub-621289,ses-6mo,13,Left-Pallidum,IoU,0.1584875301689461
sub-621289,ses-6mo,13,Left-Pallidum,Hausdorff,9.9498743710662
sub-621289,ses-6mo,13,Left-Pallidum,HD95,7.003553390502926
sub-621289,ses-6mo,13,Left-Pallidum,MI,0.0003569031702421981
sub-621289,ses-6mo,13,Left-Pallidum,NMI,0.18809685689097483
sub-621289,ses-6mo,60,Right-VentralDC,Dice,0.21490730230798336
sub-621289,ses-6mo,60,Right-VentralDC,IoU,0.12038999576091564
sub-621289,ses-6mo,60,Right-VentralDC,Hausdorff,13.341664064126334
sub-621289,ses-6mo,60,Right-VentralDC,HD95,10.158625221252432
sub-621289,ses-6mo,60,Right-VentralDC,MI,0.0004413633050381507
sub-621289,ses-6mo,60,Right-VentralDC,NMI,0.13531334753050803
sub-621289,ses-6mo,49,Right-Thalamus,Dice,0.6117997025285077
sub-621289,ses-6mo,49,Right-Thalamus,IoU,0.4407142857142857
sub-621289,ses-6mo,49,Right-Thalamus,Hausdorff,16.0312195418814
sub-621289,ses-6mo,49,Right-Thalamus,HD95,9.433980941772461
sub-621289,ses-6mo,49,Right-Thalamus,MI,0.003740418556112796
sub-621289,ses-6mo,49,Right-Thalamus,NMI,0.4826610211987573
sub-621289,ses-6mo,54,Right-Amygdala,Dice,0.017640573318632856
sub-621289,ses-6mo,54,Right-Amygdala,IoU,0.008898776418242492
sub-621289,ses-6mo,54,Right-Amygdala,Hausdorff,22.22611077089287
sub-621289,ses-6mo,54,Right-Amygdala,HD95,19.425495529174803
sub-621289,ses-6mo,54,Right-Amygdala,MI,1.2229834630269236e-05
sub-621289,ses-6mo,54,Right-Amygdala,NMI,0.006816154943825834
sub-621289,ses-6mo,24,CSF,Dice,0.0030190476981838627
sub-621289,ses-6mo,24,CSF,IoU,0.001511805956238072
sub-621289,ses-6mo,24,CSF,Hausdorff,86.82741502543998
sub-621289,ses-6mo,24,CSF,HD95,74.41773986816406
sub-621289,ses-6mo,24,CSF,MI,0.00012668295795158408
sub-621289,ses-6mo,24,CSF,NMI,0.001269778317661928
sub-621289,ses-6mo,16,Brain-Stem,Dice,0.715353817953789
sub-621289,ses-6mo,16,Brain-Stem,IoU,0.556848903574647
sub-621289,ses-6mo,16,Brain-Stem,Hausdorff,21.633307652783937
sub-621289,ses-6mo,16,Brain-Stem,HD95,13.379088401794434
sub-621289,ses-6mo,16,Brain-Stem,MI,0.0063781771254383295
sub-621289,ses-6mo,16,Brain-Stem,NMI,0.5888672278334057
sub-621289,ses-6mo,50,Right-Caudate,Dice,0.537799743730551
sub-621289,ses-6mo,50,Right-Caudate,IoU,0.36780170255383077
sub-621289,ses-6mo,50,Right-Caudate,Hausdorff,16.1245154965971
sub-621289,ses-6mo,50,Right-Caudate,HD95,4.123105525970459
sub-621289,ses-6mo,50,Right-Caudate,MI,0.0014279185549933636
sub-621289,ses-6mo,50,Right-Caudate,NMI,0.4260221787018798
sub-621289,ses-6mo,31,Left-choroid-plexus,Dice,0.0016638935108153079
sub-621289,ses-6mo,31,Left-choroid-plexus,IoU,0.0008326394671107411
sub-621289,ses-6mo,31,Left-choroid-plexus,Hausdorff,14.594519519326424
sub-621289,ses-6mo,31,Left-choroid-plexus,HD95,9.273618698120117
sub-621289,ses-6mo,31,Left-choroid-plexus,MI,3.1537663640841126e-07
sub-621289,ses-6mo,31,Left-choroid-plexus,NMI,0.00036850833152134063
sub-621289,ses-6mo,28,Left-VentralDC,Dice,0.12310502283105022
sub-621289,ses-6mo,28,Left-VentralDC,IoU,0.06558972362787077
sub-621289,ses-6mo,28,Left-VentralDC,Hausdorff,14.696938456699069
sub-621289,ses-6mo,28,Left-VentralDC,HD95,11.180339813232422
sub-621289,ses-6mo,28,Left-VentralDC,MI,0.00022933403901306788
sub-621289,ses-6mo,28,Left-VentralDC,NMI,0.06814381229858378
sub-621289,ses-6mo,15,4th-Ventricle,Dice,0.2633637548891786
sub-621289,ses-6mo,15,4th-Ventricle,IoU,0.15165165165165165
sub-621289,ses-6mo,15,4th-Ventricle,Hausdorff,29.88310559496787
sub-621289,ses-6mo,15,4th-Ventricle,HD95,22.925934028625477
sub-621289,ses-6mo,15,4th-Ventricle,MI,0.0002816975833339597
sub-621289,ses-6mo,15,4th-Ventricle,NMI,0.1815278240983317
sub-621289,ses-6mo,2,Left-Cerebral-White-Matter,Dice,0.577661606514527
sub-621289,ses-6mo,2,Left-Cerebral-White-Matter,IoU,0.40613514277636414
sub-621289,ses-6mo,2,Left-Cerebral-White-Matter,Hausdorff,26.476404589747453
sub-621289,ses-6mo,2,Left-Cerebral-White-Matter,HD95,5.4772257804870605
sub-621289,ses-6mo,2,Left-Cerebral-White-Matter,MI,0.04950878891107507
sub-621289,ses-6mo,2,Left-Cerebral-White-Matter,NMI,0.3895171889595457
sub-621289,ses-6mo,41,Right-Cerebral-White-Matter,Dice,0.619950130638638
sub-621289,ses-6mo,41,Right-Cerebral-White-Matter,IoU,0.44922299143112043
sub-621289,ses-6mo,41,Right-Cerebral-White-Matter,Hausdorff,24.186773244895647
sub-621289,ses-6mo,41,Right-Cerebral-White-Matter,HD95,4.898979663848877
sub-621289,ses-6mo,41,Right-Cerebral-White-Matter,MI,0.056086480835317414
sub-621289,ses-6mo,41,Right-Cerebral-White-Matter,NMI,0.43105893617403856
sub-621289,ses-6mo,14,3rd-Ventricle,Dice,0.30140946873870617
sub-621289,ses-6mo,14,3rd-Ventricle,IoU,0.1774468085106383
sub-621289,ses-6mo,14,3rd-Ventricle,Hausdorff,12.041594578792296
sub-621289,ses-6mo,14,3rd-Ventricle,HD95,8.124038696289062
sub-621289,ses-6mo,14,3rd-Ventricle,MI,0.00040579961238479823
sub-621289,ses-6mo,14,3rd-Ventricle,NMI,0.22390324860778485
sub-621289,ses-6mo,63,Right-choroid-plexus,Dice,0.0223463687150838
sub-621289,ses-6mo,63,Right-choroid-plexus,IoU,0.011299435028248588
sub-621289,ses-6mo,63,Right-choroid-plexus,Hausdorff,13.601470508735444
sub-621289,ses-6mo,63,Right-choroid-plexus,HD95,8.602325439453125
sub-621289,ses-6mo,63,Right-choroid-plexus,MI,1.021747734222916e-05
sub-621289,ses-6mo,63,Right-choroid-plexus,NMI,0.010160919422848916
sub-621289,ses-6mo,26,Left-Accumbens-area,Dice,0.0
sub-621289,ses-6mo,26,Left-Accumbens-area,IoU,0.0
sub-621289,ses-6mo,26,Left-Accumbens-area,Hausdorff,13.490737563232042
sub-621289,ses-6mo,26,Left-Accumbens-area,HD95,11.401754379272461
sub-621289,ses-6mo,26,Left-Accumbens-area,MI,2.2443853818222533e-09
sub-621289,ses-6mo,26,Left-Accumbens-area,NMI,4.243489485150401e-06
sub-621289,ses-6mo,46,Right-Cerebellum-White-Matter,Dice,0.14816906711851643
sub-621289,ses-6mo,46,Right-Cerebellum-White-Matter,IoU,0.08001220008133388
sub-621289,ses-6mo,46,Right-Cerebellum-White-Matter,Hausdorff,17.204650534085253
sub-621289,ses-6mo,46,Right-Cerebellum-White-Matter,HD95,9.899495124816895
sub-621289,ses-6mo,46,Right-Cerebellum-White-Matter,MI,0.0008301132639427975
sub-621289,ses-6mo,46,Right-Cerebellum-White-Matter,NMI,0.07516566349560157
sub-621289,ses-6mo,7,Left-Cerebellum-White-Matter,Dice,0.11356333947853568
sub-621289,ses-6mo,7,Left-Cerebellum-White-Matter,IoU,0.060199921818283354
sub-621289,ses-6mo,7,Left-Cerebellum-White-Matter,Hausdorff,17.944358444926362
sub-621289,ses-6mo,7,Left-Cerebellum-White-Matter,HD95,12.449899673461914
sub-621289,ses-6mo,7,Left-Cerebellum-White-Matter,MI,0.0005392760461817652
sub-621289,ses-6mo,7,Left-Cerebellum-White-Matter,NMI,0.05382290177217455
sub-198549,ses-1mo,51,Right-Putamen,Dice,0.1558946738479952
sub-198549,ses-1mo,51,Right-Putamen,IoU,0.08453675158202174
sub-198549,ses-1mo,51,Right-Putamen,Hausdorff,17.378147196982766
sub-198549,ses-1mo,51,Right-Putamen,HD95,12.649110794067383
sub-198549,ses-1mo,51,Right-Putamen,MI,0.00036064153317851087
sub-198549,ses-1mo,51,Right-Putamen,NMI,0.08984757742765898
sub-198549,ses-1mo,42,Right-Cerebral-Cortex,Dice,0.234230120561787
sub-198549,ses-1mo,42,Right-Cerebral-Cortex,IoU,0.1326504225093636
sub-198549,ses-1mo,42,Right-Cerebral-Cortex,Hausdorff,30.822070014844883
sub-198549,ses-1mo,42,Right-Cerebral-Cortex,HD95,12.041594505310059
sub-198549,ses-1mo,42,Right-Cerebral-Cortex,MI,0.008136437624815744
sub-198549,ses-1mo,42,Right-Cerebral-Cortex,NMI,0.08734091898813412
sub-198549,ses-1mo,43,Right-Lateral-Ventricle,Dice,0.020378027170702893
sub-198549,ses-1mo,43,Right-Lateral-Ventricle,IoU,0.010293898254512905
sub-198549,ses-1mo,43,Right-Lateral-Ventricle,Hausdorff,18.05547008526779
sub-198549,ses-1mo,43,Right-Lateral-Ventricle,HD95,11.401754379272461
sub-198549,ses-1mo,43,Right-Lateral-Ventricle,MI,4.4451348279806753e-05
sub-198549,ses-1mo,43,Right-Lateral-Ventricle,NMI,0.006012103465883701
sub-198549,ses-1mo,5,Left-Inf-Lat-Vent,Dice,0.0
sub-198549,ses-1mo,5,Left-Inf-Lat-Vent,IoU,0.0
sub-198549,ses-1mo,5,Left-Inf-Lat-Vent,Hausdorff,27.2213151776324
sub-198549,ses-1mo,5,Left-Inf-Lat-Vent,HD95,20.104719543457033
sub-198549,ses-1mo,5,Left-Inf-Lat-Vent,MI,1.980770520409905e-09
sub-198549,ses-1mo,5,Left-Inf-Lat-Vent,NMI,3.856198603255364e-06
sub-198549,ses-1mo,58,Right-Accumbens-area,Dice,0.0
sub-198549,ses-1mo,58,Right-Accumbens-area,IoU,0.0
sub-198549,ses-1mo,58,Right-Accumbens-area,Hausdorff,15.231546211727817
sub-198549,ses-1mo,58,Right-Accumbens-area,HD95,13.573862791061401
sub-198549,ses-1mo,58,Right-Accumbens-area,MI,2.0367111290819093e-09
sub-198549,ses-1mo,58,Right-Accumbens-area,NMI,4.058596015410096e-06
sub-198549,ses-1mo,17,Left-Hippocampus,Dice,0.0
sub-198549,ses-1mo,17,Left-Hippocampus,IoU,0.0
sub-198549,ses-1mo,17,Left-Hippocampus,Hausdorff,23.280893453645632
sub-198549,ses-1mo,17,Left-Hippocampus,HD95,17.72004508972168
sub-198549,ses-1mo,17,Left-Hippocampus,MI,8.584311649581858e-08
sub-198549,ses-1mo,17,Left-Hippocampus,NMI,3.14718162365471e-05
sub-198549,ses-1mo,53,Right-Hippocampus,Dice,0.0
sub-198549,ses-1mo,53,Right-Hippocampus,IoU,0.0
sub-198549,ses-1mo,53,Right-Hippocampus,Hausdorff,23.08679276123039
sub-198549,ses-1mo,53,Right-Hippocampus,HD95,16.552946090698242
sub-198549,ses-1mo,53,Right-Hippocampus,MI,6.852249640886422e-08
sub-198549,ses-1mo,53,Right-Hippocampus,NMI,2.7633699375332103e-05
sub-198549,ses-1mo,10,Left-Thalamus,Dice,0.1551737663764023
sub-198549,ses-1mo,10,Left-Thalamus,IoU,0.08411294437829563
sub-198549,ses-1mo,10,Left-Thalamus,Hausdorff,18.708286933869708
sub-198549,ses-1mo,10,Left-Thalamus,HD95,14.048120927810666
sub-198549,ses-1mo,10,Left-Thalamus,MI,0.0005945842491759971
sub-198549,ses-1mo,10,Left-Thalamus,NMI,0.0838868078676418
sub-198549,ses-1mo,12,Left-Putamen,Dice,0.028000629227623093
sub-198549,ses-1mo,12,Left-Putamen,IoU,0.01419910657306956
sub-198549,ses-1mo,12,Left-Putamen,Hausdorff,19.131126469708992
sub-198549,ses-1mo,12,Left-Putamen,HD95,13.928388595581055
sub-198549,ses-1mo,12,Left-Putamen,MI,3.950160715144067e-05
sub-198549,ses-1mo,12,Left-Putamen,NMI,0.010287084427220084
sub-198549,ses-1mo,52,Right-Pallidum,Dice,0.0
sub-198549,ses-1mo,52,Right-Pallidum,IoU,0.0
sub-198549,ses-1mo,52,Right-Pallidum,Hausdorff,12.68857754044952
sub-198549,ses-1mo,52,Right-Pallidum,HD95,11.357816696166992
sub-198549,ses-1mo,52,Right-Pallidum,MI,1.2791561352433782e-08
sub-198549,ses-1mo,52,Right-Pallidum,NMI,1.1127092969110124e-05
sub-198549,ses-1mo,8,Left-Cerebellum-Cortex,Dice,0.12992449434685654
sub-198549,ses-1mo,8,Left-Cerebellum-Cortex,IoU,0.06947553398464468
sub-198549,ses-1mo,8,Left-Cerebellum-Cortex,Hausdorff,30.59411708155671
sub-198549,ses-1mo,8,Left-Cerebellum-Cortex,HD95,25.65151023864746
sub-198549,ses-1mo,8,Left-Cerebellum-Cortex,MI,0.00129998525021237
sub-198549,ses-1mo,8,Left-Cerebellum-Cortex,NMI,0.05553799071411602
sub-198549,ses-1mo,11,Left-Caudate,Dice,0.020594965675057208
sub-198549,ses-1mo,11,Left-Caudate,IoU,0.010404624277456647
sub-198549,ses-1mo,11,Left-Caudate,Hausdorff,17.349351572897472
sub-198549,ses-1mo,11,Left-Caudate,HD95,12.328827857971191
sub-198549,ses-1mo,11,Left-Caudate,MI,1.7331765076884252e-05
sub-198549,ses-1mo,11,Left-Caudate,NMI,0.007677474707440505
sub-198549,ses-1mo,3,Left-Cerebral-Cortex,Dice,0.23304195094591654
sub-198549,ses-1mo,3,Left-Cerebral-Cortex,IoU,0.13188878540193544
sub-198549,ses-1mo,3,Left-Cerebral-Cortex,Hausdorff,36.069377593742864
sub-198549,ses-1mo,3,Left-Cerebral-Cortex,HD95,14.0
sub-198549,ses-1mo,3,Left-Cerebral-Cortex,MI,0.00807666078466147
sub-198549,ses-1mo,3,Left-Cerebral-Cortex,NMI,0.08686729939918009
sub-198549,ses-1mo,4,Left-Lateral-Ventricle,Dice,0.009957514604354753
sub-198549,ses-1mo,4,Left-Lateral-Ventricle,IoU,0.005003669357528854
sub-198549,ses-1mo,4,Left-Lateral-Ventricle,Hausdorff,16.55294535724685
sub-198549,ses-1mo,4,Left-Lateral-Ventricle,HD95,13.03840446472168
sub-198549,ses-1mo,4,Left-Lateral-Ventricle,MI,1.6946490367061447e-05
sub-198549,ses-1mo,4,Left-Lateral-Ventricle,NMI,0.0021004105094908528
sub-198549,ses-1mo,18,Left-Amygdala,Dice,0.0
sub-198549,ses-1mo,18,Left-Amygdala,IoU,0.0
sub-198549,ses-1mo,18,Left-Amygdala,Hausdorff,26.0
sub-198549,ses-1mo,18,Left-Amygdala,HD95,22.572081565856923
sub-198549,ses-1mo,18,Left-Amygdala,MI,1.3424762128236116e-08
sub-198549,ses-1mo,18,Left-Amygdala,NMI,1.0833231903933071e-05
sub-198549,ses-1mo,44,Right-Inf-Lat-Vent,Dice,0.0
sub-198549,ses-1mo,44,Right-Inf-Lat-Vent,IoU,0.0
sub-198549,ses-1mo,44,Right-Inf-Lat-Vent,Hausdorff,21.563858652847824
sub-198549,ses-1mo,44,Right-Inf-Lat-Vent,HD95,13.0
sub-198549,ses-1mo,44,Right-Inf-Lat-Vent,MI,3.3657801985764995e-09
sub-198549,ses-1mo,44,Right-Inf-Lat-Vent,NMI,5.1207536885260895e-06
sub-198549,ses-1mo,47,Right-Cerebellum-Cortex,Dice,0.1520340953118946
sub-198549,ses-1mo,47,Right-Cerebellum-Cortex,IoU,0.08227104998322711
sub-198549,ses-1mo,47,Right-Cerebellum-Cortex,Hausdorff,31.016124838541646
sub-198549,ses-1mo,47,Right-Cerebellum-Cortex,HD95,25.495098114013672
sub-198549,ses-1mo,47,Right-Cerebellum-Cortex,MI,0.001638779473118343
sub-198549,ses-1mo,47,Right-Cerebellum-Cortex,NMI,0.06951979253820555
sub-198549,ses-1mo,13,Left-Pallidum,Dice,0.0
sub-198549,ses-1mo,13,Left-Pallidum,IoU,0.0
sub-198549,ses-1mo,13,Left-Pallidum,Hausdorff,14.866068747318506
sub-198549,ses-1mo,13,Left-Pallidum,HD95,12.72595520019531
sub-198549,ses-1mo,13,Left-Pallidum,MI,1.02817111343953e-08
sub-198549,ses-1mo,13,Left-Pallidum,NMI,9.796354733440885e-06
sub-198549,ses-1mo,60,Right-VentralDC,Dice,0.0
sub-198549,ses-1mo,60,Right-VentralDC,IoU,0.0
sub-198549,ses-1mo,60,Right-VentralDC,Hausdorff,20.8806130178211
sub-198549,ses-1mo,60,Right-VentralDC,HD95,16.309507369995117
sub-198549,ses-1mo,60,Right-VentralDC,MI,4.6560718727761945e-08
sub-198549,ses-1mo,60,Right-VentralDC,NMI,2.1326110220391105e-05
sub-198549,ses-1mo,49,Right-Thalamus,Dice,0.1802330318585513
sub-198549,ses-1mo,49,Right-Thalamus,IoU,0.0990418196471747
sub-198549,ses-1mo,49,Right-Thalamus,Hausdorff,19.924858845171276
sub-198549,ses-1mo,49,Right-Thalamus,HD95,14.0
sub-198549,ses-1mo,49,Right-Thalamus,MI,0.000697358343778627
sub-198549,ses-1mo,49,Right-Thalamus,NMI,0.10168908340565562
sub-198549,ses-1mo,54,Right-Amygdala,Dice,0.0
sub-198549,ses-1mo,54,Right-Amygdala,IoU,0.0
sub-198549,ses-1mo,54,Right-Amygdala,Hausdorff,23.430749027719962
sub-198549,ses-1mo,54,Right-Amygdala,HD95,19.979956436157224
sub-198549,ses-1mo,54,Right-Amygdala,MI,1.553615672927628e-08
sub-198549,ses-1mo,54,Right-Amygdala,NMI,1.1958115206792915e-05
sub-198549,ses-1mo,16,Brain-Stem,Dice,0.17837411207576953
sub-198549,ses-1mo,16,Brain-Stem,IoU,0.09792027729636049
sub-198549,ses-1mo,16,Brain-Stem,Hausdorff,31.448370387032774
sub-198549,ses-1mo,16,Brain-Stem,HD95,26.72077751159668
sub-198549,ses-1mo,16,Brain-Stem,MI,0.0011327871732587321
sub-198549,ses-1mo,16,Brain-Stem,NMI,0.09679903054469133
sub-198549,ses-1mo,50,Right-Caudate,Dice,0.23401852270160378
sub-198549,ses-1mo,50,Right-Caudate,IoU,0.13251470964441034
sub-198549,ses-1mo,50,Right-Caudate,Hausdorff,17.26267650163207
sub-198549,ses-1mo,50,Right-Caudate,HD95,10.770329475402832
sub-198549,ses-1mo,50,Right-Caudate,MI,0.0004261170488782058
sub-198549,ses-1mo,50,Right-Caudate,NMI,0.1532241795922833
sub-198549,ses-1mo,31,Left-choroid-plexus,Dice,0.0
sub-198549,ses-1mo,31,Left-choroid-plexus,IoU,0.0
sub-198549,ses-1mo,31,Left-choroid-plexus,Hausdorff,56.24055476255546
sub-198549,ses-1mo,31,Left-choroid-plexus,HD95,38.16671886444092
sub-198549,ses-1mo,31,Left-choroid-plexus,MI,8.476974486265219e-10
sub-198549,ses-1mo,31,Left-choroid-plexus,NMI,2.1006100779406312e-06
sub-198549,ses-1mo,28,Left-VentralDC,Dice,0.0
sub-198549,ses-1mo,28,Left-VentralDC,IoU,0.0
sub-198549,ses-1mo,28,Left-VentralDC,Hausdorff,20.493901531919196
sub-198549,ses-1mo,28,Left-VentralDC,HD95,16.278820037841797
sub-198549,ses-1mo,28,Left-VentralDC,MI,4.648427340850315e-08
sub-198549,ses-1mo,28,Left-VentralDC,NMI,2.115414947201607e-05
sub-198549,ses-1mo,15,4th-Ventricle,Dice,0.0
sub-198549,ses-1mo,15,4th-Ventricle,IoU,0.0
sub-198549,ses-1mo,15,4th-Ventricle,Hausdorff,32.07802986469088
sub-198549,ses-1mo,15,4th-Ventricle,HD95,26.92675142288208
sub-198549,ses-1mo,15,4th-Ventricle,MI,6.33103981119063e-09
sub-198549,ses-1mo,15,4th-Ventricle,NMI,7.606909922753289e-06
sub-198549,ses-1mo,2,Left-Cerebral-White-Matter,Dice,0.5230291013127127
sub-198549,ses-1mo,2,Left-Cerebral-White-Matter,IoU,0.35412282109117676
sub-198549,ses-1mo,2,Left-Cerebral-White-Matter,Hausdorff,33.27160951922825
sub-198549,ses-1mo,2,Left-Cerebral-White-Matter,HD95,10.488088607788086
sub-198549,ses-1mo,2,Left-Cerebral-White-Matter,MI,0.03224744243954031
sub-198549,ses-1mo,2,Left-Cerebral-White-Matter,NMI,0.333366827197178
sub-198549,ses-1mo,41,Right-Cerebral-White-Matter,Dice,0.5341367091346804
sub-198549,ses-1mo,41,Right-Cerebral-White-Matter,IoU,0.3643837133129734
sub-198549,ses-1mo,41,Right-Cerebral-White-Matter,Hausdorff,59.6992462263972
sub-198549,ses-1mo,41,Right-Cerebral-White-Matter,HD95,8.124038696289062
sub-198549,ses-1mo,41,Right-Cerebral-White-Matter,MI,0.03437304720974288
sub-198549,ses-1mo,41,Right-Cerebral-White-Matter,NMI,0.3473188085624993
sub-198549,ses-1mo,14,3rd-Ventricle,Dice,0.0
sub-198549,ses-1mo,14,3rd-Ventricle,IoU,0.0
sub-198549,ses-1mo,14,3rd-Ventricle,Hausdorff,15.297058540778355
sub-198549,ses-1mo,14,3rd-Ventricle,HD95,12.845232963562012
sub-198549,ses-1mo,14,3rd-Ventricle,MI,2.969670812629963e-09
sub-198549,ses-1mo,14,3rd-Ventricle,NMI,5.037792101023652e-06
sub-198549,ses-1mo,63,Right-choroid-plexus,Dice,0.0
sub-198549,ses-1mo,63,Right-choroid-plexus,IoU,0.0
sub-198549,ses-1mo,63,Right-choroid-plexus,Hausdorff,65.5133574166368
sub-198549,ses-1mo,63,Right-choroid-plexus,HD95,42.87190246582031
sub-198549,ses-1mo,63,Right-choroid-plexus,MI,9.743358907231617e-10
sub-198549,ses-1mo,63,Right-choroid-plexus,NMI,2.149104962980238e-06
sub-198549,ses-1mo,26,Left-Accumbens-area,Dice,0.0
sub-198549,ses-1mo,26,Left-Accumbens-area,IoU,0.0
sub-198549,ses-1mo,26,Left-Accumbens-area,Hausdorff,16.1245154965971
sub-198549,ses-1mo,26,Left-Accumbens-area,HD95,14.312563943862914
sub-198549,ses-1mo,26,Left-Accumbens-area,MI,2.5327692612615383e-09
sub-198549,ses-1mo,26,Left-Accumbens-area,NMI,4.5062781327976e-06
sub-198549,ses-1mo,46,Right-Cerebellum-White-Matter,Dice,0.0
sub-198549,ses-1mo,46,Right-Cerebellum-White-Matter,IoU,0.0
sub-198549,ses-1mo,46,Right-Cerebellum-White-Matter,Hausdorff,36.069377593742864
sub-198549,ses-1mo,46,Right-Cerebellum-White-Matter,HD95,28.93181591033936
sub-198549,ses-1mo,46,Right-Cerebellum-White-Matter,MI,3.6809979793916633e-07
sub-198549,ses-1mo,46,Right-Cerebellum-White-Matter,NMI,5.623633416463211e-05
sub-198549,ses-1mo,7,Left-Cerebellum-White-Matter,Dice,0.0
sub-198549,ses-1mo,7,Left-Cerebellum-White-Matter,IoU,0.0
sub-198549,ses-1mo,7,Left-Cerebellum-White-Matter,Hausdorff,35.832945734337834
sub-198549,ses-1mo,7,Left-Cerebellum-White-Matter,HD95,29.529645919799805
sub-198549,ses-1mo,7,Left-Cerebellum-White-Matter,MI,3.1863211528960177e-07
sub-198549,ses-1mo,7,Left-Cerebellum-White-Matter,NMI,4.9046780569513307e-05
sub-381606,ses-5mo,51,Right-Putamen,Dice,0.4352665495020504
sub-381606,ses-5mo,51,Right-Putamen,IoU,0.2781729689254961
sub-381606,ses-5mo,51,Right-Putamen,Hausdorff,15.556349186104045
sub-381606,ses-5mo,51,Right-Putamen,HD95,9.433980941772461
sub-381606,ses-5mo,51,Right-Putamen,MI,0.0018847195225643778
sub-381606,ses-5mo,51,Right-Putamen,NMI,0.32382188644272836
sub-381606,ses-5mo,42,Right-Cerebral-Cortex,Dice,0.2980951525802024
sub-381606,ses-5mo,42,Right-Cerebral-Cortex,IoU,0.17515383015221722
sub-381606,ses-5mo,42,Right-Cerebral-Cortex,Hausdorff,33.54101966249684
sub-381606,ses-5mo,42,Right-Cerebral-Cortex,HD95,11.704699516296387
sub-381606,ses-5mo,42,Right-Cerebral-Cortex,MI,0.014416278551958178
sub-381606,ses-5mo,42,Right-Cerebral-Cortex,NMI,0.11629353528501482
sub-381606,ses-5mo,43,Right-Lateral-Ventricle,Dice,0.7083420739808405
sub-381606,ses-5mo,43,Right-Lateral-Ventricle,IoU,0.5483975747076657
sub-381606,ses-5mo,43,Right-Lateral-Ventricle,Hausdorff,33.51119216023208
sub-381606,ses-5mo,43,Right-Lateral-Ventricle,HD95,7.348469257354736
sub-381606,ses-5mo,43,Right-Lateral-Ventricle,MI,0.004791213040393146
sub-381606,ses-5mo,43,Right-Lateral-Ventricle,NMI,0.613616195435973
sub-381606,ses-5mo,85,Optic-Chiasm,Dice,0.0
sub-381606,ses-5mo,85,Optic-Chiasm,IoU,0.0
sub-381606,ses-5mo,85,Optic-Chiasm,Hausdorff,18.601075237738275
sub-381606,ses-5mo,85,Optic-Chiasm,HD95,16.007622098922727
sub-381606,ses-5mo,85,Optic-Chiasm,MI,1.3098104765781136e-09
sub-381606,ses-5mo,85,Optic-Chiasm,NMI,2.90817719521601e-06
sub-381606,ses-5mo,5,Left-Inf-Lat-Vent,Dice,0.006458557588805167
sub-381606,ses-5mo,5,Left-Inf-Lat-Vent,IoU,0.0032397408207343412
sub-381606,ses-5mo,5,Left-Inf-Lat-Vent,Hausdorff,27.367864366808018
sub-381606,ses-5mo,5,Left-Inf-Lat-Vent,HD95,23.353787231445313
sub-381606,ses-5mo,5,Left-Inf-Lat-Vent,MI,1.5070332285210404e-06
sub-381606,ses-5mo,5,Left-Inf-Lat-Vent,NMI,0.002199706474606998
sub-381606,ses-5mo,58,Right-Accumbens-area,Dice,0.002145922746781116
sub-381606,ses-5mo,58,Right-Accumbens-area,IoU,0.0010741138560687433
sub-381606,ses-5mo,58,Right-Accumbens-area,Hausdorff,11.180339887498949
sub-381606,ses-5mo,58,Right-Accumbens-area,HD95,8.306623458862305
sub-381606,ses-5mo,58,Right-Accumbens-area,MI,3.5485891933954876e-07
sub-381606,ses-5mo,58,Right-Accumbens-area,NMI,0.0005170522192670471
sub-381606,ses-5mo,17,Left-Hippocampus,Dice,0.0
sub-381606,ses-5mo,17,Left-Hippocampus,IoU,0.0
sub-381606,ses-5mo,17,Left-Hippocampus,Hausdorff,28.809720581775867
sub-381606,ses-5mo,17,Left-Hippocampus,HD95,21.58007202148437
sub-381606,ses-5mo,17,Left-Hippocampus,MI,1.276153867739221e-07
sub-381606,ses-5mo,17,Left-Hippocampus,NMI,3.709717637904196e-05
sub-381606,ses-5mo,53,Right-Hippocampus,Dice,0.016952025767079167
sub-381606,ses-5mo,53,Right-Hippocampus,IoU,0.008548469823901521
sub-381606,ses-5mo,53,Right-Hippocampus,Hausdorff,27.331300737432898
sub-381606,ses-5mo,53,Right-Hippocampus,HD95,19.79899024963379
sub-381606,ses-5mo,53,Right-Hippocampus,MI,2.0435577024022507e-05
sub-381606,ses-5mo,53,Right-Hippocampus,NMI,0.005740424722445002
sub-381606,ses-5mo,10,Left-Thalamus,Dice,0.638723803565843
sub-381606,ses-5mo,10,Left-Thalamus,IoU,0.46920955882352944
sub-381606,ses-5mo,10,Left-Thalamus,Hausdorff,15.811388300841896
sub-381606,ses-5mo,10,Left-Thalamus,HD95,9.846312952041616
sub-381606,ses-5mo,10,Left-Thalamus,MI,0.004472709648655404
sub-381606,ses-5mo,10,Left-Thalamus,NMI,0.5190391353326977
sub-381606,ses-5mo,12,Left-Putamen,Dice,0.3980859295459173
sub-381606,ses-5mo,12,Left-Putamen,IoU,0.2485064192195246
sub-381606,ses-5mo,12,Left-Putamen,Hausdorff,17.349351572897472
sub-381606,ses-5mo,12,Left-Putamen,HD95,10.392304420471191
sub-381606,ses-5mo,12,Left-Putamen,MI,0.0016443906939217943
sub-381606,ses-5mo,12,Left-Putamen,NMI,0.2938278323339856
sub-381606,ses-5mo,52,Right-Pallidum,Dice,0.33119486768243783
sub-381606,ses-5mo,52,Right-Pallidum,IoU,0.19846227775108122
sub-381606,ses-5mo,52,Right-Pallidum,Hausdorff,8.246211251235321
sub-381606,ses-5mo,52,Right-Pallidum,HD95,6.4031243324279785
sub-381606,ses-5mo,52,Right-Pallidum,MI,0.00039708137670656956
sub-381606,ses-5mo,52,Right-Pallidum,NMI,0.2380023182519713
sub-381606,ses-5mo,8,Left-Cerebellum-Cortex,Dice,0.1564448019304243
sub-381606,ses-5mo,8,Left-Cerebellum-Cortex,IoU,0.08486038394415357
sub-381606,ses-5mo,8,Left-Cerebellum-Cortex,Hausdorff,32.89376840679705
sub-381606,ses-5mo,8,Left-Cerebellum-Cortex,HD95,23.366641998291016
sub-381606,ses-5mo,8,Left-Cerebellum-Cortex,MI,0.0022478641304483
sub-381606,ses-5mo,8,Left-Cerebellum-Cortex,NMI,0.06614717387776942
sub-381606,ses-5mo,11,Left-Caudate,Dice,0.7156726768377254
sub-381606,ses-5mo,11,Left-Caudate,IoU,0.5572354211663066
sub-381606,ses-5mo,11,Left-Caudate,Hausdorff,8.06225774829855
sub-381606,ses-5mo,11,Left-Caudate,HD95,3.605551242828369
sub-381606,ses-5mo,11,Left-Caudate,MI,0.002141899025398973
sub-381606,ses-5mo,11,Left-Caudate,NMI,0.6076914333163769
sub-381606,ses-5mo,3,Left-Cerebral-Cortex,Dice,0.32375048352476277
sub-381606,ses-5mo,3,Left-Cerebral-Cortex,IoU,0.19313979234161674
sub-381606,ses-5mo,3,Left-Cerebral-Cortex,Hausdorff,38.40572873934304
sub-381606,ses-5mo,3,Left-Cerebral-Cortex,HD95,12.409673690795898
sub-381606,ses-5mo,3,Left-Cerebral-Cortex,MI,0.01670410896392531
sub-381606,ses-5mo,3,Left-Cerebral-Cortex,NMI,0.13319567745751174
sub-381606,ses-5mo,4,Left-Lateral-Ventricle,Dice,0.7621296914309185
sub-381606,ses-5mo,4,Left-Lateral-Ventricle,IoU,0.6156781418498548
sub-381606,ses-5mo,4,Left-Lateral-Ventricle,Hausdorff,22.67156809750927
sub-381606,ses-5mo,4,Left-Lateral-Ventricle,HD95,6.7082037925720215
sub-381606,ses-5mo,4,Left-Lateral-Ventricle,MI,0.006813873976629685
sub-381606,ses-5mo,4,Left-Lateral-Ventricle,NMI,0.6657440921605867
sub-381606,ses-5mo,18,Left-Amygdala,Dice,0.0
sub-381606,ses-5mo,18,Left-Amygdala,IoU,0.0
sub-381606,ses-5mo,18,Left-Amygdala,Hausdorff,28.231188426986208
sub-381606,ses-5mo,18,Left-Amygdala,HD95,24.78405847549438
sub-381606,ses-5mo,18,Left-Amygdala,MI,3.0341197151354405e-08
sub-381606,ses-5mo,18,Left-Amygdala,NMI,1.6848584806028438e-05
sub-381606,ses-5mo,44,Right-Inf-Lat-Vent,Dice,0.0958904109589041
sub-381606,ses-5mo,44,Right-Inf-Lat-Vent,IoU,0.050359712230215826
sub-381606,ses-5mo,44,Right-Inf-Lat-Vent,Hausdorff,26.019223662515376
sub-381606,ses-5mo,44,Right-Inf-Lat-Vent,HD95,21.607856559753415
sub-381606,ses-5mo,44,Right-Inf-Lat-Vent,MI,4.3203918834451314e-05
sub-381606,ses-5mo,44,Right-Inf-Lat-Vent,NMI,0.05797135064088741
sub-381606,ses-5mo,47,Right-Cerebellum-Cortex,Dice,0.16480496230363853
sub-381606,ses-5mo,47,Right-Cerebellum-Cortex,IoU,0.08980242367618367
sub-381606,ses-5mo,47,Right-Cerebellum-Cortex,Hausdorff,30.166206257996713
sub-381606,ses-5mo,47,Right-Cerebellum-Cortex,HD95,22.315914154052734
sub-381606,ses-5mo,47,Right-Cerebellum-Cortex,MI,0.0024109137901006045
sub-381606,ses-5mo,47,Right-Cerebellum-Cortex,NMI,0.07109477684897464
sub-381606,ses-5mo,13,Left-Pallidum,Dice,0.27188769855929074
sub-381606,ses-5mo,13,Left-Pallidum,IoU,0.1573321932449765
sub-381606,ses-5mo,13,Left-Pallidum,Hausdorff,8.94427190999916
sub-381606,ses-5mo,13,Left-Pallidum,HD95,7.071067810058594
sub-381606,ses-5mo,13,Left-Pallidum,MI,0.0003355568102184889
sub-381606,ses-5mo,13,Left-Pallidum,NMI,0.18685974237549285
sub-381606,ses-5mo,60,Right-VentralDC,Dice,0.18551042810098792
sub-381606,ses-5mo,60,Right-VentralDC,IoU,0.10223835450695705
sub-381606,ses-5mo,60,Right-VentralDC,Hausdorff,16.55294535724685
sub-381606,ses-5mo,60,Right-VentralDC,HD95,12.083045959472656
sub-381606,ses-5mo,60,Right-VentralDC,MI,0.00037877878017930676
sub-381606,ses-5mo,60,Right-VentralDC,NMI,0.11271595396872726
sub-381606,ses-5mo,49,Right-Thalamus,Dice,0.6649636999193331
sub-381606,ses-5mo,49,Right-Thalamus,IoU,0.49808660624370593
sub-381606,ses-5mo,49,Right-Thalamus,Hausdorff,17.233687939614086
sub-381606,ses-5mo,49,Right-Thalamus,HD95,9.433980941772461
sub-381606,ses-5mo,49,Right-Thalamus,MI,0.004419856583233859
sub-381606,ses-5mo,49,Right-Thalamus,NMI,0.5456282066334411
sub-381606,ses-5mo,54,Right-Amygdala,Dice,0.005685856432125089
sub-381606,ses-5mo,54,Right-Amygdala,IoU,0.002851033499643621
sub-381606,ses-5mo,54,Right-Amygdala,Hausdorff,27.477263328068172
sub-381606,ses-5mo,54,Right-Amygdala,HD95,23.600847244262695
sub-381606,ses-5mo,54,Right-Amygdala,MI,2.911847180754168e-06
sub-381606,ses-5mo,54,Right-Amygdala,NMI,0.0015829677749243677
sub-381606,ses-5mo,24,CSF,Dice,0.0018487162652475898
sub-381606,ses-5mo,24,CSF,IoU,0.000925213361118557
sub-381606,ses-5mo,24,CSF,Hausdorff,88.50988645343524
sub-381606,ses-5mo,24,CSF,HD95,72.72550964355469
sub-381606,ses-5mo,24,CSF,MI,6.124922791305321e-05
sub-381606,ses-5mo,24,CSF,NMI,0.0006324854441085364
sub-381606,ses-5mo,16,Brain-Stem,Dice,0.3197346836887526
sub-381606,ses-5mo,16,Brain-Stem,IoU,0.19028821257268985
sub-381606,ses-5mo,16,Brain-Stem,Hausdorff,31.38470965295043
sub-381606,ses-5mo,16,Brain-Stem,HD95,26.250713920593252
sub-381606,ses-5mo,16,Brain-Stem,MI,0.0028680733346733863
sub-381606,ses-5mo,16,Brain-Stem,NMI,0.20531909210560817
sub-381606,ses-5mo,50,Right-Caudate,Dice,0.7319292333614154
sub-381606,ses-5mo,50,Right-Caudate,IoU,0.5771990433165027
sub-381606,ses-5mo,50,Right-Caudate,Hausdorff,7.681145747868608
sub-381606,ses-5mo,50,Right-Caudate,HD95,3.605551242828369
sub-381606,ses-5mo,50,Right-Caudate,MI,0.0022626090975897796
sub-381606,ses-5mo,50,Right-Caudate,NMI,0.6258981209289177
sub-381606,ses-5mo,31,Left-choroid-plexus,Dice,0.03889789303079417
sub-381606,ses-5mo,31,Left-choroid-plexus,IoU,0.019834710743801654
sub-381606,ses-5mo,31,Left-choroid-plexus,Hausdorff,36.29049462324811
sub-381606,ses-5mo,31,Left-choroid-plexus,HD95,10.756217432022076
sub-381606,ses-5mo,31,Left-choroid-plexus,MI,1.7430353495676654e-05
sub-381606,ses-5mo,31,Left-choroid-plexus,NMI,0.019749500499010916
sub-381606,ses-5mo,28,Left-VentralDC,Dice,0.11421273490239008
sub-381606,ses-5mo,28,Left-VentralDC,IoU,0.06056501547987616
sub-381606,ses-5mo,28,Left-VentralDC,Hausdorff,17.916472867168917
sub-381606,ses-5mo,28,Left-VentralDC,HD95,13.490737915039062
sub-381606,ses-5mo,28,Left-VentralDC,MI,0.000209674007328376
sub-381606,ses-5mo,28,Left-VentralDC,NMI,0.06226866756275942
sub-381606,ses-5mo,15,4th-Ventricle,Dice,0.0
sub-381606,ses-5mo,15,4th-Ventricle,IoU,0.0
sub-381606,ses-5mo,15,4th-Ventricle,Hausdorff,30.033314835362415
sub-381606,ses-5mo,15,4th-Ventricle,HD95,21.62636337280274
sub-381606,ses-5mo,15,4th-Ventricle,MI,4.6574342555684954e-08
sub-381606,ses-5mo,15,4th-Ventricle,NMI,1.8875955111052217e-05
sub-381606,ses-5mo,2,Left-Cerebral-White-Matter,Dice,0.5779002748938349
sub-381606,ses-5mo,2,Left-Cerebral-White-Matter,IoU,0.40637113184920454
sub-381606,ses-5mo,2,Left-Cerebral-White-Matter,Hausdorff,61.106464469808756
sub-381606,ses-5mo,2,Left-Cerebral-White-Matter,HD95,7.549834251403809
sub-381606,ses-5mo,2,Left-Cerebral-White-Matter,MI,0.04841804806160413
sub-381606,ses-5mo,2,Left-Cerebral-White-Matter,NMI,0.37518718652152505
sub-381606,ses-5mo,41,Right-Cerebral-White-Matter,Dice,0.5802018292566496
sub-381606,ses-5mo,41,Right-Cerebral-White-Matter,IoU,0.40865092040010087
sub-381606,ses-5mo,41,Right-Cerebral-White-Matter,Hausdorff,44.37341546466758
sub-381606,ses-5mo,41,Right-Cerebral-White-Matter,HD95,7.348469257354736
sub-381606,ses-5mo,41,Right-Cerebral-White-Matter,MI,0.04923171210416426
sub-381606,ses-5mo,41,Right-Cerebral-White-Matter,NMI,0.37804604987734536
sub-381606,ses-5mo,14,3rd-Ventricle,Dice,0.3880181121560432
sub-381606,ses-5mo,14,3rd-Ventricle,IoU,0.2407087294727744
sub-381606,ses-5mo,14,3rd-Ventricle,Hausdorff,11.575836902790225
sub-381606,ses-5mo,14,3rd-Ventricle,HD95,7.8102498054504395
sub-381606,ses-5mo,14,3rd-Ventricle,MI,0.0005926755476575663
sub-381606,ses-5mo,14,3rd-Ventricle,NMI,0.3180410602867803
sub-381606,ses-5mo,63,Right-choroid-plexus,Dice,0.08240680183126227
sub-381606,ses-5mo,63,Right-choroid-plexus,IoU,0.042974079126875855
sub-381606,ses-5mo,63,Right-choroid-plexus,Hausdorff,51.332251070842396
sub-381606,ses-5mo,63,Right-choroid-plexus,HD95,13.75230212211606
sub-381606,ses-5mo,63,Right-choroid-plexus,MI,5.028111275756331e-05
sub-381606,ses-5mo,63,Right-choroid-plexus,NMI,0.04681830686381228
sub-381606,ses-5mo,26,Left-Accumbens-area,Dice,0.0
sub-381606,ses-5mo,26,Left-Accumbens-area,IoU,0.0
sub-381606,ses-5mo,26,Left-Accumbens-area,Hausdorff,12.083045973594572
sub-381606,ses-5mo,26,Left-Accumbens-area,HD95,9.848857879638672
sub-381606,ses-5mo,26,Left-Accumbens-area,MI,3.2607484387435362e-09
sub-381606,ses-5mo,26,Left-Accumbens-area,NMI,5.1233776925956995e-06
sub-381606,ses-5mo,46,Right-Cerebellum-White-Matter,Dice,0.010245193967998159
sub-381606,ses-5mo,46,Right-Cerebellum-White-Matter,IoU,0.0051489730980619035
sub-381606,ses-5mo,46,Right-Cerebellum-White-Matter,Hausdorff,32.817678162843876
sub-381606,ses-5mo,46,Right-Cerebellum-White-Matter,HD95,21.771541595458984
sub-381606,ses-5mo,46,Right-Cerebellum-White-Matter,MI,1.6394628261749976e-05
sub-381606,ses-5mo,46,Right-Cerebellum-White-Matter,NMI,0.0017726026813470255
sub-381606,ses-5mo,7,Left-Cerebellum-White-Matter,Dice,0.013683390810991212
sub-381606,ses-5mo,7,Left-Cerebellum-White-Matter,IoU,0.006888826659199104
sub-381606,ses-5mo,7,Left-Cerebellum-White-Matter,Hausdorff,31.68595903550972
sub-381606,ses-5mo,7,Left-Cerebellum-White-Matter,HD95,21.563858032226562
sub-381606,ses-5mo,7,Left-Cerebellum-White-Matter,MI,2.6792263076449063e-05
sub-381606,ses-5mo,7,Left-Cerebellum-White-Matter,NMI,0.002813603050252448
sub-198202,ses-5mo,51,Right-Putamen,Dice,0.621283255086072
sub-198202,ses-5mo,51,Right-Putamen,IoU,0.45062429057888764
sub-198202,ses-5mo,51,Right-Putamen,Hausdorff,7.3484692283495345
sub-198202,ses-5mo,51,Right-Putamen,HD95,5.196152210235596
sub-198202,ses-5mo,51,Right-Putamen,MI,0.0026306942690465553
sub-198202,ses-5mo,51,Right-Putamen,NMI,0.5075689078880512
sub-198202,ses-5mo,42,Right-Cerebral-Cortex,Dice,0.31594042467545536
sub-198202,ses-5mo,42,Right-Cerebral-Cortex,IoU,0.18760644178194746
sub-198202,ses-5mo,42,Right-Cerebral-Cortex,Hausdorff,26.19160170741759
sub-198202,ses-5mo,42,Right-Cerebral-Cortex,HD95,5.830951690673828
sub-198202,ses-5mo,42,Right-Cerebral-Cortex,MI,0.014416260978918988
sub-198202,ses-5mo,42,Right-Cerebral-Cortex,NMI,0.13650875779525234
sub-198202,ses-5mo,43,Right-Lateral-Ventricle,Dice,0.4692622950819672
sub-198202,ses-5mo,43,Right-Lateral-Ventricle,IoU,0.30655957161981257
sub-198202,ses-5mo,43,Right-Lateral-Ventricle,Hausdorff,11.180339887498949
sub-198202,ses-5mo,43,Right-Lateral-Ventricle,HD95,5.099019527435303
sub-198202,ses-5mo,43,Right-Lateral-Ventricle,MI,0.002346836650761961
sub-198202,ses-5mo,43,Right-Lateral-Ventricle,NMI,0.3910461710047891
sub-198202,ses-5mo,85,Optic-Chiasm,Dice,0.0
sub-198202,ses-5mo,85,Optic-Chiasm,IoU,0.0
sub-198202,ses-5mo,85,Optic-Chiasm,Hausdorff,21.656407827707714
sub-198202,ses-5mo,85,Optic-Chiasm,HD95,20.976136207580566
sub-198202,ses-5mo,85,Optic-Chiasm,MI,2.437647046614819e-12
sub-198202,ses-5mo,85,Optic-Chiasm,NMI,2.2946165757053572e-08
sub-198202,ses-5mo,62,Right-vessel,Dice,0.0
sub-198202,ses-5mo,62,Right-vessel,IoU,0.0
sub-198202,ses-5mo,62,Right-vessel,Hausdorff,4.242640687119285
sub-198202,ses-5mo,62,Right-vessel,HD95,3.7416574954986572
sub-198202,ses-5mo,62,Right-vessel,MI,5.580993769883046e-13
sub-198202,ses-5mo,62,Right-vessel,NMI,1.9846437411020277e-08
sub-198202,ses-5mo,5,Left-Inf-Lat-Vent,Dice,0.31607629427792916
sub-198202,ses-5mo,5,Left-Inf-Lat-Vent,IoU,0.18770226537216828
sub-198202,ses-5mo,5,Left-Inf-Lat-Vent,Hausdorff,16.30950643030009
sub-198202,ses-5mo,5,Left-Inf-Lat-Vent,HD95,10.344079971313477
sub-198202,ses-5mo,5,Left-Inf-Lat-Vent,MI,0.00013199421759543437
sub-198202,ses-5mo,5,Left-Inf-Lat-Vent,NMI,0.23944292901264821
sub-198202,ses-5mo,58,Right-Accumbens-area,Dice,0.023174971031286212
sub-198202,ses-5mo,58,Right-Accumbens-area,IoU,0.011723329425556858
sub-198202,ses-5mo,58,Right-Accumbens-area,Hausdorff,8.831760866327848
sub-198202,ses-5mo,58,Right-Accumbens-area,HD95,6.77862372398376
sub-198202,ses-5mo,58,Right-Accumbens-area,MI,6.9099151724085664e-06
sub-198202,ses-5mo,58,Right-Accumbens-area,NMI,0.010783274314298373
sub-198202,ses-5mo,17,Left-Hippocampus,Dice,0.447658175842235
sub-198202,ses-5mo,17,Left-Hippocampus,IoU,0.28837603218293456
sub-198202,ses-5mo,17,Left-Hippocampus,Hausdorff,14.422205101855956
sub-198202,ses-5mo,17,Left-Hippocampus,HD95,6.480740547180176
sub-198202,ses-5mo,17,Left-Hippocampus,MI,0.0012432480526878005
sub-198202,ses-5mo,17,Left-Hippocampus,NMI,0.33727772686842433
sub-198202,ses-5mo,53,Right-Hippocampus,Dice,0.4395641240569992
sub-198202,ses-5mo,53,Right-Hippocampus,IoU,0.2816931671680275
sub-198202,ses-5mo,53,Right-Hippocampus,Hausdorff,13.45362404707371
sub-198202,ses-5mo,53,Right-Hippocampus,HD95,6.4031243324279785
sub-198202,ses-5mo,53,Right-Hippocampus,MI,0.0011942600009986959
sub-198202,ses-5mo,53,Right-Hippocampus,NMI,0.32973528742587027
sub-198202,ses-5mo,10,Left-Thalamus,Dice,0.7708959711365003
sub-198202,ses-5mo,10,Left-Thalamus,IoU,0.62720156555773
sub-198202,ses-5mo,10,Left-Thalamus,Hausdorff,6.708203932499369
sub-198202,ses-5mo,10,Left-Thalamus,HD95,4.123105525970459
sub-198202,ses-5mo,10,Left-Thalamus,MI,0.00491885185827547
sub-198202,ses-5mo,10,Left-Thalamus,NMI,0.6689965110816628
sub-198202,ses-5mo,12,Left-Putamen,Dice,0.5649717514124294
sub-198202,ses-5mo,12,Left-Putamen,IoU,0.3937007874015748
sub-198202,ses-5mo,12,Left-Putamen,Hausdorff,10.0
sub-198202,ses-5mo,12,Left-Putamen,HD95,7.368696117401074
sub-198202,ses-5mo,12,Left-Putamen,MI,0.0024269458362770435
sub-198202,ses-5mo,12,Left-Putamen,NMI,0.4580838361455558
sub-198202,ses-5mo,52,Right-Pallidum,Dice,0.6259649122807017
sub-198202,ses-5mo,52,Right-Pallidum,IoU,0.45556690500510727
sub-198202,ses-5mo,52,Right-Pallidum,Hausdorff,5.0990195135927845
sub-198202,ses-5mo,52,Right-Pallidum,HD95,3.1622776985168457
sub-198202,ses-5mo,52,Right-Pallidum,MI,0.000985595819202717
sub-198202,ses-5mo,52,Right-Pallidum,NMI,0.5249385740128487
sub-198202,ses-5mo,8,Left-Cerebellum-Cortex,Dice,0.23698895887720642
sub-198202,ses-5mo,8,Left-Cerebellum-Cortex,IoU,0.13442284441184063
sub-198202,ses-5mo,8,Left-Cerebellum-Cortex,Hausdorff,27.477263328068172
sub-198202,ses-5mo,8,Left-Cerebellum-Cortex,HD95,20.02498435974121
sub-198202,ses-5mo,8,Left-Cerebellum-Cortex,MI,0.004282764883726219
sub-198202,ses-5mo,8,Left-Cerebellum-Cortex,NMI,0.12145943032967287
sub-198202,ses-5mo,11,Left-Caudate,Dice,0.5929928534077044
sub-198202,ses-5mo,11,Left-Caudate,IoU,0.42145688800792863
sub-198202,ses-5mo,11,Left-Caudate,Hausdorff,5.744562646538029
sub-198202,ses-5mo,11,Left-Caudate,HD95,3.0
sub-198202,ses-5mo,11,Left-Caudate,MI,0.0016920693183501388
sub-198202,ses-5mo,11,Left-Caudate,NMI,0.4834893568921332
sub-198202,ses-5mo,3,Left-Cerebral-Cortex,Dice,0.31848170181529
sub-198202,ses-5mo,3,Left-Cerebral-Cortex,IoU,0.18940127036328316
sub-198202,ses-5mo,3,Left-Cerebral-Cortex,Hausdorff,71.26008700527947
sub-198202,ses-5mo,3,Left-Cerebral-Cortex,HD95,6.7082037925720215
sub-198202,ses-5mo,3,Left-Cerebral-Cortex,MI,0.014751006964411506
sub-198202,ses-5mo,3,Left-Cerebral-Cortex,NMI,0.13654461676371696
sub-198202,ses-5mo,4,Left-Lateral-Ventricle,Dice,0.48560273304050755
sub-198202,ses-5mo,4,Left-Lateral-Ventricle,IoU,0.3206574282951982
sub-198202,ses-5mo,4,Left-Lateral-Ventricle,Hausdorff,10.44030650891055
sub-198202,ses-5mo,4,Left-Lateral-Ventricle,HD95,5.385164737701416
sub-198202,ses-5mo,4,Left-Lateral-Ventricle,MI,0.0027335900212332584
sub-198202,ses-5mo,4,Left-Lateral-Ventricle,NMI,0.4040819097597475
sub-198202,ses-5mo,18,Left-Amygdala,Dice,0.312
sub-198202,ses-5mo,18,Left-Amygdala,IoU,0.1848341232227488
sub-198202,ses-5mo,18,Left-Amygdala,Hausdorff,26.38181191654584
sub-198202,ses-5mo,18,Left-Amygdala,HD95,11.704699516296387
sub-198202,ses-5mo,18,Left-Amygdala,MI,0.0003400380500205053
sub-198202,ses-5mo,18,Left-Amygdala,NMI,0.2237977146119818
sub-198202,ses-5mo,44,Right-Inf-Lat-Vent,Dice,0.24347826086956523
sub-198202,ses-5mo,44,Right-Inf-Lat-Vent,IoU,0.13861386138613863
sub-198202,ses-5mo,44,Right-Inf-Lat-Vent,Hausdorff,17.74823934929885
sub-198202,ses-5mo,44,Right-Inf-Lat-Vent,HD95,7.8102498054504395
sub-198202,ses-5mo,44,Right-Inf-Lat-Vent,MI,9.116059729272548e-05
sub-198202,ses-5mo,44,Right-Inf-Lat-Vent,NMI,0.17447040814612033
sub-198202,ses-5mo,47,Right-Cerebellum-Cortex,Dice,0.28853722241263163
sub-198202,ses-5mo,47,Right-Cerebellum-Cortex,IoU,0.16859100074579456
sub-198202,ses-5mo,47,Right-Cerebellum-Cortex,Hausdorff,26.095976701399778
sub-198202,ses-5mo,47,Right-Cerebellum-Cortex,HD95,19.385556221008187
sub-198202,ses-5mo,47,Right-Cerebellum-Cortex,MI,0.005685969841252832
sub-198202,ses-5mo,47,Right-Cerebellum-Cortex,NMI,0.1593546584096972
sub-198202,ses-5mo,13,Left-Pallidum,Dice,0.6066536203522505
sub-198202,ses-5mo,13,Left-Pallidum,IoU,0.4353932584269663
sub-198202,ses-5mo,13,Left-Pallidum,Hausdorff,7.14142842854285
sub-198202,ses-5mo,13,Left-Pallidum,HD95,4.123105525970459
sub-198202,ses-5mo,13,Left-Pallidum,MI,0.001010794373810777
sub-198202,ses-5mo,13,Left-Pallidum,NMI,0.5044333910208684
sub-198202,ses-5mo,60,Right-VentralDC,Dice,0.6927292656192912
sub-198202,ses-5mo,60,Right-VentralDC,IoU,0.5299049748462829
sub-198202,ses-5mo,60,Right-VentralDC,Hausdorff,8.12403840463596
sub-198202,ses-5mo,60,Right-VentralDC,HD95,3.7416574954986572
sub-198202,ses-5mo,60,Right-VentralDC,MI,0.0019597716398727146
sub-198202,ses-5mo,60,Right-VentralDC,NMI,0.5824113272024461
sub-198202,ses-5mo,49,Right-Thalamus,Dice,0.7916391275611369
sub-198202,ses-5mo,49,Right-Thalamus,IoU,0.6551346916450157
sub-198202,ses-5mo,49,Right-Thalamus,Hausdorff,7.280109889280518
sub-198202,ses-5mo,49,Right-Thalamus,HD95,3.0
sub-198202,ses-5mo,49,Right-Thalamus,MI,0.004720210054705638
sub-198202,ses-5mo,49,Right-Thalamus,NMI,0.6974238440297589
sub-198202,ses-5mo,54,Right-Amygdala,Dice,0.3078902229845626
sub-198202,ses-5mo,54,Right-Amygdala,IoU,0.1819564115560061
sub-198202,ses-5mo,54,Right-Amygdala,Hausdorff,15.297058540778355
sub-198202,ses-5mo,54,Right-Amygdala,HD95,9.48154745101928
sub-198202,ses-5mo,54,Right-Amygdala,MI,0.00034649112492284517
sub-198202,ses-5mo,54,Right-Amygdala,NMI,0.22105058109780626
sub-198202,ses-5mo,24,CSF,Dice,0.001650777216973671
sub-198202,ses-5mo,24,CSF,IoU,0.0008260704376158514
sub-198202,ses-5mo,24,CSF,Hausdorff,81.2773031048644
sub-198202,ses-5mo,24,CSF,HD95,69.65629577636719
sub-198202,ses-5mo,24,CSF,MI,6.679605136976645e-05
sub-198202,ses-5mo,24,CSF,NMI,0.0006898974160828297
sub-198202,ses-5mo,16,Brain-Stem,Dice,0.4916451969083548
sub-198202,ses-5mo,16,Brain-Stem,IoU,0.3259479771607047
sub-198202,ses-5mo,16,Brain-Stem,Hausdorff,27.09243436828813
sub-198202,ses-5mo,16,Brain-Stem,HD95,20.57667427062983
sub-198202,ses-5mo,16,Brain-Stem,MI,0.004898713109930062
sub-198202,ses-5mo,16,Brain-Stem,NMI,0.35945513931671375
sub-198202,ses-5mo,50,Right-Caudate,Dice,0.6655859944885719
sub-198202,ses-5mo,50,Right-Caudate,IoU,0.4987852283770651
sub-198202,ses-5mo,50,Right-Caudate,Hausdorff,11.575836902790225
sub-198202,ses-5mo,50,Right-Caudate,HD95,2.4494898319244385
sub-198202,ses-5mo,50,Right-Caudate,MI,0.0020918510600511806
sub-198202,ses-5mo,50,Right-Caudate,NMI,0.5602220984291875
sub-198202,ses-5mo,30,Left-vessel,Dice,0.0
sub-198202,ses-5mo,30,Left-vessel,IoU,0.0
sub-198202,ses-5mo,30,Left-vessel,Hausdorff,9.695359714832659
sub-198202,ses-5mo,30,Left-vessel,HD95,8.558583974838257
sub-198202,ses-5mo,30,Left-vessel,MI,5.982520734568717e-12
sub-198202,ses-5mo,30,Left-vessel,NMI,1.688471402193742e-07
sub-198202,ses-5mo,31,Left-choroid-plexus,Dice,0.0
sub-198202,ses-5mo,31,Left-choroid-plexus,IoU,0.0
sub-198202,ses-5mo,31,Left-choroid-plexus,Hausdorff,30.822070014844883
sub-198202,ses-5mo,31,Left-choroid-plexus,HD95,7.8102498054504395
sub-198202,ses-5mo,31,Left-choroid-plexus,MI,2.350063049935962e-09
sub-198202,ses-5mo,31,Left-choroid-plexus,NMI,4.40836622896041e-06
sub-198202,ses-5mo,28,Left-VentralDC,Dice,0.6611865618298784
sub-198202,ses-5mo,28,Left-VentralDC,IoU,0.4938601174586225
sub-198202,ses-5mo,28,Left-VentralDC,Hausdorff,9.16515138991168
sub-198202,ses-5mo,28,Left-VentralDC,HD95,4.0
sub-198202,ses-5mo,28,Left-VentralDC,MI,0.0018800436434632598
sub-198202,ses-5mo,28,Left-VentralDC,NMI,0.5479538232803182
sub-198202,ses-5mo,15,4th-Ventricle,Dice,0.17765042979942694
sub-198202,ses-5mo,15,4th-Ventricle,IoU,0.09748427672955975
sub-198202,ses-5mo,15,4th-Ventricle,Hausdorff,31.827660925679098
sub-198202,ses-5mo,15,4th-Ventricle,HD95,24.854575634002686
sub-198202,ses-5mo,15,4th-Ventricle,MI,0.00021674537492322638
sub-198202,ses-5mo,15,4th-Ventricle,NMI,0.11875086530395063
sub-198202,ses-5mo,2,Left-Cerebral-White-Matter,Dice,0.6415248835498897
sub-198202,ses-5mo,2,Left-Cerebral-White-Matter,IoU,0.47223896542638627
sub-198202,ses-5mo,2,Left-Cerebral-White-Matter,Hausdorff,21.283796653792763
sub-198202,ses-5mo,2,Left-Cerebral-White-Matter,HD95,3.605551242828369
sub-198202,ses-5mo,2,Left-Cerebral-White-Matter,MI,0.05534853929757349
sub-198202,ses-5mo,2,Left-Cerebral-White-Matter,NMI,0.4318208853517097
sub-198202,ses-5mo,41,Right-Cerebral-White-Matter,Dice,0.6664402800079559
sub-198202,ses-5mo,41,Right-Cerebral-White-Matter,IoU,0.4997453582445725
sub-198202,ses-5mo,41,Right-Cerebral-White-Matter,Hausdorff,20.248456731316587
sub-198202,ses-5mo,41,Right-Cerebral-White-Matter,HD95,3.316624879837036
sub-198202,ses-5mo,41,Right-Cerebral-White-Matter,MI,0.05932671203004282
sub-198202,ses-5mo,41,Right-Cerebral-White-Matter,NMI,0.45877886907928567
sub-198202,ses-5mo,14,3rd-Ventricle,Dice,0.7129217059197963
sub-198202,ses-5mo,14,3rd-Ventricle,IoU,0.5539070227497527
sub-198202,ses-5mo,14,3rd-Ventricle,Hausdorff,5.0990195135927845
sub-198202,ses-5mo,14,3rd-Ventricle,HD95,2.2360680103302
sub-198202,ses-5mo,14,3rd-Ventricle,MI,0.000709461833251982
sub-198202,ses-5mo,14,3rd-Ventricle,NMI,0.6465120784123433
sub-198202,ses-5mo,63,Right-choroid-plexus,Dice,0.017761989342806393
sub-198202,ses-5mo,63,Right-choroid-plexus,IoU,0.008960573476702509
sub-198202,ses-5mo,63,Right-choroid-plexus,Hausdorff,13.92838827718412
sub-198202,ses-5mo,63,Right-choroid-plexus,HD95,7.902245211601253
sub-198202,ses-5mo,63,Right-choroid-plexus,MI,3.5604707588849936e-06
sub-198202,ses-5mo,63,Right-choroid-plexus,NMI,0.008189720564826444
sub-198202,ses-5mo,26,Left-Accumbens-area,Dice,0.007944389275074478
sub-198202,ses-5mo,26,Left-Accumbens-area,IoU,0.003988035892323031
sub-198202,ses-5mo,26,Left-Accumbens-area,Hausdorff,9.16515138991168
sub-198202,ses-5mo,26,Left-Accumbens-area,HD95,7.6157732009887695
sub-198202,ses-5mo,26,Left-Accumbens-area,MI,2.079712879020475e-06
sub-198202,ses-5mo,26,Left-Accumbens-area,NMI,0.002821866074818725
sub-198202,ses-5mo,46,Right-Cerebellum-White-Matter,Dice,0.16863499038725624
sub-198202,ses-5mo,46,Right-Cerebellum-White-Matter,IoU,0.09208158368326334
sub-198202,ses-5mo,46,Right-Cerebellum-White-Matter,Hausdorff,20.71231517720798
sub-198202,ses-5mo,46,Right-Cerebellum-White-Matter,HD95,9.848857879638672
sub-198202,ses-5mo,46,Right-Cerebellum-White-Matter,MI,0.0008687089567868005
sub-198202,ses-5mo,46,Right-Cerebellum-White-Matter,NMI,0.08981579336295993
sub-198202,ses-5mo,7,Left-Cerebellum-White-Matter,Dice,0.09886189909971123
sub-198202,ses-5mo,7,Left-Cerebellum-White-Matter,IoU,0.052001429592566116
sub-198202,ses-5mo,7,Left-Cerebellum-White-Matter,Hausdorff,20.223748416156685
sub-198202,ses-5mo,7,Left-Cerebellum-White-Matter,HD95,10.630146026611328
sub-198202,ses-5mo,7,Left-Cerebellum-White-Matter,MI,0.0004272079009172017
sub-198202,ses-5mo,7,Left-Cerebellum-White-Matter,NMI,0.04541121492506583
sub-198202,ses-8mo,51,Right-Putamen,Dice,0.7952101119858077
sub-198202,ses-8mo,51,Right-Putamen,IoU,0.6600404932817965
sub-198202,ses-8mo,51,Right-Putamen,Hausdorff,5.0990195135927845
sub-198202,ses-8mo,51,Right-Putamen,HD95,2.4494898319244385
sub-198202,ses-8mo,51,Right-Putamen,MI,0.0036424144651529488
sub-198202,ses-8mo,51,Right-Putamen,NMI,0.6961748353463344
sub-198202,ses-8mo,42,Right-Cerebral-Cortex,Dice,0.6991154713813545
sub-198202,ses-8mo,42,Right-Cerebral-Cortex,IoU,0.5374154707825728
sub-198202,ses-8mo,42,Right-Cerebral-Cortex,Hausdorff,17.72004514666935
sub-198202,ses-8mo,42,Right-Cerebral-Cortex,HD95,4.123105525970459
sub-198202,ses-8mo,42,Right-Cerebral-Cortex,MI,0.06961078202264724
sub-198202,ses-8mo,42,Right-Cerebral-Cortex,NMI,0.4801448636782284
sub-198202,ses-8mo,43,Right-Lateral-Ventricle,Dice,0.5427440018634987
sub-198202,ses-8mo,43,Right-Lateral-Ventricle,IoU,0.37244245524296676
sub-198202,ses-8mo,43,Right-Lateral-Ventricle,Hausdorff,11.704699910719626
sub-198202,ses-8mo,43,Right-Lateral-Ventricle,HD95,4.242640495300293
sub-198202,ses-8mo,43,Right-Lateral-Ventricle,MI,0.002307387629843662
sub-198202,ses-8mo,43,Right-Lateral-Ventricle,NMI,0.46613449524977757
sub-198202,ses-8mo,85,Optic-Chiasm,Dice,0.42138364779874216
sub-198202,ses-8mo,85,Optic-Chiasm,IoU,0.26693227091633465
sub-198202,ses-8mo,85,Optic-Chiasm,Hausdorff,11.74734012447073
sub-198202,ses-8mo,85,Optic-Chiasm,HD95,6.47256565093994
sub-198202,ses-8mo,85,Optic-Chiasm,MI,8.688102214089751e-05
sub-198202,ses-8mo,85,Optic-Chiasm,NMI,0.3366197920120214
sub-198202,ses-8mo,5,Left-Inf-Lat-Vent,Dice,0.6071942446043166
sub-198202,ses-8mo,5,Left-Inf-Lat-Vent,IoU,0.4359504132231405
sub-198202,ses-8mo,5,Left-Inf-Lat-Vent,Hausdorff,8.246211251235321
sub-198202,ses-8mo,5,Left-Inf-Lat-Vent,HD95,4.358899116516113
sub-198202,ses-8mo,5,Left-Inf-Lat-Vent,MI,0.00027021828242833844
sub-198202,ses-8mo,5,Left-Inf-Lat-Vent,NMI,0.5133110162458994
sub-198202,ses-8mo,58,Right-Accumbens-area,Dice,0.48440748440748443
sub-198202,ses-8mo,58,Right-Accumbens-area,IoU,0.3196159122085048
sub-198202,ses-8mo,58,Right-Accumbens-area,Hausdorff,5.0990195135927845
sub-198202,ses-8mo,58,Right-Accumbens-area,HD95,3.464101552963257
sub-198202,ses-8mo,58,Right-Accumbens-area,MI,0.00027623160270327514
sub-198202,ses-8mo,58,Right-Accumbens-area,NMI,0.39133230831791377
sub-198202,ses-8mo,17,Left-Hippocampus,Dice,0.7499603111605017
sub-198202,ses-8mo,17,Left-Hippocampus,IoU,0.5999491998983998
sub-198202,ses-8mo,17,Left-Hippocampus,Hausdorff,7.810249675906654
sub-198202,ses-8mo,17,Left-Hippocampus,HD95,4.123105525970459
sub-198202,ses-8mo,17,Left-Hippocampus,MI,0.0024989397212465117
sub-198202,ses-8mo,17,Left-Hippocampus,NMI,0.6567202147733401
sub-198202,ses-8mo,53,Right-Hippocampus,Dice,0.789256828933313
sub-198202,ses-8mo,53,Right-Hippocampus,IoU,0.6518779934459289
sub-198202,ses-8mo,53,Right-Hippocampus,Hausdorff,7.874007874011811
sub-198202,ses-8mo,53,Right-Hippocampus,HD95,3.7416574954986572
sub-198202,ses-8mo,53,Right-Hippocampus,MI,0.002755537429075869
sub-198202,ses-8mo,53,Right-Hippocampus,NMI,0.6987287999514994
sub-198202,ses-8mo,10,Left-Thalamus,Dice,0.7870211102423769
sub-198202,ses-8mo,10,Left-Thalamus,IoU,0.6488333118473637
sub-198202,ses-8mo,10,Left-Thalamus,Hausdorff,5.0
sub-198202,ses-8mo,10,Left-Thalamus,HD95,3.0
sub-198202,ses-8mo,10,Left-Thalamus,MI,0.0050205244362571295
sub-198202,ses-8mo,10,Left-Thalamus,NMI,0.7078654666984507
sub-198202,ses-8mo,12,Left-Putamen,Dice,0.8057375197650779
sub-198202,ses-8mo,12,Left-Putamen,IoU,0.6746737280121051
sub-198202,ses-8mo,12,Left-Putamen,Hausdorff,6.082762530298219
sub-198202,ses-8mo,12,Left-Putamen,HD95,2.2360680103302
sub-198202,ses-8mo,12,Left-Putamen,MI,0.003669622656696034
sub-198202,ses-8mo,12,Left-Putamen,NMI,0.7131571057692103
sub-198202,ses-8mo,52,Right-Pallidum,Dice,0.7778637770897833
sub-198202,ses-8mo,52,Right-Pallidum,IoU,0.6364787840405319
sub-198202,ses-8mo,52,Right-Pallidum,Hausdorff,3.1622776601683795
sub-198202,ses-8mo,52,Right-Pallidum,HD95,1.7320507764816284
sub-198202,ses-8mo,52,Right-Pallidum,MI,0.001198403608622736
sub-198202,ses-8mo,52,Right-Pallidum,NMI,0.6963175925104923
sub-198202,ses-8mo,8,Left-Cerebellum-Cortex,Dice,0.6427445055853909
sub-198202,ses-8mo,8,Left-Cerebellum-Cortex,IoU,0.4735619109522262
sub-198202,ses-8mo,8,Left-Cerebellum-Cortex,Hausdorff,23.853720883753127
sub-198202,ses-8mo,8,Left-Cerebellum-Cortex,HD95,15.231546401977539
sub-198202,ses-8mo,8,Left-Cerebellum-Cortex,MI,0.018363578494260895
sub-198202,ses-8mo,8,Left-Cerebellum-Cortex,NMI,0.4829293013726752
sub-198202,ses-8mo,11,Left-Caudate,Dice,0.7224050254262638
sub-198202,ses-8mo,11,Left-Caudate,IoU,0.5654413486302974
sub-198202,ses-8mo,11,Left-Caudate,Hausdorff,3.7416573867739413
sub-198202,ses-8mo,11,Left-Caudate,HD95,2.4494898319244385
sub-198202,ses-8mo,11,Left-Caudate,MI,0.002506509672156797
sub-198202,ses-8mo,11,Left-Caudate,NMI,0.6250691187572609
sub-198202,ses-8mo,3,Left-Cerebral-Cortex,Dice,0.7123745106234167
sub-198202,ses-8mo,3,Left-Cerebral-Cortex,IoU,0.5532466672186801
sub-198202,ses-8mo,3,Left-Cerebral-Cortex,Hausdorff,20.322401432901575
sub-198202,ses-8mo,3,Left-Cerebral-Cortex,HD95,3.605551242828369
sub-198202,ses-8mo,3,Left-Cerebral-Cortex,MI,0.07128173211709099
sub-198202,ses-8mo,3,Left-Cerebral-Cortex,NMI,0.49778519226362594
sub-198202,ses-8mo,4,Left-Lateral-Ventricle,Dice,0.5890292104502073
sub-198202,ses-8mo,4,Left-Lateral-Ventricle,IoU,0.4174637879201968
sub-198202,ses-8mo,4,Left-Lateral-Ventricle,Hausdorff,10.63014581273465
sub-198202,ses-8mo,4,Left-Lateral-Ventricle,HD95,3.7416574954986572
sub-198202,ses-8mo,4,Left-Lateral-Ventricle,MI,0.002965328538435705
sub-198202,ses-8mo,4,Left-Lateral-Ventricle,NMI,0.5059626245249186
sub-198202,ses-8mo,18,Left-Amygdala,Dice,0.5982246236974141
sub-198202,ses-8mo,18,Left-Amygdala,IoU,0.42676211453744495
sub-198202,ses-8mo,18,Left-Amygdala,Hausdorff,8.602325267042627
sub-198202,ses-8mo,18,Left-Amygdala,HD95,6.4031243324279785
sub-198202,ses-8mo,18,Left-Amygdala,MI,0.0008593784808129363
sub-198202,ses-8mo,18,Left-Amygdala,NMI,0.49879881104269086
sub-198202,ses-8mo,44,Right-Inf-Lat-Vent,Dice,0.46887966804979253
sub-198202,ses-8mo,44,Right-Inf-Lat-Vent,IoU,0.3062330623306233
sub-198202,ses-8mo,44,Right-Inf-Lat-Vent,Hausdorff,11.0
sub-198202,ses-8mo,44,Right-Inf-Lat-Vent,HD95,6.636997461318966
sub-198202,ses-8mo,44,Right-Inf-Lat-Vent,MI,0.00014532664914194504
sub-198202,ses-8mo,44,Right-Inf-Lat-Vent,NMI,0.38650292891911875
sub-198202,ses-8mo,47,Right-Cerebellum-Cortex,Dice,0.6966927521066868
sub-198202,ses-8mo,47,Right-Cerebellum-Cortex,IoU,0.5345575674752306
sub-198202,ses-8mo,47,Right-Cerebellum-Cortex,Hausdorff,20.12461179749811
sub-198202,ses-8mo,47,Right-Cerebellum-Cortex,HD95,12.649110794067383
sub-198202,ses-8mo,47,Right-Cerebellum-Cortex,MI,0.02053826347115245
sub-198202,ses-8mo,47,Right-Cerebellum-Cortex,NMI,0.5441481236359265
sub-198202,ses-8mo,13,Left-Pallidum,Dice,0.7576276996914638
sub-198202,ses-8mo,13,Left-Pallidum,IoU,0.6098233995584988
sub-198202,ses-8mo,13,Left-Pallidum,Hausdorff,4.58257569495584
sub-198202,ses-8mo,13,Left-Pallidum,HD95,2.2360680103302
sub-198202,ses-8mo,13,Left-Pallidum,MI,0.0013073567169350274
sub-198202,ses-8mo,13,Left-Pallidum,NMI,0.6823753378899483
sub-198202,ses-8mo,60,Right-VentralDC,Dice,0.7966890843248836
sub-198202,ses-8mo,60,Right-VentralDC,IoU,0.6620808254514188
sub-198202,ses-8mo,60,Right-VentralDC,Hausdorff,5.196152422706632
sub-198202,ses-8mo,60,Right-VentralDC,HD95,2.2360680103302
sub-198202,ses-8mo,60,Right-VentralDC,MI,0.0024950160124853323
sub-198202,ses-8mo,60,Right-VentralDC,NMI,0.70465542368926
sub-198202,ses-8mo,49,Right-Thalamus,Dice,0.8012447792973548
sub-198202,ses-8mo,49,Right-Thalamus,IoU,0.6683973220385299
sub-198202,ses-8mo,49,Right-Thalamus,Hausdorff,4.123105625617661
sub-198202,ses-8mo,49,Right-Thalamus,HD95,2.8284270763397217
sub-198202,ses-8mo,49,Right-Thalamus,MI,0.004950327139982189
sub-198202,ses-8mo,49,Right-Thalamus,NMI,0.7267110296945783
sub-198202,ses-8mo,54,Right-Amygdala,Dice,0.5404157043879908
sub-198202,ses-8mo,54,Right-Amygdala,IoU,0.370253164556962
sub-198202,ses-8mo,54,Right-Amygdala,Hausdorff,8.48528137423857
sub-198202,ses-8mo,54,Right-Amygdala,HD95,6.4613364934921265
sub-198202,ses-8mo,54,Right-Amygdala,MI,0.0007602243916591232
sub-198202,ses-8mo,54,Right-Amygdala,NMI,0.4404718191879954
sub-198202,ses-8mo,24,CSF,Dice,0.001710498182595681
sub-198202,ses-8mo,24,CSF,IoU,0.0008559811684142949
sub-198202,ses-8mo,24,CSF,Hausdorff,80.00624975587844
sub-198202,ses-8mo,24,CSF,HD95,68.42514038085938
sub-198202,ses-8mo,24,CSF,MI,8.692922572524825e-05
sub-198202,ses-8mo,24,CSF,NMI,0.0007556684066679459
sub-198202,ses-8mo,16,Brain-Stem,Dice,0.8102093718843469
sub-198202,ses-8mo,16,Brain-Stem,IoU,0.6809680230609372
sub-198202,ses-8mo,16,Brain-Stem,Hausdorff,21.213203435596427
sub-198202,ses-8mo,16,Brain-Stem,HD95,10.677078247070312
sub-198202,ses-8mo,16,Brain-Stem,MI,0.009102941983172535
sub-198202,ses-8mo,16,Brain-Stem,NMI,0.7136759728541028
sub-198202,ses-8mo,50,Right-Caudate,Dice,0.753319357092942
sub-198202,ses-8mo,50,Right-Caudate,IoU,0.6042600896860987
sub-198202,ses-8mo,50,Right-Caudate,Hausdorff,3.605551275463989
sub-198202,ses-8mo,50,Right-Caudate,HD95,2.2360680103302
sub-198202,ses-8mo,50,Right-Caudate,MI,0.002814654214630651
sub-198202,ses-8mo,50,Right-Caudate,NMI,0.660965653481605
sub-198202,ses-8mo,31,Left-choroid-plexus,Dice,0.10933940774487472
sub-198202,ses-8mo,31,Left-choroid-plexus,IoU,0.05783132530120482
sub-198202,ses-8mo,31,Left-choroid-plexus,Hausdorff,29.223278392404914
sub-198202,ses-8mo,31,Left-choroid-plexus,HD95,7.141428470611572
sub-198202,ses-8mo,31,Left-choroid-plexus,MI,4.54261921774991e-05
sub-198202,ses-8mo,31,Left-choroid-plexus,NMI,0.07038953599757089
sub-198202,ses-8mo,28,Left-VentralDC,Dice,0.7840612493474857
sub-198202,ses-8mo,28,Left-VentralDC,IoU,0.6448196908986834
sub-198202,ses-8mo,28,Left-VentralDC,Hausdorff,4.58257569495584
sub-198202,ses-8mo,28,Left-VentralDC,HD95,2.2360680103302
sub-198202,ses-8mo,28,Left-VentralDC,MI,0.0024163768900095977
sub-198202,ses-8mo,28,Left-VentralDC,NMI,0.6877912024999331
sub-198202,ses-8mo,15,4th-Ventricle,Dice,0.683138274815778
sub-198202,ses-8mo,15,4th-Ventricle,IoU,0.5187623436471362
sub-198202,ses-8mo,15,4th-Ventricle,Hausdorff,21.118712081942874
sub-198202,ses-8mo,15,4th-Ventricle,HD95,11.706831550598142
sub-198202,ses-8mo,15,4th-Ventricle,MI,0.0009352612830820969
sub-198202,ses-8mo,15,4th-Ventricle,NMI,0.6031948741330023
sub-198202,ses-8mo,2,Left-Cerebral-White-Matter,Dice,0.7244373538945976
sub-198202,ses-8mo,2,Left-Cerebral-White-Matter,IoU,0.5679355350413231
sub-198202,ses-8mo,2,Left-Cerebral-White-Matter,Hausdorff,23.280893453645632
sub-198202,ses-8mo,2,Left-Cerebral-White-Matter,HD95,3.0
sub-198202,ses-8mo,2,Left-Cerebral-White-Matter,MI,0.05953498164916852
sub-198202,ses-8mo,2,Left-Cerebral-White-Matter,NMI,0.5426821247707062
sub-198202,ses-8mo,41,Right-Cerebral-White-Matter,Dice,0.7198654987352776
sub-198202,ses-8mo,41,Right-Cerebral-White-Matter,IoU,0.5623358311365555
sub-198202,ses-8mo,41,Right-Cerebral-White-Matter,Hausdorff,12.884098726725126
sub-198202,ses-8mo,41,Right-Cerebral-White-Matter,HD95,3.1622776985168457
sub-198202,ses-8mo,41,Right-Cerebral-White-Matter,MI,0.05909515650617894
sub-198202,ses-8mo,41,Right-Cerebral-White-Matter,NMI,0.5427281650526269
sub-198202,ses-8mo,14,3rd-Ventricle,Dice,0.7370491803278688
sub-198202,ses-8mo,14,3rd-Ventricle,IoU,0.5835929387331257
sub-198202,ses-8mo,14,3rd-Ventricle,Hausdorff,4.0
sub-198202,ses-8mo,14,3rd-Ventricle,HD95,2.0
sub-198202,ses-8mo,14,3rd-Ventricle,MI,0.0007140030495037897
sub-198202,ses-8mo,14,3rd-Ventricle,NMI,0.6676586712923741
sub-198202,ses-8mo,63,Right-choroid-plexus,Dice,0.10772357723577236
sub-198202,ses-8mo,63,Right-choroid-plexus,IoU,0.05692803437164339
sub-198202,ses-8mo,63,Right-choroid-plexus,Hausdorff,15.937377450509228
sub-198202,ses-8mo,63,Right-choroid-plexus,HD95,5.27175722122192
sub-198202,ses-8mo,63,Right-choroid-plexus,MI,4.942948766138983e-05
sub-198202,ses-8mo,63,Right-choroid-plexus,NMI,0.06916230553645987
sub-198202,ses-8mo,26,Left-Accumbens-area,Dice,0.4731610337972167
sub-198202,ses-8mo,26,Left-Accumbens-area,IoU,0.3098958333333333
sub-198202,ses-8mo,26,Left-Accumbens-area,Hausdorff,5.385164807134504
sub-198202,ses-8mo,26,Left-Accumbens-area,HD95,3.7416574954986572
sub-198202,ses-8mo,26,Left-Accumbens-area,MI,0.00028266254307058306
sub-198202,ses-8mo,26,Left-Accumbens-area,NMI,0.3854172199941729
sub-198202,ses-8mo,46,Right-Cerebellum-White-Matter,Dice,0.6090602072900897
sub-198202,ses-8mo,46,Right-Cerebellum-White-Matter,IoU,0.4378767582049565
sub-198202,ses-8mo,46,Right-Cerebellum-White-Matter,Hausdorff,10.0
sub-198202,ses-8mo,46,Right-Cerebellum-White-Matter,HD95,6.082762718200684
sub-198202,ses-8mo,46,Right-Cerebellum-White-Matter,MI,0.004512616792271246
sub-198202,ses-8mo,46,Right-Cerebellum-White-Matter,NMI,0.4928515891491689
sub-198202,ses-8mo,7,Left-Cerebellum-White-Matter,Dice,0.5623362871314719
sub-198202,ses-8mo,7,Left-Cerebellum-White-Matter,IoU,0.39114591409520855
sub-198202,ses-8mo,7,Left-Cerebellum-White-Matter,Hausdorff,10.04987562112089
sub-198202,ses-8mo,7,Left-Cerebellum-White-Matter,HD95,6.0
sub-198202,ses-8mo,7,Left-Cerebellum-White-Matter,MI,0.004229979582829749
sub-198202,ses-8mo,7,Left-Cerebellum-White-Matter,NMI,0.4452538514999335
sub-850013,ses-8mo,51,Right-Putamen,Dice,0.6945228684359119
sub-850013,ses-8mo,51,Right-Putamen,IoU,0.5320069204152249
sub-850013,ses-8mo,51,Right-Putamen,Hausdorff,9.848857801796104
sub-850013,ses-8mo,51,Right-Putamen,HD95,5.0
sub-850013,ses-8mo,51,Right-Putamen,MI,0.0030189519470412546
sub-850013,ses-8mo,51,Right-Putamen,NMI,0.5873955266134673
sub-850013,ses-8mo,42,Right-Cerebral-Cortex,Dice,0.3812898855574174
sub-850013,ses-8mo,42,Right-Cerebral-Cortex,IoU,0.23555167917679812
sub-850013,ses-8mo,42,Right-Cerebral-Cortex,Hausdorff,27.676705006196094
sub-850013,ses-8mo,42,Right-Cerebral-Cortex,HD95,8.485280990600586
sub-850013,ses-8mo,42,Right-Cerebral-Cortex,MI,0.022643731816751715
sub-850013,ses-8mo,42,Right-Cerebral-Cortex,NMI,0.17192117071181276
sub-850013,ses-8mo,43,Right-Lateral-Ventricle,Dice,0.7908886027044431
sub-850013,ses-8mo,43,Right-Lateral-Ventricle,IoU,0.654107309279723
sub-850013,ses-8mo,43,Right-Lateral-Ventricle,Hausdorff,18.788294228055936
sub-850013,ses-8mo,43,Right-Lateral-Ventricle,HD95,4.358899116516113
sub-850013,ses-8mo,43,Right-Lateral-Ventricle,MI,0.004833469748815266
sub-850013,ses-8mo,43,Right-Lateral-Ventricle,NMI,0.6981606144719124
sub-850013,ses-8mo,85,Optic-Chiasm,Dice,0.26405867970660146
sub-850013,ses-8mo,85,Optic-Chiasm,IoU,0.15211267605633802
sub-850013,ses-8mo,85,Optic-Chiasm,Hausdorff,8.717797887081348
sub-850013,ses-8mo,85,Optic-Chiasm,HD95,7.127356338500977
sub-850013,ses-8mo,85,Optic-Chiasm,MI,6.406854657668484e-05
sub-850013,ses-8mo,85,Optic-Chiasm,NMI,0.19802266545601074
sub-850013,ses-8mo,62,Right-vessel,Dice,0.15384615384615385
sub-850013,ses-8mo,62,Right-vessel,IoU,0.08333333333333333
sub-850013,ses-8mo,62,Right-vessel,Hausdorff,8.54400374531753
sub-850013,ses-8mo,62,Right-vessel,HD95,8.252051448822021
sub-850013,ses-8mo,62,Right-vessel,MI,5.478472275937974e-06
sub-850013,ses-8mo,62,Right-vessel,NMI,0.11264426532927861
sub-850013,ses-8mo,5,Left-Inf-Lat-Vent,Dice,0.5697896749521989
sub-850013,ses-8mo,5,Left-Inf-Lat-Vent,IoU,0.3983957219251337
sub-850013,ses-8mo,5,Left-Inf-Lat-Vent,Hausdorff,18.601075237738275
sub-850013,ses-8mo,5,Left-Inf-Lat-Vent,HD95,4.5933598041534385
sub-850013,ses-8mo,5,Left-Inf-Lat-Vent,MI,0.00019460911316362408
sub-850013,ses-8mo,5,Left-Inf-Lat-Vent,NMI,0.47907262415630186
sub-850013,ses-8mo,58,Right-Accumbens-area,Dice,0.09742895805142084
sub-850013,ses-8mo,58,Right-Accumbens-area,IoU,0.051209103840682786
sub-850013,ses-8mo,58,Right-Accumbens-area,Hausdorff,9.433981132056603
sub-850013,ses-8mo,58,Right-Accumbens-area,HD95,6.7082037925720215
sub-850013,ses-8mo,58,Right-Accumbens-area,MI,3.3410134569971696e-05
sub-850013,ses-8mo,58,Right-Accumbens-area,NMI,0.06012893214375891
sub-850013,ses-8mo,17,Left-Hippocampus,Dice,0.43210517211555094
sub-850013,ses-8mo,17,Left-Hippocampus,IoU,0.2755957634598411
sub-850013,ses-8mo,17,Left-Hippocampus,Hausdorff,14.317821063276353
sub-850013,ses-8mo,17,Left-Hippocampus,HD95,9.380831718444824
sub-850013,ses-8mo,17,Left-Hippocampus,MI,0.0011636758629195185
sub-850013,ses-8mo,17,Left-Hippocampus,NMI,0.33169713101584203
sub-850013,ses-8mo,53,Right-Hippocampus,Dice,0.39067922657411996
sub-850013,ses-8mo,53,Right-Hippocampus,IoU,0.24276032039433149
sub-850013,ses-8mo,53,Right-Hippocampus,Hausdorff,20.024984394500787
sub-850013,ses-8mo,53,Right-Hippocampus,HD95,12.083045959472656
sub-850013,ses-8mo,53,Right-Hippocampus,MI,0.0010613113990463495
sub-850013,ses-8mo,53,Right-Hippocampus,NMI,0.2903559284977274
sub-850013,ses-8mo,10,Left-Thalamus,Dice,0.8046434494195688
sub-850013,ses-8mo,10,Left-Thalamus,IoU,0.6731409544950056
sub-850013,ses-8mo,10,Left-Thalamus,Hausdorff,5.744562646538029
sub-850013,ses-8mo,10,Left-Thalamus,HD95,3.605551242828369
sub-850013,ses-8mo,10,Left-Thalamus,MI,0.004831449839994353
sub-850013,ses-8mo,10,Left-Thalamus,NMI,0.7162507888749945
sub-850013,ses-8mo,12,Left-Putamen,Dice,0.7442469189660814
sub-850013,ses-8mo,12,Left-Putamen,IoU,0.592669793295119
sub-850013,ses-8mo,12,Left-Putamen,Hausdorff,9.695359714832659
sub-850013,ses-8mo,12,Left-Putamen,HD95,4.242640495300293
sub-850013,ses-8mo,12,Left-Putamen,MI,0.0034317299035266664
sub-850013,ses-8mo,12,Left-Putamen,NMI,0.6476107444576507
sub-850013,ses-8mo,52,Right-Pallidum,Dice,0.6749611197511665
sub-850013,ses-8mo,52,Right-Pallidum,IoU,0.5093896713615024
sub-850013,ses-8mo,52,Right-Pallidum,Hausdorff,4.242640687119285
sub-850013,ses-8mo,52,Right-Pallidum,HD95,2.8284270763397217
sub-850013,ses-8mo,52,Right-Pallidum,MI,0.0009845230421120423
sub-850013,ses-8mo,52,Right-Pallidum,NMI,0.5741842808550717
sub-850013,ses-8mo,8,Left-Cerebellum-Cortex,Dice,0.2139750652363004
sub-850013,ses-8mo,8,Left-Cerebellum-Cortex,IoU,0.1198051948051948
sub-850013,ses-8mo,8,Left-Cerebellum-Cortex,Hausdorff,26.1725046566048
sub-850013,ses-8mo,8,Left-Cerebellum-Cortex,HD95,19.26136016845703
sub-850013,ses-8mo,8,Left-Cerebellum-Cortex,MI,0.003993375777314217
sub-850013,ses-8mo,8,Left-Cerebellum-Cortex,NMI,0.09995649913790826
sub-850013,ses-8mo,11,Left-Caudate,Dice,0.8054830287206266
sub-850013,ses-8mo,11,Left-Caudate,IoU,0.6743169398907104
sub-850013,ses-8mo,11,Left-Caudate,Hausdorff,8.774964387392123
sub-850013,ses-8mo,11,Left-Caudate,HD95,2.2360680103302
sub-850013,ses-8mo,11,Left-Caudate,MI,0.0026539984213304717
sub-850013,ses-8mo,11,Left-Caudate,NMI,0.7136803118934593
sub-850013,ses-8mo,3,Left-Cerebral-Cortex,Dice,0.39044213830993285
sub-850013,ses-8mo,3,Left-Cerebral-Cortex,IoU,0.24257726149711759
sub-850013,ses-8mo,3,Left-Cerebral-Cortex,Hausdorff,27.386127875258307
sub-850013,ses-8mo,3,Left-Cerebral-Cortex,HD95,8.0
sub-850013,ses-8mo,3,Left-Cerebral-Cortex,MI,0.02298892777200482
sub-850013,ses-8mo,3,Left-Cerebral-Cortex,NMI,0.18105238130369655
sub-850013,ses-8mo,4,Left-Lateral-Ventricle,Dice,0.820204829940574
sub-850013,ses-8mo,4,Left-Lateral-Ventricle,IoU,0.6952095166648805
sub-850013,ses-8mo,4,Left-Lateral-Ventricle,Hausdorff,13.0
sub-850013,ses-8mo,4,Left-Lateral-Ventricle,HD95,4.242640495300293
sub-850013,ses-8mo,4,Left-Lateral-Ventricle,MI,0.006224451915133688
sub-850013,ses-8mo,4,Left-Lateral-Ventricle,NMI,0.7275719988341045
sub-850013,ses-8mo,18,Left-Amygdala,Dice,0.3022295623451693
sub-850013,ses-8mo,18,Left-Amygdala,IoU,0.17801556420233464
sub-850013,ses-8mo,18,Left-Amygdala,Hausdorff,15.231546211727817
sub-850013,ses-8mo,18,Left-Amygdala,HD95,11.640268325805664
sub-850013,ses-8mo,18,Left-Amygdala,MI,0.0003490233333679328
sub-850013,ses-8mo,18,Left-Amygdala,NMI,0.2150899196146211
sub-850013,ses-8mo,44,Right-Inf-Lat-Vent,Dice,0.5720122574055159
sub-850013,ses-8mo,44,Right-Inf-Lat-Vent,IoU,0.4005722460658083
sub-850013,ses-8mo,44,Right-Inf-Lat-Vent,Hausdorff,22.11334438749598
sub-850013,ses-8mo,44,Right-Inf-Lat-Vent,HD95,18.83211126327514
sub-850013,ses-8mo,44,Right-Inf-Lat-Vent,MI,0.00034013439147258554
sub-850013,ses-8mo,44,Right-Inf-Lat-Vent,NMI,0.4734126366663207
sub-850013,ses-8mo,47,Right-Cerebellum-Cortex,Dice,0.1837946316581654
sub-850013,ses-8mo,47,Right-Cerebellum-Cortex,IoU,0.10119705340699815
sub-850013,ses-8mo,47,Right-Cerebellum-Cortex,Hausdorff,29.068883707497267
sub-850013,ses-8mo,47,Right-Cerebellum-Cortex,HD95,23.34523582458496
sub-850013,ses-8mo,47,Right-Cerebellum-Cortex,MI,0.003203975608862566
sub-850013,ses-8mo,47,Right-Cerebellum-Cortex,NMI,0.08091330593769458
sub-850013,ses-8mo,13,Left-Pallidum,Dice,0.7111111111111111
sub-850013,ses-8mo,13,Left-Pallidum,IoU,0.5517241379310345
sub-850013,ses-8mo,13,Left-Pallidum,Hausdorff,5.385164807134504
sub-850013,ses-8mo,13,Left-Pallidum,HD95,3.0
sub-850013,ses-8mo,13,Left-Pallidum,MI,0.0011397639051350618
sub-850013,ses-8mo,13,Left-Pallidum,NMI,0.6184935236291018
sub-850013,ses-8mo,60,Right-VentralDC,Dice,0.6089732222025181
sub-850013,ses-8mo,60,Right-VentralDC,IoU,0.4377868434472208
sub-850013,ses-8mo,60,Right-VentralDC,Hausdorff,10.0
sub-850013,ses-8mo,60,Right-VentralDC,HD95,4.898979663848877
sub-850013,ses-8mo,60,Right-VentralDC,MI,0.001699588446593013
sub-850013,ses-8mo,60,Right-VentralDC,NMI,0.4919715416433757
sub-850013,ses-8mo,49,Right-Thalamus,Dice,0.8141607663473552
sub-850013,ses-8mo,49,Right-Thalamus,IoU,0.6865692610283788
sub-850013,ses-8mo,49,Right-Thalamus,Hausdorff,11.090536506409418
sub-850013,ses-8mo,49,Right-Thalamus,HD95,2.8284270763397217
sub-850013,ses-8mo,49,Right-Thalamus,MI,0.004851633255680594
sub-850013,ses-8mo,49,Right-Thalamus,NMI,0.7216530885392514
sub-850013,ses-8mo,54,Right-Amygdala,Dice,0.2779564130046445
sub-850013,ses-8mo,54,Right-Amygdala,IoU,0.16141078838174275
sub-850013,ses-8mo,54,Right-Amygdala,Hausdorff,17.74823934929885
sub-850013,ses-8mo,54,Right-Amygdala,HD95,14.274094343185425
sub-850013,ses-8mo,54,Right-Amygdala,MI,0.0003580210950000635
sub-850013,ses-8mo,54,Right-Amygdala,NMI,0.19395746037697173
sub-850013,ses-8mo,24,CSF,Dice,0.0019379060358485627
sub-850013,ses-8mo,24,CSF,IoU,0.00096989279847843
sub-850013,ses-8mo,24,CSF,Hausdorff,85.00588214941364
sub-850013,ses-8mo,24,CSF,HD95,71.3652572631836
sub-850013,ses-8mo,24,CSF,MI,7.972603770868569e-05
sub-850013,ses-8mo,24,CSF,NMI,0.0007851135789989111
sub-850013,ses-8mo,16,Brain-Stem,Dice,0.600641228904626
sub-850013,ses-8mo,16,Brain-Stem,IoU,0.4292260436074324
sub-850013,ses-8mo,16,Brain-Stem,Hausdorff,24.06241883103193
sub-850013,ses-8mo,16,Brain-Stem,HD95,18.055469512939453
sub-850013,ses-8mo,16,Brain-Stem,MI,0.006649919529510526
sub-850013,ses-8mo,16,Brain-Stem,NMI,0.46951413574719514
sub-850013,ses-8mo,50,Right-Caudate,Dice,0.8272235112142304
sub-850013,ses-8mo,50,Right-Caudate,IoU,0.7053547876549723
sub-850013,ses-8mo,50,Right-Caudate,Hausdorff,3.7416573867739413
sub-850013,ses-8mo,50,Right-Caudate,HD95,1.4142135381698608
sub-850013,ses-8mo,50,Right-Caudate,MI,0.0028992148548227514
sub-850013,ses-8mo,50,Right-Caudate,NMI,0.7437516600266016
sub-850013,ses-8mo,30,Left-vessel,Dice,0.1875
sub-850013,ses-8mo,30,Left-vessel,IoU,0.10344827586206896
sub-850013,ses-8mo,30,Left-vessel,Hausdorff,7.211102550927978
sub-850013,ses-8mo,30,Left-vessel,HD95,6.583099007606506
sub-850013,ses-8mo,30,Left-vessel,MI,4.434793569201733e-06
sub-850013,ses-8mo,30,Left-vessel,NMI,0.14326764361722688
sub-850013,ses-8mo,31,Left-choroid-plexus,Dice,0.0653950953678474
sub-850013,ses-8mo,31,Left-choroid-plexus,IoU,0.03380281690140845
sub-850013,ses-8mo,31,Left-choroid-plexus,Hausdorff,8.246211251235321
sub-850013,ses-8mo,31,Left-choroid-plexus,HD95,6.557438373565674
sub-850013,ses-8mo,31,Left-choroid-plexus,MI,2.0837166192086864e-05
sub-850013,ses-8mo,31,Left-choroid-plexus,NMI,0.03772525659883623
sub-850013,ses-8mo,28,Left-VentralDC,Dice,0.6502629601803156
sub-850013,ses-8mo,28,Left-VentralDC,IoU,0.4817701085443919
sub-850013,ses-8mo,28,Left-VentralDC,Hausdorff,8.246211251235321
sub-850013,ses-8mo,28,Left-VentralDC,HD95,4.123105525970459
sub-850013,ses-8mo,28,Left-VentralDC,MI,0.0017653299982015017
sub-850013,ses-8mo,28,Left-VentralDC,NMI,0.5379229251097741
sub-850013,ses-8mo,15,4th-Ventricle,Dice,0.20624880199348283
sub-850013,ses-8mo,15,4th-Ventricle,IoU,0.11498183372515494
sub-850013,ses-8mo,15,4th-Ventricle,Hausdorff,26.68332812825267
sub-850013,ses-8mo,15,4th-Ventricle,HD95,21.418428421020508
sub-850013,ses-8mo,15,4th-Ventricle,MI,0.0004560997349442571
sub-850013,ses-8mo,15,4th-Ventricle,NMI,0.14433641051625784
sub-850013,ses-8mo,2,Left-Cerebral-White-Matter,Dice,0.5759810167336616
sub-850013,ses-8mo,2,Left-Cerebral-White-Matter,IoU,0.40447565903405813
sub-850013,ses-8mo,2,Left-Cerebral-White-Matter,Hausdorff,45.803929962395145
sub-850013,ses-8mo,2,Left-Cerebral-White-Matter,HD95,5.099019527435303
sub-850013,ses-8mo,2,Left-Cerebral-White-Matter,MI,0.04571103809149049
sub-850013,ses-8mo,2,Left-Cerebral-White-Matter,NMI,0.39208297387510965
sub-850013,ses-8mo,41,Right-Cerebral-White-Matter,Dice,0.5614767995442647
sub-850013,ses-8mo,41,Right-Cerebral-White-Matter,IoU,0.39031473344773615
sub-850013,ses-8mo,41,Right-Cerebral-White-Matter,Hausdorff,73.44385610791416
sub-850013,ses-8mo,41,Right-Cerebral-White-Matter,HD95,5.74456262588501
sub-850013,ses-8mo,41,Right-Cerebral-White-Matter,MI,0.044289468909544334
sub-850013,ses-8mo,41,Right-Cerebral-White-Matter,NMI,0.37721114586850696
sub-850013,ses-8mo,14,3rd-Ventricle,Dice,0.7502487562189055
sub-850013,ses-8mo,14,3rd-Ventricle,IoU,0.6003184713375797
sub-850013,ses-8mo,14,3rd-Ventricle,Hausdorff,5.0990195135927845
sub-850013,ses-8mo,14,3rd-Ventricle,HD95,2.2360680103302
sub-850013,ses-8mo,14,3rd-Ventricle,MI,0.000938475796928297
sub-850013,ses-8mo,14,3rd-Ventricle,NMI,0.6845277494923269
sub-850013,ses-8mo,63,Right-choroid-plexus,Dice,0.19615384615384615
sub-850013,ses-8mo,63,Right-choroid-plexus,IoU,0.10874200426439233
sub-850013,ses-8mo,63,Right-choroid-plexus,Hausdorff,53.2634959423431
sub-850013,ses-8mo,63,Right-choroid-plexus,HD95,9.433980941772461
sub-850013,ses-8mo,63,Right-choroid-plexus,MI,0.00010270055449242813
sub-850013,ses-8mo,63,Right-choroid-plexus,NMI,0.13606384353014014
sub-850013,ses-8mo,26,Left-Accumbens-area,Dice,0.08883553421368548
sub-850013,ses-8mo,26,Left-Accumbens-area,IoU,0.04648241206030151
sub-850013,ses-8mo,26,Left-Accumbens-area,Hausdorff,9.273618495495704
sub-850013,ses-8mo,26,Left-Accumbens-area,HD95,7.0
sub-850013,ses-8mo,26,Left-Accumbens-area,MI,3.3234652233874685e-05
sub-850013,ses-8mo,26,Left-Accumbens-area,NMI,0.053668849435818344
sub-850013,ses-8mo,46,Right-Cerebellum-White-Matter,Dice,0.10751017049869727
sub-850013,ses-8mo,46,Right-Cerebellum-White-Matter,IoU,0.056808849814018646
sub-850013,ses-8mo,46,Right-Cerebellum-White-Matter,Hausdorff,23.08679276123039
sub-850013,ses-8mo,46,Right-Cerebellum-White-Matter,HD95,13.03840446472168
sub-850013,ses-8mo,46,Right-Cerebellum-White-Matter,MI,0.0005533132553811372
sub-850013,ses-8mo,46,Right-Cerebellum-White-Matter,NMI,0.04879307154912473
sub-850013,ses-8mo,7,Left-Cerebellum-White-Matter,Dice,0.13066116514392376
sub-850013,ses-8mo,7,Left-Cerebellum-White-Matter,IoU,0.06989699390372084
sub-850013,ses-8mo,7,Left-Cerebellum-White-Matter,Hausdorff,15.937377450509228
sub-850013,ses-8mo,7,Left-Cerebellum-White-Matter,HD95,11.013608169555631
sub-850013,ses-8mo,7,Left-Cerebellum-White-Matter,MI,0.0006819676823887144
sub-850013,ses-8mo,7,Left-Cerebellum-White-Matter,NMI,0.06406715030061151
sub-372377,ses-2mo,51,Right-Putamen,Dice,0.12985074626865672
sub-372377,ses-2mo,51,Right-Putamen,IoU,0.06943335993615324
sub-372377,ses-2mo,51,Right-Putamen,Hausdorff,23.15167380558045
sub-372377,ses-2mo,51,Right-Putamen,HD95,16.431676864624023
sub-372377,ses-2mo,51,Right-Putamen,MI,0.00029045828173836035
sub-372377,ses-2mo,51,Right-Putamen,NMI,0.07234142703522616
sub-372377,ses-2mo,42,Right-Cerebral-Cortex,Dice,0.17155925558432758
sub-372377,ses-2mo,42,Right-Cerebral-Cortex,IoU,0.0938281735999894
sub-372377,ses-2mo,42,Right-Cerebral-Cortex,Hausdorff,78.50477692471968
sub-372377,ses-2mo,42,Right-Cerebral-Cortex,HD95,16.431676864624023
sub-372377,ses-2mo,42,Right-Cerebral-Cortex,MI,0.005264853876539601
sub-372377,ses-2mo,42,Right-Cerebral-Cortex,NMI,0.048514574315256805
sub-372377,ses-2mo,43,Right-Lateral-Ventricle,Dice,0.33929008567931457
sub-372377,ses-2mo,43,Right-Lateral-Ventricle,IoU,0.20430424528301888
sub-372377,ses-2mo,43,Right-Lateral-Ventricle,Hausdorff,20.784609690826528
sub-372377,ses-2mo,43,Right-Lateral-Ventricle,HD95,12.884099006652832
sub-372377,ses-2mo,43,Right-Lateral-Ventricle,MI,0.002009046832971953
sub-372377,ses-2mo,43,Right-Lateral-Ventricle,NMI,0.2294441412080547
sub-372377,ses-2mo,5,Left-Inf-Lat-Vent,Dice,0.0
sub-372377,ses-2mo,5,Left-Inf-Lat-Vent,IoU,0.0
sub-372377,ses-2mo,5,Left-Inf-Lat-Vent,Hausdorff,30.805843601498726
sub-372377,ses-2mo,5,Left-Inf-Lat-Vent,HD95,24.93090295791626
sub-372377,ses-2mo,5,Left-Inf-Lat-Vent,MI,3.6345339842955553e-09
sub-372377,ses-2mo,5,Left-Inf-Lat-Vent,NMI,5.220770329111945e-06
sub-372377,ses-2mo,58,Right-Accumbens-area,Dice,0.0
sub-372377,ses-2mo,58,Right-Accumbens-area,IoU,0.0
sub-372377,ses-2mo,58,Right-Accumbens-area,Hausdorff,19.6468827043885
sub-372377,ses-2mo,58,Right-Accumbens-area,HD95,17.464248657226562
sub-372377,ses-2mo,58,Right-Accumbens-area,MI,1.6045736041806402e-09
sub-372377,ses-2mo,58,Right-Accumbens-area,NMI,3.1892017596690857e-06
sub-372377,ses-2mo,17,Left-Hippocampus,Dice,0.0
sub-372377,ses-2mo,17,Left-Hippocampus,IoU,0.0
sub-372377,ses-2mo,17,Left-Hippocampus,Hausdorff,32.2490309931942
sub-372377,ses-2mo,17,Left-Hippocampus,HD95,26.16008186340332
sub-372377,ses-2mo,17,Left-Hippocampus,MI,1.0014385668248235e-07
sub-372377,ses-2mo,17,Left-Hippocampus,NMI,3.22315662722375e-05
sub-372377,ses-2mo,53,Right-Hippocampus,Dice,0.0
sub-372377,ses-2mo,53,Right-Hippocampus,IoU,0.0
sub-372377,ses-2mo,53,Right-Hippocampus,Hausdorff,30.93541659651604
sub-372377,ses-2mo,53,Right-Hippocampus,HD95,25.729360580444336
sub-372377,ses-2mo,53,Right-Hippocampus,MI,1.0063027560259889e-07
sub-372377,ses-2mo,53,Right-Hippocampus,NMI,3.260892670642724e-05
sub-372377,ses-2mo,10,Left-Thalamus,Dice,0.1361558478092693
sub-372377,ses-2mo,10,Left-Thalamus,IoU,0.07305109048373708
sub-372377,ses-2mo,10,Left-Thalamus,Hausdorff,23.388031127053
sub-372377,ses-2mo,10,Left-Thalamus,HD95,17.569855690002438
sub-372377,ses-2mo,10,Left-Thalamus,MI,0.0005470778769781661
sub-372377,ses-2mo,10,Left-Thalamus,NMI,0.07014779855458515
sub-372377,ses-2mo,12,Left-Putamen,Dice,0.06839309428950863
sub-372377,ses-2mo,12,Left-Putamen,IoU,0.03540735647989
sub-372377,ses-2mo,12,Left-Putamen,Hausdorff,22.93468988235943
sub-372377,ses-2mo,12,Left-Putamen,HD95,16.774963760375964
sub-372377,ses-2mo,12,Left-Putamen,MI,0.00012272169814176413
sub-372377,ses-2mo,12,Left-Putamen,NMI,0.03372077556579291
sub-372377,ses-2mo,52,Right-Pallidum,Dice,0.0
sub-372377,ses-2mo,52,Right-Pallidum,IoU,0.0
sub-372377,ses-2mo,52,Right-Pallidum,Hausdorff,15.427248620541512
sub-372377,ses-2mo,52,Right-Pallidum,HD95,14.0
sub-372377,ses-2mo,52,Right-Pallidum,MI,1.4189678362619721e-08
sub-372377,ses-2mo,52,Right-Pallidum,NMI,1.1795255129022571e-05
sub-372377,ses-2mo,8,Left-Cerebellum-Cortex,Dice,0.0646181415695989
sub-372377,ses-2mo,8,Left-Cerebellum-Cortex,IoU,0.033387799564270154
sub-372377,ses-2mo,8,Left-Cerebellum-Cortex,Hausdorff,38.80721582386451
sub-372377,ses-2mo,8,Left-Cerebellum-Cortex,HD95,30.626785278320312
sub-372377,ses-2mo,8,Left-Cerebellum-Cortex,MI,0.0005022271108942669
sub-372377,ses-2mo,8,Left-Cerebellum-Cortex,NMI,0.01958281991938929
sub-372377,ses-2mo,11,Left-Caudate,Dice,0.35054617676266137
sub-372377,ses-2mo,11,Left-Caudate,IoU,0.21252257676098735
sub-372377,ses-2mo,11,Left-Caudate,Hausdorff,22.869193252058544
sub-372377,ses-2mo,11,Left-Caudate,HD95,14.177447319030762
sub-372377,ses-2mo,11,Left-Caudate,MI,0.0006391718564957146
sub-372377,ses-2mo,11,Left-Caudate,NMI,0.24951989645535289
sub-372377,ses-2mo,3,Left-Cerebral-Cortex,Dice,0.1753396117346693
sub-372377,ses-2mo,3,Left-Cerebral-Cortex,IoU,0.0960943816516789
sub-372377,ses-2mo,3,Left-Cerebral-Cortex,Hausdorff,115.88356225108029
sub-372377,ses-2mo,3,Left-Cerebral-Cortex,HD95,17.72004508972168
sub-372377,ses-2mo,3,Left-Cerebral-Cortex,MI,0.005529089839220593
sub-372377,ses-2mo,3,Left-Cerebral-Cortex,NMI,0.050812879341916084
sub-372377,ses-2mo,4,Left-Lateral-Ventricle,Dice,0.3122438068080556
sub-372377,ses-2mo,4,Left-Lateral-Ventricle,IoU,0.1850052798310454
sub-372377,ses-2mo,4,Left-Lateral-Ventricle,Hausdorff,21.656407827707714
sub-372377,ses-2mo,4,Left-Lateral-Ventricle,HD95,13.964240074157715
sub-372377,ses-2mo,4,Left-Lateral-Ventricle,MI,0.0018655046476541157
sub-372377,ses-2mo,4,Left-Lateral-Ventricle,NMI,0.207982956960355
sub-372377,ses-2mo,18,Left-Amygdala,Dice,0.0
sub-372377,ses-2mo,18,Left-Amygdala,IoU,0.0
sub-372377,ses-2mo,18,Left-Amygdala,Hausdorff,31.921779399024736
sub-372377,ses-2mo,18,Left-Amygdala,HD95,28.521855354309082
sub-372377,ses-2mo,18,Left-Amygdala,MI,1.6854936820862813e-08
sub-372377,ses-2mo,18,Left-Amygdala,NMI,1.1118688098029294e-05
sub-372377,ses-2mo,44,Right-Inf-Lat-Vent,Dice,0.0
sub-372377,ses-2mo,44,Right-Inf-Lat-Vent,IoU,0.0
sub-372377,ses-2mo,44,Right-Inf-Lat-Vent,Hausdorff,29.427877939124322
sub-372377,ses-2mo,44,Right-Inf-Lat-Vent,HD95,25.771107387542724
sub-372377,ses-2mo,44,Right-Inf-Lat-Vent,MI,3.043670979938377e-09
sub-372377,ses-2mo,44,Right-Inf-Lat-Vent,NMI,4.545427199156376e-06
sub-372377,ses-2mo,47,Right-Cerebellum-Cortex,Dice,0.07436613341382432
sub-372377,ses-2mo,47,Right-Cerebellum-Cortex,IoU,0.038619041087838236
sub-372377,ses-2mo,47,Right-Cerebellum-Cortex,Hausdorff,35.52463933666322
sub-372377,ses-2mo,47,Right-Cerebellum-Cortex,HD95,28.0
sub-372377,ses-2mo,47,Right-Cerebellum-Cortex,MI,0.000599470006252142
sub-372377,ses-2mo,47,Right-Cerebellum-Cortex,NMI,0.024848253913392484
sub-372377,ses-2mo,13,Left-Pallidum,Dice,0.0
sub-372377,ses-2mo,13,Left-Pallidum,IoU,0.0
sub-372377,ses-2mo,13,Left-Pallidum,Hausdorff,16.61324772583615
sub-372377,ses-2mo,13,Left-Pallidum,HD95,14.589374637603761
sub-372377,ses-2mo,13,Left-Pallidum,MI,8.418465970985375e-09
sub-372377,ses-2mo,13,Left-Pallidum,NMI,8.523775585101274e-06
sub-372377,ses-2mo,60,Right-VentralDC,Dice,0.0
sub-372377,ses-2mo,60,Right-VentralDC,IoU,0.0
sub-372377,ses-2mo,60,Right-VentralDC,Hausdorff,26.589471600616662
sub-372377,ses-2mo,60,Right-VentralDC,HD95,22.803508758544922
sub-372377,ses-2mo,60,Right-VentralDC,MI,4.927199925689775e-08
sub-372377,ses-2mo,60,Right-VentralDC,NMI,2.110828370990222e-05
sub-372377,ses-2mo,49,Right-Thalamus,Dice,0.14154981549815498
sub-372377,ses-2mo,49,Right-Thalamus,IoU,0.07616551505043286
sub-372377,ses-2mo,49,Right-Thalamus,Hausdorff,26.30589287593181
sub-372377,ses-2mo,49,Right-Thalamus,HD95,18.547237396240234
sub-372377,ses-2mo,49,Right-Thalamus,MI,0.0005562443316058532
sub-372377,ses-2mo,49,Right-Thalamus,NMI,0.07445105988865967
sub-372377,ses-2mo,54,Right-Amygdala,Dice,0.0
sub-372377,ses-2mo,54,Right-Amygdala,IoU,0.0
sub-372377,ses-2mo,54,Right-Amygdala,Hausdorff,30.083217912982647
sub-372377,ses-2mo,54,Right-Amygdala,HD95,27.368777751922607
sub-372377,ses-2mo,54,Right-Amygdala,MI,2.3803585661970935e-08
sub-372377,ses-2mo,54,Right-Amygdala,NMI,1.404368666918542e-05
sub-372377,ses-2mo,16,Brain-Stem,Dice,0.14525335909370335
sub-372377,ses-2mo,16,Brain-Stem,IoU,0.07831439393939393
sub-372377,ses-2mo,16,Brain-Stem,Hausdorff,34.75629439396553
sub-372377,ses-2mo,16,Brain-Stem,HD95,29.698484420776367
sub-372377,ses-2mo,16,Brain-Stem,MI,0.0008651603602023187
sub-372377,ses-2mo,16,Brain-Stem,NMI,0.07401545566625949
sub-372377,ses-2mo,50,Right-Caudate,Dice,0.39438815276695244
sub-372377,ses-2mo,50,Right-Caudate,IoU,0.24563106796116504
sub-372377,ses-2mo,50,Right-Caudate,Hausdorff,22.516660498395403
sub-372377,ses-2mo,50,Right-Caudate,HD95,12.449899673461914
sub-372377,ses-2mo,50,Right-Caudate,MI,0.0007126412836547163
sub-372377,ses-2mo,50,Right-Caudate,NMI,0.28989478646794176
sub-372377,ses-2mo,28,Left-VentralDC,Dice,0.0
sub-372377,ses-2mo,28,Left-VentralDC,IoU,0.0
sub-372377,ses-2mo,28,Left-VentralDC,Hausdorff,168.98520645310938
sub-372377,ses-2mo,28,Left-VentralDC,HD95,23.020642089843747
sub-372377,ses-2mo,28,Left-VentralDC,MI,5.0580141655663484e-08
sub-372377,ses-2mo,28,Left-VentralDC,NMI,2.1836857587015713e-05
sub-372377,ses-2mo,15,4th-Ventricle,Dice,0.0
sub-372377,ses-2mo,15,4th-Ventricle,IoU,0.0
sub-372377,ses-2mo,15,4th-Ventricle,Hausdorff,34.058772731852805
sub-372377,ses-2mo,15,4th-Ventricle,HD95,30.46472568511962
sub-372377,ses-2mo,15,4th-Ventricle,MI,2.9364166138294134e-08
sub-372377,ses-2mo,15,4th-Ventricle,NMI,1.559768170876495e-05
sub-372377,ses-2mo,2,Left-Cerebral-White-Matter,Dice,0.5140369252253918
sub-372377,ses-2mo,2,Left-Cerebral-White-Matter,IoU,0.3459284648128697
sub-372377,ses-2mo,2,Left-Cerebral-White-Matter,Hausdorff,48.13522618623496
sub-372377,ses-2mo,2,Left-Cerebral-White-Matter,HD95,13.45362377166748
sub-372377,ses-2mo,2,Left-Cerebral-White-Matter,MI,0.0367363612126584
sub-372377,ses-2mo,2,Left-Cerebral-White-Matter,NMI,0.33340278849366767
sub-372377,ses-2mo,41,Right-Cerebral-White-Matter,Dice,0.5215710144927537
sub-372377,ses-2mo,41,Right-Cerebral-White-Matter,IoU,0.3527873300683452
sub-372377,ses-2mo,41,Right-Cerebral-White-Matter,Hausdorff,71.61703707917552
sub-372377,ses-2mo,41,Right-Cerebral-White-Matter,HD95,12.328827857971191
sub-372377,ses-2mo,41,Right-Cerebral-White-Matter,MI,0.0380511640067275
sub-372377,ses-2mo,41,Right-Cerebral-White-Matter,NMI,0.34214784228612133
sub-372377,ses-2mo,14,3rd-Ventricle,Dice,0.06993006993006994
sub-372377,ses-2mo,14,3rd-Ventricle,IoU,0.036231884057971016
sub-372377,ses-2mo,14,3rd-Ventricle,Hausdorff,17.320508075688775
sub-372377,ses-2mo,14,3rd-Ventricle,HD95,12.727922439575195
sub-372377,ses-2mo,14,3rd-Ventricle,MI,6.60166557000611e-05
sub-372377,ses-2mo,14,3rd-Ventricle,NMI,0.03888687156300282
sub-372377,ses-2mo,26,Left-Accumbens-area,Dice,0.0
sub-372377,ses-2mo,26,Left-Accumbens-area,IoU,0.0
sub-372377,ses-2mo,26,Left-Accumbens-area,Hausdorff,19.44222209522358
sub-372377,ses-2mo,26,Left-Accumbens-area,HD95,17.905301666259767
sub-372377,ses-2mo,26,Left-Accumbens-area,MI,2.96202252224949e-09
sub-372377,ses-2mo,26,Left-Accumbens-area,NMI,4.5262421381538484e-06
sub-372377,ses-2mo,46,Right-Cerebellum-White-Matter,Dice,0.0
sub-372377,ses-2mo,46,Right-Cerebellum-White-Matter,IoU,0.0
sub-372377,ses-2mo,46,Right-Cerebellum-White-Matter,Hausdorff,39.89987468652001
sub-372377,ses-2mo,46,Right-Cerebellum-White-Matter,HD95,35.047107696533196
sub-372377,ses-2mo,46,Right-Cerebellum-White-Matter,MI,5.886838079427123e-07
sub-372377,ses-2mo,46,Right-Cerebellum-White-Matter,NMI,7.340511935544357e-05
sub-372377,ses-2mo,7,Left-Cerebellum-White-Matter,Dice,0.0
sub-372377,ses-2mo,7,Left-Cerebellum-White-Matter,IoU,0.0
sub-372377,ses-2mo,7,Left-Cerebellum-White-Matter,Hausdorff,40.13726448077895
sub-372377,ses-2mo,7,Left-Cerebellum-White-Matter,HD95,35.79106140136719
sub-372377,ses-2mo,7,Left-Cerebellum-White-Matter,MI,6.220673293070959e-07
sub-372377,ses-2mo,7,Left-Cerebellum-White-Matter,NMI,7.211029453574649e-05
sub-627391,ses-2mo,51,Right-Putamen,Dice,0.24509934657954394
sub-627391,ses-2mo,51,Right-Putamen,IoU,0.13966565349544072
sub-627391,ses-2mo,51,Right-Putamen,Hausdorff,60.687725282795036
sub-627391,ses-2mo,51,Right-Putamen,HD95,36.76613998413085
sub-627391,ses-2mo,51,Right-Putamen,MI,0.0006999767263327193
sub-627391,ses-2mo,51,Right-Putamen,NMI,0.1579316697866053
sub-627391,ses-2mo,42,Right-Cerebral-Cortex,Dice,0.3042216204632678
sub-627391,ses-2mo,42,Right-Cerebral-Cortex,IoU,0.179399398019438
sub-627391,ses-2mo,42,Right-Cerebral-Cortex,Hausdorff,23.874672772626646
sub-627391,ses-2mo,42,Right-Cerebral-Cortex,HD95,6.4031243324279785
sub-627391,ses-2mo,42,Right-Cerebral-Cortex,MI,0.013243428839059518
sub-627391,ses-2mo,42,Right-Cerebral-Cortex,NMI,0.12849530186782207
sub-627391,ses-2mo,43,Right-Lateral-Ventricle,Dice,0.8347333981784419
sub-627391,ses-2mo,43,Right-Lateral-Ventricle,IoU,0.7163454241918349
sub-627391,ses-2mo,43,Right-Lateral-Ventricle,Hausdorff,7.0
sub-627391,ses-2mo,43,Right-Lateral-Ventricle,HD95,2.2360680103302
sub-627391,ses-2mo,43,Right-Lateral-Ventricle,MI,0.004771264310899743
sub-627391,ses-2mo,43,Right-Lateral-Ventricle,NMI,0.7477404283642933
sub-627391,ses-2mo,5,Left-Inf-Lat-Vent,Dice,0.4932214331826985
sub-627391,ses-2mo,5,Left-Inf-Lat-Vent,IoU,0.3273350471293916
sub-627391,ses-2mo,5,Left-Inf-Lat-Vent,Hausdorff,18.027756377319946
sub-627391,ses-2mo,5,Left-Inf-Lat-Vent,HD95,10.522701168060271
sub-627391,ses-2mo,5,Left-Inf-Lat-Vent,MI,0.0004439952489530692
sub-627391,ses-2mo,5,Left-Inf-Lat-Vent,NMI,0.41128263057315745
sub-627391,ses-2mo,58,Right-Accumbens-area,Dice,0.009630818619582664
sub-627391,ses-2mo,58,Right-Accumbens-area,IoU,0.004838709677419355
sub-627391,ses-2mo,58,Right-Accumbens-area,Hausdorff,9.1104335791443
sub-627391,ses-2mo,58,Right-Accumbens-area,HD95,7.280109882354736
sub-627391,ses-2mo,58,Right-Accumbens-area,MI,1.8421490185106663e-06
sub-627391,ses-2mo,58,Right-Accumbens-area,NMI,0.003866239276242866
sub-627391,ses-2mo,17,Left-Hippocampus,Dice,0.23430592396109637
sub-627391,ses-2mo,17,Left-Hippocampus,IoU,0.1326990485728593
sub-627391,ses-2mo,17,Left-Hippocampus,Hausdorff,14.45683229480096
sub-627391,ses-2mo,17,Left-Hippocampus,HD95,10.0
sub-627391,ses-2mo,17,Left-Hippocampus,MI,0.0004615762444684971
sub-627391,ses-2mo,17,Left-Hippocampus,NMI,0.1649578325594087
sub-627391,ses-2mo,53,Right-Hippocampus,Dice,0.4359430604982206
sub-627391,ses-2mo,53,Right-Hippocampus,IoU,0.2787258248009101
sub-627391,ses-2mo,53,Right-Hippocampus,Hausdorff,14.317821063276353
sub-627391,ses-2mo,53,Right-Hippocampus,HD95,8.062257766723633
sub-627391,ses-2mo,53,Right-Hippocampus,MI,0.0009607545647944792
sub-627391,ses-2mo,53,Right-Hippocampus,NMI,0.3429937189393407
sub-627391,ses-2mo,10,Left-Thalamus,Dice,0.8175205076613528
sub-627391,ses-2mo,10,Left-Thalamus,IoU,0.6913612565445026
sub-627391,ses-2mo,10,Left-Thalamus,Hausdorff,5.385164807134504
sub-627391,ses-2mo,10,Left-Thalamus,HD95,2.8284270763397217
sub-627391,ses-2mo,10,Left-Thalamus,MI,0.005168089759390003
sub-627391,ses-2mo,10,Left-Thalamus,NMI,0.7203977951364602
sub-627391,ses-2mo,12,Left-Putamen,Dice,0.19767441860465115
sub-627391,ses-2mo,12,Left-Putamen,IoU,0.10967741935483871
sub-627391,ses-2mo,12,Left-Putamen,Hausdorff,12.529964086141668
sub-627391,ses-2mo,12,Left-Putamen,HD95,9.03046207427977
sub-627391,ses-2mo,12,Left-Putamen,MI,0.0004993252964943125
sub-627391,ses-2mo,12,Left-Putamen,NMI,0.12486122046279782
sub-627391,ses-2mo,52,Right-Pallidum,Dice,0.30947136563876654
sub-627391,ses-2mo,52,Right-Pallidum,IoU,0.18306188925081432
sub-627391,ses-2mo,52,Right-Pallidum,Hausdorff,6.4031242374328485
sub-627391,ses-2mo,52,Right-Pallidum,HD95,5.099019527435303
sub-627391,ses-2mo,52,Right-Pallidum,MI,0.0002851485347457002
sub-627391,ses-2mo,52,Right-Pallidum,NMI,0.22846117550936615
sub-627391,ses-2mo,8,Left-Cerebellum-Cortex,Dice,0.3017977431672888
sub-627391,ses-2mo,8,Left-Cerebellum-Cortex,IoU,0.17771601819100555
sub-627391,ses-2mo,8,Left-Cerebellum-Cortex,Hausdorff,25.96150997149434
sub-627391,ses-2mo,8,Left-Cerebellum-Cortex,HD95,21.571969032287566
sub-627391,ses-2mo,8,Left-Cerebellum-Cortex,MI,0.005353414901833824
sub-627391,ses-2mo,8,Left-Cerebellum-Cortex,NMI,0.1764405208019269
sub-627391,ses-2mo,11,Left-Caudate,Dice,0.5845771144278606
sub-627391,ses-2mo,11,Left-Caudate,IoU,0.4130052724077329
sub-627391,ses-2mo,11,Left-Caudate,Hausdorff,15.165750888103101
sub-627391,ses-2mo,11,Left-Caudate,HD95,4.690415859222412
sub-627391,ses-2mo,11,Left-Caudate,MI,0.0012056770027696578
sub-627391,ses-2mo,11,Left-Caudate,NMI,0.4715922228984971
sub-627391,ses-2mo,3,Left-Cerebral-Cortex,Dice,0.3202154358616944
sub-627391,ses-2mo,3,Left-Cerebral-Cortex,IoU,0.19062887152196104
sub-627391,ses-2mo,3,Left-Cerebral-Cortex,Hausdorff,29.444863728670914
sub-627391,ses-2mo,3,Left-Cerebral-Cortex,HD95,7.0
sub-627391,ses-2mo,3,Left-Cerebral-Cortex,MI,0.014354525942732788
sub-627391,ses-2mo,3,Left-Cerebral-Cortex,NMI,0.14014139089690758
sub-627391,ses-2mo,4,Left-Lateral-Ventricle,Dice,0.9126321647189761
sub-627391,ses-2mo,4,Left-Lateral-Ventricle,IoU,0.8393039918116684
sub-627391,ses-2mo,4,Left-Lateral-Ventricle,Hausdorff,7.615773105863909
sub-627391,ses-2mo,4,Left-Lateral-Ventricle,HD95,1.4142135381698608
sub-627391,ses-2mo,4,Left-Lateral-Ventricle,MI,0.011521116407581408
sub-627391,ses-2mo,4,Left-Lateral-Ventricle,NMI,0.8477731845750213
sub-627391,ses-2mo,18,Left-Amygdala,Dice,0.13907628437986508
sub-627391,ses-2mo,18,Left-Amygdala,IoU,0.0747350808700502
sub-627391,ses-2mo,18,Left-Amygdala,Hausdorff,18.894443627691185
sub-627391,ses-2mo,18,Left-Amygdala,HD95,16.155494689941406
sub-627391,ses-2mo,18,Left-Amygdala,MI,0.00011718714728510316
sub-627391,ses-2mo,18,Left-Amygdala,NMI,0.0893038464056956
sub-627391,ses-2mo,44,Right-Inf-Lat-Vent,Dice,0.46075085324232085
sub-627391,ses-2mo,44,Right-Inf-Lat-Vent,IoU,0.29933481152993346
sub-627391,ses-2mo,44,Right-Inf-Lat-Vent,Hausdorff,17.944358444926362
sub-627391,ses-2mo,44,Right-Inf-Lat-Vent,HD95,12.190898704528783
sub-627391,ses-2mo,44,Right-Inf-Lat-Vent,MI,0.0001699819560715281
sub-627391,ses-2mo,44,Right-Inf-Lat-Vent,NMI,0.3786611075489353
sub-627391,ses-2mo,47,Right-Cerebellum-Cortex,Dice,0.31841000499075245
sub-627391,ses-2mo,47,Right-Cerebellum-Cortex,IoU,0.18935055865921788
sub-627391,ses-2mo,47,Right-Cerebellum-Cortex,Hausdorff,25.317977802344327
sub-627391,ses-2mo,47,Right-Cerebellum-Cortex,HD95,21.189620971679688
sub-627391,ses-2mo,47,Right-Cerebellum-Cortex,MI,0.005653564798423728
sub-627391,ses-2mo,47,Right-Cerebellum-Cortex,NMI,0.19040617178958424
sub-627391,ses-2mo,13,Left-Pallidum,Dice,0.28396946564885495
sub-627391,ses-2mo,13,Left-Pallidum,IoU,0.16548042704626334
sub-627391,ses-2mo,13,Left-Pallidum,Hausdorff,8.06225774829855
sub-627391,ses-2mo,13,Left-Pallidum,HD95,5.629909896850569
sub-627391,ses-2mo,13,Left-Pallidum,MI,0.00027537853737166323
sub-627391,ses-2mo,13,Left-Pallidum,NMI,0.20555814397466254
sub-627391,ses-2mo,60,Right-VentralDC,Dice,0.543409287568503
sub-627391,ses-2mo,60,Right-VentralDC,IoU,0.37306930693069307
sub-627391,ses-2mo,60,Right-VentralDC,Hausdorff,12.083045973594572
sub-627391,ses-2mo,60,Right-VentralDC,HD95,8.124038696289062
sub-627391,ses-2mo,60,Right-VentralDC,MI,0.001029404700153451
sub-627391,ses-2mo,60,Right-VentralDC,NMI,0.4635402392354156
sub-627391,ses-2mo,49,Right-Thalamus,Dice,0.8326137495848556
sub-627391,ses-2mo,49,Right-Thalamus,IoU,0.7132290184921763
sub-627391,ses-2mo,49,Right-Thalamus,Hausdorff,4.58257569495584
sub-627391,ses-2mo,49,Right-Thalamus,HD95,2.2360680103302
sub-627391,ses-2mo,49,Right-Thalamus,MI,0.00501440585519981
sub-627391,ses-2mo,49,Right-Thalamus,NMI,0.7435950671401914
sub-627391,ses-2mo,54,Right-Amygdala,Dice,0.2619047619047619
sub-627391,ses-2mo,54,Right-Amygdala,IoU,0.1506849315068493
sub-627391,ses-2mo,54,Right-Amygdala,Hausdorff,18.384776310850235
sub-627391,ses-2mo,54,Right-Amygdala,HD95,14.317821502685547
sub-627391,ses-2mo,54,Right-Amygdala,MI,0.0002664782969995402
sub-627391,ses-2mo,54,Right-Amygdala,NMI,0.1876965372720162
sub-627391,ses-2mo,16,Brain-Stem,Dice,0.731197336939561
sub-627391,ses-2mo,16,Brain-Stem,IoU,0.5762892514552759
sub-627391,ses-2mo,16,Brain-Stem,Hausdorff,23.021728866442675
sub-627391,ses-2mo,16,Brain-Stem,HD95,14.247806549072266
sub-627391,ses-2mo,16,Brain-Stem,MI,0.006221032079414781
sub-627391,ses-2mo,16,Brain-Stem,NMI,0.6136944005016916
sub-627391,ses-2mo,50,Right-Caudate,Dice,0.6349041947177628
sub-627391,ses-2mo,50,Right-Caudate,IoU,0.4650986342943854
sub-627391,ses-2mo,50,Right-Caudate,Hausdorff,12.24744871391589
sub-627391,ses-2mo,50,Right-Caudate,HD95,3.7416574954986572
sub-627391,ses-2mo,50,Right-Caudate,MI,0.0012953732829562494
sub-627391,ses-2mo,50,Right-Caudate,NMI,0.5251794116911087
sub-627391,ses-2mo,31,Left-choroid-plexus,Dice,0.0
sub-627391,ses-2mo,31,Left-choroid-plexus,IoU,0.0
sub-627391,ses-2mo,31,Left-choroid-plexus,Hausdorff,56.894639466297704
sub-627391,ses-2mo,31,Left-choroid-plexus,HD95,41.99275875091552
sub-627391,ses-2mo,31,Left-choroid-plexus,MI,1.1820388863407246e-09
sub-627391,ses-2mo,31,Left-choroid-plexus,NMI,2.703384879591526e-06
sub-627391,ses-2mo,28,Left-VentralDC,Dice,0.5213793103448275
sub-627391,ses-2mo,28,Left-VentralDC,IoU,0.35261194029850745
sub-627391,ses-2mo,28,Left-VentralDC,Hausdorff,11.090536506409418
sub-627391,ses-2mo,28,Left-VentralDC,HD95,8.306623458862305
sub-627391,ses-2mo,28,Left-VentralDC,MI,0.0010117078109196096
sub-627391,ses-2mo,28,Left-VentralDC,NMI,0.4378143551765352
sub-627391,ses-2mo,15,4th-Ventricle,Dice,0.2695749440715884
sub-627391,ses-2mo,15,4th-Ventricle,IoU,0.15578539107950873
sub-627391,ses-2mo,15,4th-Ventricle,Hausdorff,30.740852297878796
sub-627391,ses-2mo,15,4th-Ventricle,HD95,21.563858032226562
sub-627391,ses-2mo,15,4th-Ventricle,MI,0.0004457147225943034
sub-627391,ses-2mo,15,4th-Ventricle,NMI,0.19603643050936911
sub-627391,ses-2mo,2,Left-Cerebral-White-Matter,Dice,0.6335036008880386
sub-627391,ses-2mo,2,Left-Cerebral-White-Matter,IoU,0.4635969778623131
sub-627391,ses-2mo,2,Left-Cerebral-White-Matter,Hausdorff,23.895606290697042
sub-627391,ses-2mo,2,Left-Cerebral-White-Matter,HD95,4.0
sub-627391,ses-2mo,2,Left-Cerebral-White-Matter,MI,0.04778486651990787
sub-627391,ses-2mo,2,Left-Cerebral-White-Matter,NMI,0.43817812305011666
sub-627391,ses-2mo,41,Right-Cerebral-White-Matter,Dice,0.632064500892358
sub-627391,ses-2mo,41,Right-Cerebral-White-Matter,IoU,0.4620572397636281
sub-627391,ses-2mo,41,Right-Cerebral-White-Matter,Hausdorff,19.849433241279208
sub-627391,ses-2mo,41,Right-Cerebral-White-Matter,HD95,4.123105525970459
sub-627391,ses-2mo,41,Right-Cerebral-White-Matter,MI,0.04834914336630998
sub-627391,ses-2mo,41,Right-Cerebral-White-Matter,NMI,0.44171927057651456
sub-627391,ses-2mo,14,3rd-Ventricle,Dice,0.6974093264248704
sub-627391,ses-2mo,14,3rd-Ventricle,IoU,0.5354017501988863
sub-627391,ses-2mo,14,3rd-Ventricle,Hausdorff,8.06225774829855
sub-627391,ses-2mo,14,3rd-Ventricle,HD95,4.358899116516113
sub-627391,ses-2mo,14,3rd-Ventricle,MI,0.0008125487369250659
sub-627391,ses-2mo,14,3rd-Ventricle,NMI,0.6144887680639632
sub-627391,ses-2mo,63,Right-choroid-plexus,Dice,0.05781865965834428
sub-627391,ses-2mo,63,Right-choroid-plexus,IoU,0.029769959404600813
sub-627391,ses-2mo,63,Right-choroid-plexus,Hausdorff,52.81098370604357
sub-627391,ses-2mo,63,Right-choroid-plexus,HD95,46.66368789672852
sub-627391,ses-2mo,63,Right-choroid-plexus,MI,2.0053459641097962e-05
sub-627391,ses-2mo,63,Right-choroid-plexus,NMI,0.03575153575136196
sub-627391,ses-2mo,26,Left-Accumbens-area,Dice,0.0
sub-627391,ses-2mo,26,Left-Accumbens-area,IoU,0.0
sub-627391,ses-2mo,26,Left-Accumbens-area,Hausdorff,10.816653826391969
sub-627391,ses-2mo,26,Left-Accumbens-area,HD95,8.774964332580566
sub-627391,ses-2mo,26,Left-Accumbens-area,MI,2.2082481368517403e-09
sub-627391,ses-2mo,26,Left-Accumbens-area,NMI,4.263168824276607e-06
sub-627391,ses-2mo,46,Right-Cerebellum-White-Matter,Dice,0.10238808150149711
sub-627391,ses-2mo,46,Right-Cerebellum-White-Matter,IoU,0.05395628078817734
sub-627391,ses-2mo,46,Right-Cerebellum-White-Matter,Hausdorff,21.61018278497431
sub-627391,ses-2mo,46,Right-Cerebellum-White-Matter,HD95,18.138357162475586
sub-627391,ses-2mo,46,Right-Cerebellum-White-Matter,MI,0.0004272630242619361
sub-627391,ses-2mo,46,Right-Cerebellum-White-Matter,NMI,0.05822958280282034
sub-627391,ses-2mo,7,Left-Cerebellum-White-Matter,Dice,0.08306797729475288
sub-627391,ses-2mo,7,Left-Cerebellum-White-Matter,IoU,0.04333381482016467
sub-627391,ses-2mo,7,Left-Cerebellum-White-Matter,Hausdorff,22.315913604421397
sub-627391,ses-2mo,7,Left-Cerebellum-White-Matter,HD95,19.10497283935547
sub-627391,ses-2mo,7,Left-Cerebellum-White-Matter,MI,0.000346981707625843
sub-627391,ses-2mo,7,Left-Cerebellum-White-Matter,NMI,0.04526460302018065
sub-439083,ses-1mo,51,Right-Putamen,Dice,0.04305100608329434
sub-439083,ses-1mo,51,Right-Putamen,IoU,0.021999043519846963
sub-439083,ses-1mo,51,Right-Putamen,Hausdorff,16.76305461424021
sub-439083,ses-1mo,51,Right-Putamen,HD95,12.041594505310059
sub-439083,ses-1mo,51,Right-Putamen,MI,7.151780023348302e-05
sub-439083,ses-1mo,51,Right-Putamen,NMI,0.018589956285829108
sub-439083,ses-1mo,42,Right-Cerebral-Cortex,Dice,0.17861749814569963
sub-439083,ses-1mo,42,Right-Cerebral-Cortex,IoU,0.0980669892039997
sub-439083,ses-1mo,42,Right-Cerebral-Cortex,Hausdorff,44.67661580737735
sub-439083,ses-1mo,42,Right-Cerebral-Cortex,HD95,18.81488800048828
sub-439083,ses-1mo,42,Right-Cerebral-Cortex,MI,0.0050051782541821535
sub-439083,ses-1mo,42,Right-Cerebral-Cortex,NMI,0.057815661607599024
sub-439083,ses-1mo,43,Right-Lateral-Ventricle,Dice,0.0426464391066161
sub-439083,ses-1mo,43,Right-Lateral-Ventricle,IoU,0.021787805718222527
sub-439083,ses-1mo,43,Right-Lateral-Ventricle,Hausdorff,29.563490998188964
sub-439083,ses-1mo,43,Right-Lateral-Ventricle,HD95,12.688577651977539
sub-439083,ses-1mo,43,Right-Lateral-Ventricle,MI,0.00011733937233649459
sub-439083,ses-1mo,43,Right-Lateral-Ventricle,NMI,0.017949320141821302
sub-439083,ses-1mo,5,Left-Inf-Lat-Vent,Dice,0.0
sub-439083,ses-1mo,5,Left-Inf-Lat-Vent,IoU,0.0
sub-439083,ses-1mo,5,Left-Inf-Lat-Vent,Hausdorff,37.49666651850535
sub-439083,ses-1mo,5,Left-Inf-Lat-Vent,HD95,30.727787017822255
sub-439083,ses-1mo,5,Left-Inf-Lat-Vent,MI,4.78175533330104e-09
sub-439083,ses-1mo,5,Left-Inf-Lat-Vent,NMI,6.1748084235468406e-06
sub-439083,ses-1mo,58,Right-Accumbens-area,Dice,0.0
sub-439083,ses-1mo,58,Right-Accumbens-area,IoU,0.0
sub-439083,ses-1mo,58,Right-Accumbens-area,Hausdorff,17.663521732655695
sub-439083,ses-1mo,58,Right-Accumbens-area,HD95,16.5890438079834
sub-439083,ses-1mo,58,Right-Accumbens-area,MI,6.572842062359014e-10
sub-439083,ses-1mo,58,Right-Accumbens-area,NMI,2.1312631973381335e-06
sub-439083,ses-1mo,17,Left-Hippocampus,Dice,0.07303202633941934
sub-439083,ses-1mo,17,Left-Hippocampus,IoU,0.037899968934451696
sub-439083,ses-1mo,17,Left-Hippocampus,Hausdorff,35.35533905932738
sub-439083,ses-1mo,17,Left-Hippocampus,HD95,31.49522924423217
sub-439083,ses-1mo,17,Left-Hippocampus,MI,8.396060945578407e-05
sub-439083,ses-1mo,17,Left-Hippocampus,NMI,0.038980338263683224
sub-439083,ses-1mo,53,Right-Hippocampus,Dice,0.08939828080229226
sub-439083,ses-1mo,53,Right-Hippocampus,IoU,0.046790641871625675
sub-439083,ses-1mo,53,Right-Hippocampus,Hausdorff,36.345563690772494
sub-439083,ses-1mo,53,Right-Hippocampus,HD95,31.14482307434082
sub-439083,ses-1mo,53,Right-Hippocampus,MI,0.0001108422128162231
sub-439083,ses-1mo,53,Right-Hippocampus,NMI,0.049458051671690165
sub-439083,ses-1mo,10,Left-Thalamus,Dice,0.25802047781569964
sub-439083,ses-1mo,10,Left-Thalamus,IoU,0.1481191222570533
sub-439083,ses-1mo,10,Left-Thalamus,Hausdorff,16.0312195418814
sub-439083,ses-1mo,10,Left-Thalamus,HD95,11.575837135314941
sub-439083,ses-1mo,10,Left-Thalamus,MI,0.0010569219398730467
sub-439083,ses-1mo,10,Left-Thalamus,NMI,0.16047324143900243
sub-439083,ses-1mo,12,Left-Putamen,Dice,0.09699918896999189
sub-439083,ses-1mo,12,Left-Putamen,IoU,0.050971701329696556
sub-439083,ses-1mo,12,Left-Putamen,Hausdorff,20.346989949375804
sub-439083,ses-1mo,12,Left-Putamen,HD95,16.309507369995117
sub-439083,ses-1mo,12,Left-Putamen,MI,0.00019474562860451926
sub-439083,ses-1mo,12,Left-Putamen,NMI,0.05252940668026443
sub-439083,ses-1mo,52,Right-Pallidum,Dice,0.0
sub-439083,ses-1mo,52,Right-Pallidum,IoU,0.0
sub-439083,ses-1mo,52,Right-Pallidum,Hausdorff,15.588457268119896
sub-439083,ses-1mo,52,Right-Pallidum,HD95,12.782750797271722
sub-439083,ses-1mo,52,Right-Pallidum,MI,1.2967992469545579e-08
sub-439083,ses-1mo,52,Right-Pallidum,NMI,1.0953858055191702e-05
sub-439083,ses-1mo,8,Left-Cerebellum-Cortex,Dice,0.0
sub-439083,ses-1mo,8,Left-Cerebellum-Cortex,IoU,0.0
sub-439083,ses-1mo,8,Left-Cerebellum-Cortex,Hausdorff,52.952809179494906
sub-439083,ses-1mo,8,Left-Cerebellum-Cortex,HD95,45.221675872802734
sub-439083,ses-1mo,8,Left-Cerebellum-Cortex,MI,1.2166850363728304e-05
sub-439083,ses-1mo,8,Left-Cerebellum-Cortex,NMI,0.000488933647508169
sub-439083,ses-1mo,11,Left-Caudate,Dice,0.04323630136986301
sub-439083,ses-1mo,11,Left-Caudate,IoU,0.022095821483264055
sub-439083,ses-1mo,11,Left-Caudate,Hausdorff,21.840329667841555
sub-439083,ses-1mo,11,Left-Caudate,HD95,11.445523262023926
sub-439083,ses-1mo,11,Left-Caudate,MI,5.54365166906259e-05
sub-439083,ses-1mo,11,Left-Caudate,NMI,0.018981999384569945
sub-439083,ses-1mo,3,Left-Cerebral-Cortex,Dice,0.20171020732569425
sub-439083,ses-1mo,3,Left-Cerebral-Cortex,IoU,0.1121677986203343
sub-439083,ses-1mo,3,Left-Cerebral-Cortex,Hausdorff,48.53864439804639
sub-439083,ses-1mo,3,Left-Cerebral-Cortex,HD95,21.0
sub-439083,ses-1mo,3,Left-Cerebral-Cortex,MI,0.006190533823512964
sub-439083,ses-1mo,3,Left-Cerebral-Cortex,NMI,0.07103466427852499
sub-439083,ses-1mo,4,Left-Lateral-Ventricle,Dice,0.020626151012891343
sub-439083,ses-1mo,4,Left-Lateral-Ventricle,IoU,0.01042054335690361
sub-439083,ses-1mo,4,Left-Lateral-Ventricle,Hausdorff,39.16631205513228
sub-439083,ses-1mo,4,Left-Lateral-Ventricle,HD95,20.688159942626953
sub-439083,ses-1mo,4,Left-Lateral-Ventricle,MI,4.4719794665737866e-05
sub-439083,ses-1mo,4,Left-Lateral-Ventricle,NMI,0.006026281640242984
sub-439083,ses-1mo,18,Left-Amygdala,Dice,0.0
sub-439083,ses-1mo,18,Left-Amygdala,IoU,0.0
sub-439083,ses-1mo,18,Left-Amygdala,Hausdorff,36.24913792078372
sub-439083,ses-1mo,18,Left-Amygdala,HD95,34.058773040771484
sub-439083,ses-1mo,18,Left-Amygdala,MI,4.949413797236029e-09
sub-439083,ses-1mo,18,Left-Amygdala,NMI,6.480342541143193e-06
sub-439083,ses-1mo,44,Right-Inf-Lat-Vent,Dice,0.0
sub-439083,ses-1mo,44,Right-Inf-Lat-Vent,IoU,0.0
sub-439083,ses-1mo,44,Right-Inf-Lat-Vent,Hausdorff,34.322004603461025
sub-439083,ses-1mo,44,Right-Inf-Lat-Vent,HD95,29.871387004852295
sub-439083,ses-1mo,44,Right-Inf-Lat-Vent,MI,2.7198707964136946e-09
sub-439083,ses-1mo,44,Right-Inf-Lat-Vent,NMI,4.053490071904497e-06
sub-439083,ses-1mo,47,Right-Cerebellum-Cortex,Dice,0.0
sub-439083,ses-1mo,47,Right-Cerebellum-Cortex,IoU,0.0
sub-439083,ses-1mo,47,Right-Cerebellum-Cortex,Hausdorff,52.21110992882645
sub-439083,ses-1mo,47,Right-Cerebellum-Cortex,HD95,44.69899368286133
sub-439083,ses-1mo,47,Right-Cerebellum-Cortex,MI,1.2129230422725651e-05
sub-439083,ses-1mo,47,Right-Cerebellum-Cortex,NMI,0.0004800663502680423
sub-439083,ses-1mo,13,Left-Pallidum,Dice,0.0
sub-439083,ses-1mo,13,Left-Pallidum,IoU,0.0
sub-439083,ses-1mo,13,Left-Pallidum,Hausdorff,15.937377450509228
sub-439083,ses-1mo,13,Left-Pallidum,HD95,12.369317054748535
sub-439083,ses-1mo,13,Left-Pallidum,MI,1.0507165926166781e-08
sub-439083,ses-1mo,13,Left-Pallidum,NMI,9.753849978574567e-06
sub-439083,ses-1mo,60,Right-VentralDC,Dice,0.0
sub-439083,ses-1mo,60,Right-VentralDC,IoU,0.0
sub-439083,ses-1mo,60,Right-VentralDC,Hausdorff,28.142494558940577
sub-439083,ses-1mo,60,Right-VentralDC,HD95,23.34523582458496
sub-439083,ses-1mo,60,Right-VentralDC,MI,5.972659198162991e-08
sub-439083,ses-1mo,60,Right-VentralDC,NMI,2.2550726569903257e-05
sub-439083,ses-1mo,49,Right-Thalamus,Dice,0.31598547621264317
sub-439083,ses-1mo,49,Right-Thalamus,IoU,0.18763821318000884
sub-439083,ses-1mo,49,Right-Thalamus,Hausdorff,14.7648230602334
sub-439083,ses-1mo,49,Right-Thalamus,HD95,10.655958747863757
sub-439083,ses-1mo,49,Right-Thalamus,MI,0.0012713444934088552
sub-439083,ses-1mo,49,Right-Thalamus,NMI,0.20838824575173812
sub-439083,ses-1mo,54,Right-Amygdala,Dice,0.0
sub-439083,ses-1mo,54,Right-Amygdala,IoU,0.0
sub-439083,ses-1mo,54,Right-Amygdala,Hausdorff,34.583232931581165
sub-439083,ses-1mo,54,Right-Amygdala,HD95,32.28312187194824
sub-439083,ses-1mo,54,Right-Amygdala,MI,6.671865911958216e-09
sub-439083,ses-1mo,54,Right-Amygdala,NMI,7.690053746456937e-06
sub-439083,ses-1mo,16,Brain-Stem,Dice,0.0
sub-439083,ses-1mo,16,Brain-Stem,IoU,0.0
sub-439083,ses-1mo,16,Brain-Stem,Hausdorff,42.49705872175156
sub-439083,ses-1mo,16,Brain-Stem,HD95,36.49657440185547
sub-439083,ses-1mo,16,Brain-Stem,MI,1.2042132679682648e-06
sub-439083,ses-1mo,16,Brain-Stem,NMI,0.00013849410383236227
sub-439083,ses-1mo,50,Right-Caudate,Dice,0.06082793579273444
sub-439083,ses-1mo,50,Right-Caudate,IoU,0.031367993029334885
sub-439083,ses-1mo,50,Right-Caudate,Hausdorff,16.64331697709324
sub-439083,ses-1mo,50,Right-Caudate,HD95,9.947354984283438
sub-439083,ses-1mo,50,Right-Caudate,MI,6.845472793326417e-05
sub-439083,ses-1mo,50,Right-Caudate,NMI,0.02990298954108325
sub-439083,ses-1mo,31,Left-choroid-plexus,Dice,0.0
sub-439083,ses-1mo,31,Left-choroid-plexus,IoU,0.0
sub-439083,ses-1mo,31,Left-choroid-plexus,Hausdorff,44.04543109109048
sub-439083,ses-1mo,31,Left-choroid-plexus,HD95,36.015967750549315
sub-439083,ses-1mo,31,Left-choroid-plexus,MI,8.719923804697367e-09
sub-439083,ses-1mo,31,Left-choroid-plexus,NMI,9.044904748463223e-06
sub-439083,ses-1mo,28,Left-VentralDC,Dice,0.0
sub-439083,ses-1mo,28,Left-VentralDC,IoU,0.0
sub-439083,ses-1mo,28,Left-VentralDC,Hausdorff,28.089143810376278
sub-439083,ses-1mo,28,Left-VentralDC,HD95,23.08787441253662
sub-439083,ses-1mo,28,Left-VentralDC,MI,5.988337071930003e-08
sub-439083,ses-1mo,28,Left-VentralDC,NMI,2.245979774002905e-05
sub-439083,ses-1mo,15,4th-Ventricle,Dice,0.0
sub-439083,ses-1mo,15,4th-Ventricle,IoU,0.0
sub-439083,ses-1mo,15,4th-Ventricle,Hausdorff,46.74398357008097
sub-439083,ses-1mo,15,4th-Ventricle,HD95,42.12596893310547
sub-439083,ses-1mo,15,4th-Ventricle,MI,3.3710625211430534e-09
sub-439083,ses-1mo,15,4th-Ventricle,NMI,5.319134565991298e-06
sub-439083,ses-1mo,2,Left-Cerebral-White-Matter,Dice,0.47320803530665045
sub-439083,ses-1mo,2,Left-Cerebral-White-Matter,IoU,0.3099361578063404
sub-439083,ses-1mo,2,Left-Cerebral-White-Matter,Hausdorff,48.28043081829324
sub-439083,ses-1mo,2,Left-Cerebral-White-Matter,HD95,19.375227928161472
sub-439083,ses-1mo,2,Left-Cerebral-White-Matter,MI,0.026397837942055063
sub-439083,ses-1mo,2,Left-Cerebral-White-Matter,NMI,0.29351176827182596
sub-439083,ses-1mo,41,Right-Cerebral-White-Matter,Dice,0.46059308261476395
sub-439083,ses-1mo,41,Right-Cerebral-White-Matter,IoU,0.2992016453954265
sub-439083,ses-1mo,41,Right-Cerebral-White-Matter,Hausdorff,43.42810150121693
sub-439083,ses-1mo,41,Right-Cerebral-White-Matter,HD95,15.842979431152344
sub-439083,ses-1mo,41,Right-Cerebral-White-Matter,MI,0.02535433487670172
sub-439083,ses-1mo,41,Right-Cerebral-White-Matter,NMI,0.2833133696653609
sub-439083,ses-1mo,14,3rd-Ventricle,Dice,0.01011804384485666
sub-439083,ses-1mo,14,3rd-Ventricle,IoU,0.005084745762711864
sub-439083,ses-1mo,14,3rd-Ventricle,Hausdorff,26.19160170741759
sub-439083,ses-1mo,14,3rd-Ventricle,HD95,20.049938201904297
sub-439083,ses-1mo,14,3rd-Ventricle,MI,3.240642169676516e-06
sub-439083,ses-1mo,14,3rd-Ventricle,NMI,0.0038038845413667674
sub-439083,ses-1mo,63,Right-choroid-plexus,Dice,0.0
sub-439083,ses-1mo,63,Right-choroid-plexus,IoU,0.0
sub-439083,ses-1mo,63,Right-choroid-plexus,Hausdorff,45.70557952810576
sub-439083,ses-1mo,63,Right-choroid-plexus,HD95,29.678271484375003
sub-439083,ses-1mo,63,Right-choroid-plexus,MI,8.275783928426376e-09
sub-439083,ses-1mo,63,Right-choroid-plexus,NMI,8.751865143964421e-06
sub-439083,ses-1mo,26,Left-Accumbens-area,Dice,0.0
sub-439083,ses-1mo,26,Left-Accumbens-area,IoU,0.0
sub-439083,ses-1mo,26,Left-Accumbens-area,Hausdorff,19.467922333931785
sub-439083,ses-1mo,26,Left-Accumbens-area,HD95,18.466184616088867
sub-439083,ses-1mo,26,Left-Accumbens-area,MI,9.906103660208302e-10
sub-439083,ses-1mo,26,Left-Accumbens-area,NMI,2.5717814753143643e-06
sub-439083,ses-1mo,46,Right-Cerebellum-White-Matter,Dice,0.0
sub-439083,ses-1mo,46,Right-Cerebellum-White-Matter,IoU,0.0
sub-439083,ses-1mo,46,Right-Cerebellum-White-Matter,Hausdorff,44.87761134463375
sub-439083,ses-1mo,46,Right-Cerebellum-White-Matter,HD95,39.57019195556641
sub-439083,ses-1mo,46,Right-Cerebellum-White-Matter,MI,4.879866384267448e-07
sub-439083,ses-1mo,46,Right-Cerebellum-White-Matter,NMI,7.527978342232767e-05
sub-439083,ses-1mo,7,Left-Cerebellum-White-Matter,Dice,0.0
sub-439083,ses-1mo,7,Left-Cerebellum-White-Matter,IoU,0.0
sub-439083,ses-1mo,7,Left-Cerebellum-White-Matter,Hausdorff,43.30127018922193
sub-439083,ses-1mo,7,Left-Cerebellum-White-Matter,HD95,39.59798049926758
sub-439083,ses-1mo,7,Left-Cerebellum-White-Matter,MI,3.7795301678438496e-07
sub-439083,ses-1mo,7,Left-Cerebellum-White-Matter,NMI,6.635183365885746e-05
sub-116845,ses-3mo,51,Right-Putamen,Dice,0.20652173913043478
sub-116845,ses-3mo,51,Right-Putamen,IoU,0.11515151515151516
sub-116845,ses-3mo,51,Right-Putamen,Hausdorff,15.937377450509228
sub-116845,ses-3mo,51,Right-Putamen,HD95,11.180339813232422
sub-116845,ses-3mo,51,Right-Putamen,MI,0.000544110668020838
sub-116845,ses-3mo,51,Right-Putamen,NMI,0.12751066436186734
sub-116845,ses-3mo,42,Right-Cerebral-Cortex,Dice,0.18132442797115544
sub-116845,ses-3mo,42,Right-Cerebral-Cortex,IoU,0.09970136002259979
sub-116845,ses-3mo,42,Right-Cerebral-Cortex,Hausdorff,32.07802986469088
sub-116845,ses-3mo,42,Right-Cerebral-Cortex,HD95,10.24695110321045
sub-116845,ses-3mo,42,Right-Cerebral-Cortex,MI,0.005334472079434129
sub-116845,ses-3mo,42,Right-Cerebral-Cortex,NMI,0.057166037970580716
sub-116845,ses-3mo,43,Right-Lateral-Ventricle,Dice,0.4460683565502017
sub-116845,ses-3mo,43,Right-Lateral-Ventricle,IoU,0.2870579014401881
sub-116845,ses-3mo,43,Right-Lateral-Ventricle,Hausdorff,26.43860813280457
sub-116845,ses-3mo,43,Right-Lateral-Ventricle,HD95,8.9442720413208
sub-116845,ses-3mo,43,Right-Lateral-Ventricle,MI,0.002491129544284415
sub-116845,ses-3mo,43,Right-Lateral-Ventricle,NMI,0.34628706692931466
sub-116845,ses-3mo,5,Left-Inf-Lat-Vent,Dice,0.0
sub-116845,ses-3mo,5,Left-Inf-Lat-Vent,IoU,0.0
sub-116845,ses-3mo,5,Left-Inf-Lat-Vent,Hausdorff,58.01723881744115
sub-116845,ses-3mo,5,Left-Inf-Lat-Vent,HD95,22.838560867309567
sub-116845,ses-3mo,5,Left-Inf-Lat-Vent,MI,4.7158378017225e-09
sub-116845,ses-3mo,5,Left-Inf-Lat-Vent,NMI,6.325606847441256e-06
sub-116845,ses-3mo,58,Right-Accumbens-area,Dice,0.0
sub-116845,ses-3mo,58,Right-Accumbens-area,IoU,0.0
sub-116845,ses-3mo,58,Right-Accumbens-area,Hausdorff,15.0
sub-116845,ses-3mo,58,Right-Accumbens-area,HD95,12.688577651977539
sub-116845,ses-3mo,58,Right-Accumbens-area,MI,1.8821273941091845e-09
sub-116845,ses-3mo,58,Right-Accumbens-area,NMI,3.7871404232486905e-06
sub-116845,ses-3mo,17,Left-Hippocampus,Dice,0.0
sub-116845,ses-3mo,17,Left-Hippocampus,IoU,0.0
sub-116845,ses-3mo,17,Left-Hippocampus,Hausdorff,28.231188426986208
sub-116845,ses-3mo,17,Left-Hippocampus,HD95,21.562698078155513
sub-116845,ses-3mo,17,Left-Hippocampus,MI,8.308818105003286e-08
sub-116845,ses-3mo,17,Left-Hippocampus,NMI,2.9316954741851728e-05
sub-116845,ses-3mo,53,Right-Hippocampus,Dice,0.0
sub-116845,ses-3mo,53,Right-Hippocampus,IoU,0.0
sub-116845,ses-3mo,53,Right-Hippocampus,Hausdorff,25.80697580112788
sub-116845,ses-3mo,53,Right-Hippocampus,HD95,19.72308349609375
sub-116845,ses-3mo,53,Right-Hippocampus,MI,7.151195338607648e-08
sub-116845,ses-3mo,53,Right-Hippocampus,NMI,2.695418470022505e-05
sub-116845,ses-3mo,10,Left-Thalamus,Dice,0.3409757398027193
sub-116845,ses-3mo,10,Left-Thalamus,IoU,0.205527880443516
sub-116845,ses-3mo,10,Left-Thalamus,Hausdorff,17.11724276862369
sub-116845,ses-3mo,10,Left-Thalamus,HD95,12.0
sub-116845,ses-3mo,10,Left-Thalamus,MI,0.0018365008848949794
sub-116845,ses-3mo,10,Left-Thalamus,NMI,0.2246549672449891
sub-116845,ses-3mo,12,Left-Putamen,Dice,0.12220435608829118
sub-116845,ses-3mo,12,Left-Putamen,IoU,0.06507862369609217
sub-116845,ses-3mo,12,Left-Putamen,Hausdorff,19.261360284258224
sub-116845,ses-3mo,12,Left-Putamen,HD95,14.247806549072266
sub-116845,ses-3mo,12,Left-Putamen,MI,0.0002753809066056652
sub-116845,ses-3mo,12,Left-Putamen,NMI,0.0674192170852223
sub-116845,ses-3mo,52,Right-Pallidum,Dice,0.00298804780876494
sub-116845,ses-3mo,52,Right-Pallidum,IoU,0.0014962593516209476
sub-116845,ses-3mo,52,Right-Pallidum,Hausdorff,12.649110640673518
sub-116845,ses-3mo,52,Right-Pallidum,HD95,11.258183002471924
sub-116845,ses-3mo,52,Right-Pallidum,MI,8.865013501917072e-07
sub-116845,ses-3mo,52,Right-Pallidum,NMI,0.0006458692880951895
sub-116845,ses-3mo,8,Left-Cerebellum-Cortex,Dice,0.12367842404891713
sub-116845,ses-3mo,8,Left-Cerebellum-Cortex,IoU,0.06591536633917679
sub-116845,ses-3mo,8,Left-Cerebellum-Cortex,Hausdorff,33.61547262794322
sub-116845,ses-3mo,8,Left-Cerebellum-Cortex,HD95,25.2586612701416
sub-116845,ses-3mo,8,Left-Cerebellum-Cortex,MI,0.001463779599946916
sub-116845,ses-3mo,8,Left-Cerebellum-Cortex,NMI,0.05033024425949705
sub-116845,ses-3mo,11,Left-Caudate,Dice,0.22007994356924523
sub-116845,ses-3mo,11,Left-Caudate,IoU,0.12364597093791281
sub-116845,ses-3mo,11,Left-Caudate,Hausdorff,14.45683229480096
sub-116845,ses-3mo,11,Left-Caudate,HD95,8.99721360206603
sub-116845,ses-3mo,11,Left-Caudate,MI,0.0003797120472048692
sub-116845,ses-3mo,11,Left-Caudate,NMI,0.1412443460043602
sub-116845,ses-3mo,3,Left-Cerebral-Cortex,Dice,0.17840742212470415
sub-116845,ses-3mo,3,Left-Cerebral-Cortex,IoU,0.09794035411189389
sub-116845,ses-3mo,3,Left-Cerebral-Cortex,Hausdorff,33.13608305156178
sub-116845,ses-3mo,3,Left-Cerebral-Cortex,HD95,13.747727394104004
sub-116845,ses-3mo,3,Left-Cerebral-Cortex,MI,0.005306652551739989
sub-116845,ses-3mo,3,Left-Cerebral-Cortex,NMI,0.05420698845761886
sub-116845,ses-3mo,4,Left-Lateral-Ventricle,Dice,0.395440414507772
sub-116845,ses-3mo,4,Left-Lateral-Ventricle,IoU,0.24644794626711444
sub-116845,ses-3mo,4,Left-Lateral-Ventricle,Hausdorff,29.9833287011299
sub-116845,ses-3mo,4,Left-Lateral-Ventricle,HD95,11.357816696166992
sub-116845,ses-3mo,4,Left-Lateral-Ventricle,MI,0.002345873391141751
sub-116845,ses-3mo,4,Left-Lateral-Ventricle,NMI,0.30052417003183807
sub-116845,ses-3mo,18,Left-Amygdala,Dice,0.0
sub-116845,ses-3mo,18,Left-Amygdala,IoU,0.0
sub-116845,ses-3mo,18,Left-Amygdala,Hausdorff,28.705400188814647
sub-116845,ses-3mo,18,Left-Amygdala,HD95,25.0499324798584
sub-116845,ses-3mo,18,Left-Amygdala,MI,2.0396555144559878e-08
sub-116845,ses-3mo,18,Left-Amygdala,NMI,1.3388908292436414e-05
sub-116845,ses-3mo,44,Right-Inf-Lat-Vent,Dice,0.008673026886383347
sub-116845,ses-3mo,44,Right-Inf-Lat-Vent,IoU,0.004355400696864111
sub-116845,ses-3mo,44,Right-Inf-Lat-Vent,Hausdorff,24.919871588754223
sub-116845,ses-3mo,44,Right-Inf-Lat-Vent,HD95,20.708687210083003
sub-116845,ses-3mo,44,Right-Inf-Lat-Vent,MI,2.5661234122152214e-06
sub-116845,ses-3mo,44,Right-Inf-Lat-Vent,NMI,0.0030801379646442644
sub-116845,ses-3mo,47,Right-Cerebellum-Cortex,Dice,0.14349848726373662
sub-116845,ses-3mo,47,Right-Cerebellum-Cortex,IoU,0.07729510925753938
sub-116845,ses-3mo,47,Right-Cerebellum-Cortex,Hausdorff,27.94637722496424
sub-116845,ses-3mo,47,Right-Cerebellum-Cortex,HD95,23.043437957763672
sub-116845,ses-3mo,47,Right-Cerebellum-Cortex,MI,0.0017292227811485858
sub-116845,ses-3mo,47,Right-Cerebellum-Cortex,NMI,0.06348869430172292
sub-116845,ses-3mo,13,Left-Pallidum,Dice,0.0
sub-116845,ses-3mo,13,Left-Pallidum,IoU,0.0
sub-116845,ses-3mo,13,Left-Pallidum,Hausdorff,15.033296378372908
sub-116845,ses-3mo,13,Left-Pallidum,HD95,13.190905570983887
sub-116845,ses-3mo,13,Left-Pallidum,MI,1.5819892435864173e-08
sub-116845,ses-3mo,13,Left-Pallidum,NMI,1.2434886688791872e-05
sub-116845,ses-3mo,60,Right-VentralDC,Dice,0.0
sub-116845,ses-3mo,60,Right-VentralDC,IoU,0.0
sub-116845,ses-3mo,60,Right-VentralDC,Hausdorff,20.09975124224178
sub-116845,ses-3mo,60,Right-VentralDC,HD95,15.70347566604614
sub-116845,ses-3mo,60,Right-VentralDC,MI,4.469673454461252e-08
sub-116845,ses-3mo,60,Right-VentralDC,NMI,2.0000981586176095e-05
sub-116845,ses-3mo,49,Right-Thalamus,Dice,0.39230824219029237
sub-116845,ses-3mo,49,Right-Thalamus,IoU,0.24401956425077811
sub-116845,ses-3mo,49,Right-Thalamus,Hausdorff,15.811388300841896
sub-116845,ses-3mo,49,Right-Thalamus,HD95,11.0
sub-116845,ses-3mo,49,Right-Thalamus,MI,0.002079313876553829
sub-116845,ses-3mo,49,Right-Thalamus,NMI,0.27049545614776793
sub-116845,ses-3mo,54,Right-Amygdala,Dice,0.0
sub-116845,ses-3mo,54,Right-Amygdala,IoU,0.0
sub-116845,ses-3mo,54,Right-Amygdala,Hausdorff,24.698178070456937
sub-116845,ses-3mo,54,Right-Amygdala,HD95,22.090307617187477
sub-116845,ses-3mo,54,Right-Amygdala,MI,2.4027228762374744e-08
sub-116845,ses-3mo,54,Right-Amygdala,NMI,1.5249652021005026e-05
sub-116845,ses-3mo,16,Brain-Stem,Dice,0.3387743051162006
sub-116845,ses-3mo,16,Brain-Stem,IoU,0.20393033057431575
sub-116845,ses-3mo,16,Brain-Stem,Hausdorff,26.551836094703507
sub-116845,ses-3mo,16,Brain-Stem,HD95,20.049938201904297
sub-116845,ses-3mo,16,Brain-Stem,MI,0.002631384292436809
sub-116845,ses-3mo,16,Brain-Stem,NMI,0.21641884344876589
sub-116845,ses-3mo,50,Right-Caudate,Dice,0.38872691933916426
sub-116845,ses-3mo,50,Right-Caudate,IoU,0.24125452352231605
sub-116845,ses-3mo,50,Right-Caudate,Hausdorff,14.628738838327793
sub-116845,ses-3mo,50,Right-Caudate,HD95,8.602325439453125
sub-116845,ses-3mo,50,Right-Caudate,MI,0.0007390503252158644
sub-116845,ses-3mo,50,Right-Caudate,NMI,0.2830112924626616
sub-116845,ses-3mo,31,Left-choroid-plexus,Dice,0.0
sub-116845,ses-3mo,31,Left-choroid-plexus,IoU,0.0
sub-116845,ses-3mo,31,Left-choroid-plexus,Hausdorff,43.57751713900185
sub-116845,ses-3mo,31,Left-choroid-plexus,HD95,38.98105964660643
sub-116845,ses-3mo,31,Left-choroid-plexus,MI,1.8549272923597867e-10
sub-116845,ses-3mo,31,Left-choroid-plexus,NMI,1.1145475082279292e-06
sub-116845,ses-3mo,28,Left-VentralDC,Dice,0.0
sub-116845,ses-3mo,28,Left-VentralDC,IoU,0.0
sub-116845,ses-3mo,28,Left-VentralDC,Hausdorff,21.236760581595302
sub-116845,ses-3mo,28,Left-VentralDC,HD95,16.024975585937497
sub-116845,ses-3mo,28,Left-VentralDC,MI,4.4655455168265273e-08
sub-116845,ses-3mo,28,Left-VentralDC,NMI,2.0658924791618282e-05
sub-116845,ses-3mo,15,4th-Ventricle,Dice,0.0
sub-116845,ses-3mo,15,4th-Ventricle,IoU,0.0
sub-116845,ses-3mo,15,4th-Ventricle,Hausdorff,31.080540535840107
sub-116845,ses-3mo,15,4th-Ventricle,HD95,23.57961387634277
sub-116845,ses-3mo,15,4th-Ventricle,MI,2.0076061330726036e-08
sub-116845,ses-3mo,15,4th-Ventricle,NMI,1.2803037096050177e-05
sub-116845,ses-3mo,2,Left-Cerebral-White-Matter,Dice,0.586592022706067
sub-116845,ses-3mo,2,Left-Cerebral-White-Matter,IoU,0.4150196066029979
sub-116845,ses-3mo,2,Left-Cerebral-White-Matter,Hausdorff,28.982753492378876
sub-116845,ses-3mo,2,Left-Cerebral-White-Matter,HD95,8.185352325439453
sub-116845,ses-3mo,2,Left-Cerebral-White-Matter,MI,0.04595823912135371
sub-116845,ses-3mo,2,Left-Cerebral-White-Matter,NMI,0.3996084258514284
sub-116845,ses-3mo,41,Right-Cerebral-White-Matter,Dice,0.6198531811214066
sub-116845,ses-3mo,41,Right-Cerebral-White-Matter,IoU,0.4491211896028961
sub-116845,ses-3mo,41,Right-Cerebral-White-Matter,Hausdorff,25.96150997149434
sub-116845,ses-3mo,41,Right-Cerebral-White-Matter,HD95,6.324555397033691
sub-116845,ses-3mo,41,Right-Cerebral-White-Matter,MI,0.0500830625961306
sub-116845,ses-3mo,41,Right-Cerebral-White-Matter,NMI,0.4280884232314576
sub-116845,ses-3mo,14,3rd-Ventricle,Dice,0.08633093525179857
sub-116845,ses-3mo,14,3rd-Ventricle,IoU,0.045112781954887216
sub-116845,ses-3mo,14,3rd-Ventricle,Hausdorff,14.071247279470288
sub-116845,ses-3mo,14,3rd-Ventricle,HD95,10.24695110321045
sub-116845,ses-3mo,14,3rd-Ventricle,MI,7.135500713521887e-05
sub-116845,ses-3mo,14,3rd-Ventricle,NMI,0.050736245588113314
sub-116845,ses-3mo,63,Right-choroid-plexus,Dice,0.0
sub-116845,ses-3mo,63,Right-choroid-plexus,IoU,0.0
sub-116845,ses-3mo,63,Right-choroid-plexus,Hausdorff,72.44998274671983
sub-116845,ses-3mo,63,Right-choroid-plexus,HD95,33.544745445251465
sub-116845,ses-3mo,63,Right-choroid-plexus,MI,2.2231305990170428e-10
sub-116845,ses-3mo,63,Right-choroid-plexus,NMI,1.0400129658242765e-06
sub-116845,ses-3mo,26,Left-Accumbens-area,Dice,0.0
sub-116845,ses-3mo,26,Left-Accumbens-area,IoU,0.0
sub-116845,ses-3mo,26,Left-Accumbens-area,Hausdorff,16.15549442140351
sub-116845,ses-3mo,26,Left-Accumbens-area,HD95,14.324797248840332
sub-116845,ses-3mo,26,Left-Accumbens-area,MI,2.9463527971698234e-09
sub-116845,ses-3mo,26,Left-Accumbens-area,NMI,4.859250851106055e-06
sub-116845,ses-3mo,46,Right-Cerebellum-White-Matter,Dice,0.028795657048445153
sub-116845,ses-3mo,46,Right-Cerebellum-White-Matter,IoU,0.014608154223792132
sub-116845,ses-3mo,46,Right-Cerebellum-White-Matter,Hausdorff,31.160872901765767
sub-116845,ses-3mo,46,Right-Cerebellum-White-Matter,HD95,21.210845184326164
sub-116845,ses-3mo,46,Right-Cerebellum-White-Matter,MI,8.25081069529939e-05
sub-116845,ses-3mo,46,Right-Cerebellum-White-Matter,NMI,0.00917363123271388
sub-116845,ses-3mo,7,Left-Cerebellum-White-Matter,Dice,0.020809968847352023
sub-116845,ses-3mo,7,Left-Cerebellum-White-Matter,IoU,0.01051438645092237
sub-116845,ses-3mo,7,Left-Cerebellum-White-Matter,Hausdorff,27.51363298439521
sub-116845,ses-3mo,7,Left-Cerebellum-White-Matter,HD95,21.97726058959961
sub-116845,ses-3mo,7,Left-Cerebellum-White-Matter,MI,4.986213701210329e-05
sub-116845,ses-3mo,7,Left-Cerebellum-White-Matter,NMI,0.005806848540918431
sub-116056,ses-3mo,51,Right-Putamen,Dice,0.1473443746430611
sub-116056,ses-3mo,51,Right-Putamen,IoU,0.07953144266337854
sub-116056,ses-3mo,51,Right-Putamen,Hausdorff,19.72308292331602
sub-116056,ses-3mo,51,Right-Putamen,HD95,13.892443656921387
sub-116056,ses-3mo,51,Right-Putamen,MI,0.0004241659487836338
sub-116056,ses-3mo,51,Right-Putamen,NMI,0.08361787579760528
sub-116056,ses-3mo,42,Right-Cerebral-Cortex,Dice,0.14522584963926316
sub-116056,ses-3mo,42,Right-Cerebral-Cortex,IoU,0.07829840070340534
sub-116056,ses-3mo,42,Right-Cerebral-Cortex,Hausdorff,59.0
sub-116056,ses-3mo,42,Right-Cerebral-Cortex,HD95,13.152946472167969
sub-116056,ses-3mo,42,Right-Cerebral-Cortex,MI,0.003881431088127562
sub-116056,ses-3mo,42,Right-Cerebral-Cortex,NMI,0.03316420170865275
sub-116056,ses-3mo,43,Right-Lateral-Ventricle,Dice,0.040036396724294813
sub-116056,ses-3mo,43,Right-Lateral-Ventricle,IoU,0.02042711234911792
sub-116056,ses-3mo,43,Right-Lateral-Ventricle,Hausdorff,19.519221295943137
sub-116056,ses-3mo,43,Right-Lateral-Ventricle,HD95,11.704699516296387
sub-116056,ses-3mo,43,Right-Lateral-Ventricle,MI,0.0001284609634729943
sub-116056,ses-3mo,43,Right-Lateral-Ventricle,NMI,0.014637266919227586
sub-116056,ses-3mo,5,Left-Inf-Lat-Vent,Dice,0.0
sub-116056,ses-3mo,5,Left-Inf-Lat-Vent,IoU,0.0
sub-116056,ses-3mo,5,Left-Inf-Lat-Vent,Hausdorff,40.17461885320133
sub-116056,ses-3mo,5,Left-Inf-Lat-Vent,HD95,20.60944681167603
sub-116056,ses-3mo,5,Left-Inf-Lat-Vent,MI,7.755438755769044e-09
sub-116056,ses-3mo,5,Left-Inf-Lat-Vent,NMI,7.436646739695118e-06
sub-116056,ses-3mo,58,Right-Accumbens-area,Dice,0.0
sub-116056,ses-3mo,58,Right-Accumbens-area,IoU,0.0
sub-116056,ses-3mo,58,Right-Accumbens-area,Hausdorff,17.05872210923198
sub-116056,ses-3mo,58,Right-Accumbens-area,HD95,15.6268949508667
sub-116056,ses-3mo,58,Right-Accumbens-area,MI,2.3846605960909815e-09
sub-116056,ses-3mo,58,Right-Accumbens-area,NMI,4.449667574414696e-06
sub-116056,ses-3mo,17,Left-Hippocampus,Dice,0.0
sub-116056,ses-3mo,17,Left-Hippocampus,IoU,0.0
sub-116056,ses-3mo,17,Left-Hippocampus,Hausdorff,31.38470965295043
sub-116056,ses-3mo,17,Left-Hippocampus,HD95,25.00998077392579
sub-116056,ses-3mo,17,Left-Hippocampus,MI,1.1107123722110465e-07
sub-116056,ses-3mo,17,Left-Hippocampus,NMI,3.463128821655457e-05
sub-116056,ses-3mo,53,Right-Hippocampus,Dice,0.0
sub-116056,ses-3mo,53,Right-Hippocampus,IoU,0.0
sub-116056,ses-3mo,53,Right-Hippocampus,Hausdorff,30.886890422961002
sub-116056,ses-3mo,53,Right-Hippocampus,HD95,25.139610290527344
sub-116056,ses-3mo,53,Right-Hippocampus,MI,1.1393144771392524e-07
sub-116056,ses-3mo,53,Right-Hippocampus,NMI,3.4452526198081244e-05
sub-116056,ses-3mo,10,Left-Thalamus,Dice,0.2694154855335598
sub-116056,ses-3mo,10,Left-Thalamus,IoU,0.15567889535670773
sub-116056,ses-3mo,10,Left-Thalamus,Hausdorff,18.466185312619388
sub-116056,ses-3mo,10,Left-Thalamus,HD95,14.456831932067871
sub-116056,ses-3mo,10,Left-Thalamus,MI,0.0015078444136935793
sub-116056,ses-3mo,10,Left-Thalamus,NMI,0.16482972221158426
sub-116056,ses-3mo,12,Left-Putamen,Dice,0.09148382298252139
sub-116056,ses-3mo,12,Left-Putamen,IoU,0.04793452844894778
sub-116056,ses-3mo,12,Left-Putamen,Hausdorff,19.519221295943137
sub-116056,ses-3mo,12,Left-Putamen,HD95,14.317821502685547
sub-116056,ses-3mo,12,Left-Putamen,MI,0.00022245552412053092
sub-116056,ses-3mo,12,Left-Putamen,NMI,0.04728377908951167
sub-116056,ses-3mo,52,Right-Pallidum,Dice,0.0
sub-116056,ses-3mo,52,Right-Pallidum,IoU,0.0
sub-116056,ses-3mo,52,Right-Pallidum,Hausdorff,14.247806848775006
sub-116056,ses-3mo,52,Right-Pallidum,HD95,12.569805145263672
sub-116056,ses-3mo,52,Right-Pallidum,MI,2.4342826441495647e-08
sub-116056,ses-3mo,52,Right-Pallidum,NMI,1.5767332896239813e-05
sub-116056,ses-3mo,8,Left-Cerebellum-Cortex,Dice,0.13624224867605123
sub-116056,ses-3mo,8,Left-Cerebellum-Cortex,IoU,0.0731008354381193
sub-116056,ses-3mo,8,Left-Cerebellum-Cortex,Hausdorff,34.322004603461025
sub-116056,ses-3mo,8,Left-Cerebellum-Cortex,HD95,24.73863410949707
sub-116056,ses-3mo,8,Left-Cerebellum-Cortex,MI,0.0016536085516131995
sub-116056,ses-3mo,8,Left-Cerebellum-Cortex,NMI,0.05679237351966751
sub-116056,ses-3mo,11,Left-Caudate,Dice,0.21740754576017932
sub-116056,ses-3mo,11,Left-Caudate,IoU,0.12196144174350378
sub-116056,ses-3mo,11,Left-Caudate,Hausdorff,14.7648230602334
sub-116056,ses-3mo,11,Left-Caudate,HD95,8.602325439453125
sub-116056,ses-3mo,11,Left-Caudate,MI,0.0004526073870585773
sub-116056,ses-3mo,11,Left-Caudate,NMI,0.13721197853940287
sub-116056,ses-3mo,3,Left-Cerebral-Cortex,Dice,0.15820240739217462
sub-116056,ses-3mo,3,Left-Cerebral-Cortex,IoU,0.08589565326131941
sub-116056,ses-3mo,3,Left-Cerebral-Cortex,Hausdorff,41.58124577258358
sub-116056,ses-3mo,3,Left-Cerebral-Cortex,HD95,13.928388595581055
sub-116056,ses-3mo,3,Left-Cerebral-Cortex,MI,0.004621207971701392
sub-116056,ses-3mo,3,Left-Cerebral-Cortex,NMI,0.039385605535576344
sub-116056,ses-3mo,4,Left-Lateral-Ventricle,Dice,0.031667218360366324
sub-116056,ses-3mo,4,Left-Lateral-Ventricle,IoU,0.01608834575929144
sub-116056,ses-3mo,4,Left-Lateral-Ventricle,Hausdorff,21.02379604162864
sub-116056,ses-3mo,4,Left-Lateral-Ventricle,HD95,13.56466007232666
sub-116056,ses-3mo,4,Left-Lateral-Ventricle,MI,0.00010304758503110813
sub-116056,ses-3mo,4,Left-Lateral-Ventricle,NMI,0.010880140702839117
sub-116056,ses-3mo,18,Left-Amygdala,Dice,0.0
sub-116056,ses-3mo,18,Left-Amygdala,IoU,0.0
sub-116056,ses-3mo,18,Left-Amygdala,Hausdorff,30.870698080866262
sub-116056,ses-3mo,18,Left-Amygdala,HD95,27.85677719116211
sub-116056,ses-3mo,18,Left-Amygdala,MI,2.54632399048914e-08
sub-116056,ses-3mo,18,Left-Amygdala,NMI,1.49501406352602e-05
sub-116056,ses-3mo,44,Right-Inf-Lat-Vent,Dice,0.0
sub-116056,ses-3mo,44,Right-Inf-Lat-Vent,IoU,0.0
sub-116056,ses-3mo,44,Right-Inf-Lat-Vent,Hausdorff,30.166206257996713
sub-116056,ses-3mo,44,Right-Inf-Lat-Vent,HD95,20.615528106689453
sub-116056,ses-3mo,44,Right-Inf-Lat-Vent,MI,9.060563100168244e-09
sub-116056,ses-3mo,44,Right-Inf-Lat-Vent,NMI,8.152552396980858e-06
sub-116056,ses-3mo,47,Right-Cerebellum-Cortex,Dice,0.1382551128975056
sub-116056,ses-3mo,47,Right-Cerebellum-Cortex,IoU,0.07426104073403816
sub-116056,ses-3mo,47,Right-Cerebellum-Cortex,Hausdorff,34.48187929913333
sub-116056,ses-3mo,47,Right-Cerebellum-Cortex,HD95,24.919872283935547
sub-116056,ses-3mo,47,Right-Cerebellum-Cortex,MI,0.0017393784386340707
sub-116056,ses-3mo,47,Right-Cerebellum-Cortex,NMI,0.05886901203836699
sub-116056,ses-3mo,13,Left-Pallidum,Dice,0.0
sub-116056,ses-3mo,13,Left-Pallidum,IoU,0.0
sub-116056,ses-3mo,13,Left-Pallidum,Hausdorff,14.45683229480096
sub-116056,ses-3mo,13,Left-Pallidum,HD95,13.0
sub-116056,ses-3mo,13,Left-Pallidum,MI,2.334700823560529e-08
sub-116056,ses-3mo,13,Left-Pallidum,NMI,1.5346519629779135e-05
sub-116056,ses-3mo,60,Right-VentralDC,Dice,0.0
sub-116056,ses-3mo,60,Right-VentralDC,IoU,0.0
sub-116056,ses-3mo,60,Right-VentralDC,Hausdorff,22.825424421026653
sub-116056,ses-3mo,60,Right-VentralDC,HD95,18.760291194915762
sub-116056,ses-3mo,60,Right-VentralDC,MI,4.2933201357291725e-08
sub-116056,ses-3mo,60,Right-VentralDC,NMI,2.0269766039551323e-05
sub-116056,ses-3mo,49,Right-Thalamus,Dice,0.23638660770688566
sub-116056,ses-3mo,49,Right-Thalamus,IoU,0.1340353893545383
sub-116056,ses-3mo,49,Right-Thalamus,Hausdorff,19.519221295943137
sub-116056,ses-3mo,49,Right-Thalamus,HD95,15.315016651153556
sub-116056,ses-3mo,49,Right-Thalamus,MI,0.001203935019703944
sub-116056,ses-3mo,49,Right-Thalamus,NMI,0.14062619961256295
sub-116056,ses-3mo,54,Right-Amygdala,Dice,0.0
sub-116056,ses-3mo,54,Right-Amygdala,IoU,0.0
sub-116056,ses-3mo,54,Right-Amygdala,Hausdorff,29.13760456866693
sub-116056,ses-3mo,54,Right-Amygdala,HD95,25.955729866027834
sub-116056,ses-3mo,54,Right-Amygdala,MI,3.258415857466425e-08
sub-116056,ses-3mo,54,Right-Amygdala,NMI,1.7218577433942702e-05
sub-116056,ses-3mo,16,Brain-Stem,Dice,0.22154327128037515
sub-116056,ses-3mo,16,Brain-Stem,IoU,0.12457051538154215
sub-116056,ses-3mo,16,Brain-Stem,Hausdorff,34.307433596816885
sub-116056,ses-3mo,16,Brain-Stem,HD95,27.0
sub-116056,ses-3mo,16,Brain-Stem,MI,0.0017376880297267543
sub-116056,ses-3mo,16,Brain-Stem,NMI,0.12345601903330178
sub-116056,ses-3mo,50,Right-Caudate,Dice,0.2364513018322083
sub-116056,ses-3mo,50,Right-Caudate,IoU,0.13407699037620296
sub-116056,ses-3mo,50,Right-Caudate,Hausdorff,16.431676725154983
sub-116056,ses-3mo,50,Right-Caudate,HD95,10.0
sub-116056,ses-3mo,50,Right-Caudate,MI,0.0004940623039500392
sub-116056,ses-3mo,50,Right-Caudate,NMI,0.15452834102454896
sub-116056,ses-3mo,31,Left-choroid-plexus,Dice,0.0
sub-116056,ses-3mo,31,Left-choroid-plexus,IoU,0.0
sub-116056,ses-3mo,31,Left-choroid-plexus,Hausdorff,65.4217089351845
sub-116056,ses-3mo,31,Left-choroid-plexus,HD95,49.80911540985107
sub-116056,ses-3mo,31,Left-choroid-plexus,MI,1.53616471035593e-09
sub-116056,ses-3mo,31,Left-choroid-plexus,NMI,2.092938230876521e-06
sub-116056,ses-3mo,28,Left-VentralDC,Dice,0.0
sub-116056,ses-3mo,28,Left-VentralDC,IoU,0.0
sub-116056,ses-3mo,28,Left-VentralDC,Hausdorff,24.819347291981714
sub-116056,ses-3mo,28,Left-VentralDC,HD95,19.697715759277344
sub-116056,ses-3mo,28,Left-VentralDC,MI,4.835848444080526e-08
sub-116056,ses-3mo,28,Left-VentralDC,NMI,2.103637044289037e-05
sub-116056,ses-3mo,15,4th-Ventricle,Dice,0.0
sub-116056,ses-3mo,15,4th-Ventricle,IoU,0.0
sub-116056,ses-3mo,15,4th-Ventricle,Hausdorff,34.45286635390443
sub-116056,ses-3mo,15,4th-Ventricle,HD95,27.49721126556396
sub-116056,ses-3mo,15,4th-Ventricle,MI,7.829713259417236e-09
sub-116056,ses-3mo,15,4th-Ventricle,NMI,8.552503581347079e-06
sub-116056,ses-3mo,2,Left-Cerebral-White-Matter,Dice,0.5665984658395028
sub-116056,ses-3mo,2,Left-Cerebral-White-Matter,IoU,0.3952824469183672
sub-116056,ses-3mo,2,Left-Cerebral-White-Matter,Hausdorff,65.6505902486794
sub-116056,ses-3mo,2,Left-Cerebral-White-Matter,HD95,9.486832618713379
sub-116056,ses-3mo,2,Left-Cerebral-White-Matter,MI,0.04805185131117905
sub-116056,ses-3mo,2,Left-Cerebral-White-Matter,NMI,0.3698166472481112
sub-116056,ses-3mo,41,Right-Cerebral-White-Matter,Dice,0.5704260557951344
sub-116056,ses-3mo,41,Right-Cerebral-White-Matter,IoU,0.3990182236515282
sub-116056,ses-3mo,41,Right-Cerebral-White-Matter,Hausdorff,32.03123475609393
sub-116056,ses-3mo,41,Right-Cerebral-White-Matter,HD95,9.433980941772461
sub-116056,ses-3mo,41,Right-Cerebral-White-Matter,MI,0.04978716421037782
sub-116056,ses-3mo,41,Right-Cerebral-White-Matter,NMI,0.37716512597020985
sub-116056,ses-3mo,14,3rd-Ventricle,Dice,0.012167300380228136
sub-116056,ses-3mo,14,3rd-Ventricle,IoU,0.00612088752869166
sub-116056,ses-3mo,14,3rd-Ventricle,Hausdorff,16.0
sub-116056,ses-3mo,14,3rd-Ventricle,HD95,12.041594505310059
sub-116056,ses-3mo,14,3rd-Ventricle,MI,4.495563370615797e-06
sub-116056,ses-3mo,14,3rd-Ventricle,NMI,0.004823389258608199
sub-116056,ses-3mo,63,Right-choroid-plexus,Dice,0.0
sub-116056,ses-3mo,63,Right-choroid-plexus,IoU,0.0
sub-116056,ses-3mo,63,Right-choroid-plexus,Hausdorff,76.76587783644501
sub-116056,ses-3mo,63,Right-choroid-plexus,HD95,52.80719757080078
sub-116056,ses-3mo,63,Right-choroid-plexus,MI,3.391089910341049e-09
sub-116056,ses-3mo,63,Right-choroid-plexus,NMI,3.637809196981946e-06
sub-116056,ses-3mo,26,Left-Accumbens-area,Dice,0.0
sub-116056,ses-3mo,26,Left-Accumbens-area,IoU,0.0
sub-116056,ses-3mo,26,Left-Accumbens-area,Hausdorff,18.05547008526779
sub-116056,ses-3mo,26,Left-Accumbens-area,HD95,16.5831241607666
sub-116056,ses-3mo,26,Left-Accumbens-area,MI,2.999976830606152e-09
sub-116056,ses-3mo,26,Left-Accumbens-area,NMI,4.998921568692769e-06
sub-116056,ses-3mo,46,Right-Cerebellum-White-Matter,Dice,0.0010009008107296567
sub-116056,ses-3mo,46,Right-Cerebellum-White-Matter,IoU,0.0005007009813739235
sub-116056,ses-3mo,46,Right-Cerebellum-White-Matter,Hausdorff,35.482389998420345
sub-116056,ses-3mo,46,Right-Cerebellum-White-Matter,HD95,28.318721771240217
sub-116056,ses-3mo,46,Right-Cerebellum-White-Matter,MI,4.886239888311723e-09
sub-116056,ses-3mo,46,Right-Cerebellum-White-Matter,NMI,4.7270500623766717e-07
sub-116056,ses-3mo,7,Left-Cerebellum-White-Matter,Dice,0.004558404558404558
sub-116056,ses-3mo,7,Left-Cerebellum-White-Matter,IoU,0.002284408909194746
sub-116056,ses-3mo,7,Left-Cerebellum-White-Matter,Hausdorff,36.41428291206625
sub-116056,ses-3mo,7,Left-Cerebellum-White-Matter,HD95,28.840941047668444
sub-116056,ses-3mo,7,Left-Cerebellum-White-Matter,MI,4.431344719110379e-06
sub-116056,ses-3mo,7,Left-Cerebellum-White-Matter,NMI,0.0004105923899765521
sub-309615,ses-3mo,51,Right-Putamen,Dice,0.09408926417370325
sub-309615,ses-3mo,51,Right-Putamen,IoU,0.049367088607594936
sub-309615,ses-3mo,51,Right-Putamen,Hausdorff,14.45683229480096
sub-309615,ses-3mo,51,Right-Putamen,HD95,11.7600860595703
sub-309615,ses-3mo,51,Right-Putamen,MI,0.0002322642405258393
sub-309615,ses-3mo,51,Right-Putamen,NMI,0.048061342219190464
sub-309615,ses-3mo,42,Right-Cerebral-Cortex,Dice,0.2539119705550281
sub-309615,ses-3mo,42,Right-Cerebral-Cortex,IoU,0.14541762286506196
sub-309615,ses-3mo,42,Right-Cerebral-Cortex,Hausdorff,50.92150822589606
sub-309615,ses-3mo,42,Right-Cerebral-Cortex,HD95,22.0
sub-309615,ses-3mo,42,Right-Cerebral-Cortex,MI,0.0102828183020678
sub-309615,ses-3mo,42,Right-Cerebral-Cortex,NMI,0.09374611368489887
sub-309615,ses-3mo,43,Right-Lateral-Ventricle,Dice,0.3741140215716487
sub-309615,ses-3mo,43,Right-Lateral-Ventricle,IoU,0.23009855951478392
sub-309615,ses-3mo,43,Right-Lateral-Ventricle,Hausdorff,43.88621651498338
sub-309615,ses-3mo,43,Right-Lateral-Ventricle,HD95,19.235383987426758
sub-309615,ses-3mo,43,Right-Lateral-Ventricle,MI,0.0019208334306593693
sub-309615,ses-3mo,43,Right-Lateral-Ventricle,NMI,0.2690281902824443
sub-309615,ses-3mo,5,Left-Inf-Lat-Vent,Dice,0.017879948914431672
sub-309615,ses-3mo,5,Left-Inf-Lat-Vent,IoU,0.00902061855670103
sub-309615,ses-3mo,5,Left-Inf-Lat-Vent,Hausdorff,39.93745109543172
sub-309615,ses-3mo,5,Left-Inf-Lat-Vent,HD95,34.49056854248046
sub-309615,ses-3mo,5,Left-Inf-Lat-Vent,MI,4.7768845839192176e-06
sub-309615,ses-3mo,5,Left-Inf-Lat-Vent,NMI,0.008180024723656865
sub-309615,ses-3mo,58,Right-Accumbens-area,Dice,0.0
sub-309615,ses-3mo,58,Right-Accumbens-area,IoU,0.0
sub-309615,ses-3mo,58,Right-Accumbens-area,Hausdorff,15.588457268119896
sub-309615,ses-3mo,58,Right-Accumbens-area,HD95,13.455479478836057
sub-309615,ses-3mo,58,Right-Accumbens-area,MI,2.0943264005901605e-09
sub-309615,ses-3mo,58,Right-Accumbens-area,NMI,4.117157699566774e-06
sub-309615,ses-3mo,17,Left-Hippocampus,Dice,0.10072575324389707
sub-309615,ses-3mo,17,Left-Hippocampus,IoU,0.05303381194997684
sub-309615,ses-3mo,17,Left-Hippocampus,Hausdorff,37.656340767525464
sub-309615,ses-3mo,17,Left-Hippocampus,HD95,32.39521503448486
sub-309615,ses-3mo,17,Left-Hippocampus,MI,0.0001575291876395751
sub-309615,ses-3mo,17,Left-Hippocampus,NMI,0.05545220070558467
sub-309615,ses-3mo,53,Right-Hippocampus,Dice,0.10577124868835257
sub-309615,ses-3mo,53,Right-Hippocampus,IoU,0.05583868823399069
sub-309615,ses-3mo,53,Right-Hippocampus,Hausdorff,32.41913015489465
sub-309615,ses-3mo,53,Right-Hippocampus,HD95,28.08558139801026
sub-309615,ses-3mo,53,Right-Hippocampus,MI,0.00017469001498797242
sub-309615,ses-3mo,53,Right-Hippocampus,NMI,0.05906890820406926
sub-309615,ses-3mo,10,Left-Thalamus,Dice,0.41815301976447905
sub-309615,ses-3mo,10,Left-Thalamus,IoU,0.26434479756203744
sub-309615,ses-3mo,10,Left-Thalamus,Hausdorff,16.73320053068151
sub-309615,ses-3mo,10,Left-Thalamus,HD95,11.575837135314941
sub-309615,ses-3mo,10,Left-Thalamus,MI,0.0023224641687887284
sub-309615,ses-3mo,10,Left-Thalamus,NMI,0.2923180767360027
sub-309615,ses-3mo,12,Left-Putamen,Dice,0.13568075117370892
sub-309615,ses-3mo,12,Left-Putamen,IoU,0.07277763787459078
sub-309615,ses-3mo,12,Left-Putamen,Hausdorff,17.832554500127006
sub-309615,ses-3mo,12,Left-Putamen,HD95,13.464758014678944
sub-309615,ses-3mo,12,Left-Putamen,MI,0.0003746197948478711
sub-309615,ses-3mo,12,Left-Putamen,NMI,0.07564433990992218
sub-309615,ses-3mo,52,Right-Pallidum,Dice,0.0
sub-309615,ses-3mo,52,Right-Pallidum,IoU,0.0
sub-309615,ses-3mo,52,Right-Pallidum,Hausdorff,16.278820596099706
sub-309615,ses-3mo,52,Right-Pallidum,HD95,13.627168464660642
sub-309615,ses-3mo,52,Right-Pallidum,MI,1.8631529606508244e-08
sub-309615,ses-3mo,52,Right-Pallidum,NMI,1.2944557847658578e-05
sub-309615,ses-3mo,8,Left-Cerebellum-Cortex,Dice,0.0
sub-309615,ses-3mo,8,Left-Cerebellum-Cortex,IoU,0.0
sub-309615,ses-3mo,8,Left-Cerebellum-Cortex,Hausdorff,57.043842787806646
sub-309615,ses-3mo,8,Left-Cerebellum-Cortex,HD95,49.67796192169191
sub-309615,ses-3mo,8,Left-Cerebellum-Cortex,MI,1.738809756347999e-05
sub-309615,ses-3mo,8,Left-Cerebellum-Cortex,NMI,0.0006053056010438063
sub-309615,ses-3mo,11,Left-Caudate,Dice,0.2577270565858298
sub-309615,ses-3mo,11,Left-Caudate,IoU,0.14792576419213974
sub-309615,ses-3mo,11,Left-Caudate,Hausdorff,13.0
sub-309615,ses-3mo,11,Left-Caudate,HD95,8.246211051940918
sub-309615,ses-3mo,11,Left-Caudate,MI,0.00045602043898563236
sub-309615,ses-3mo,11,Left-Caudate,NMI,0.17133555712869597
sub-309615,ses-3mo,3,Left-Cerebral-Cortex,Dice,0.25955852702798377
sub-309615,ses-3mo,3,Left-Cerebral-Cortex,IoU,0.14913372903298833
sub-309615,ses-3mo,3,Left-Cerebral-Cortex,Hausdorff,49.21381919745713
sub-309615,ses-3mo,3,Left-Cerebral-Cortex,HD95,21.610183715820312
sub-309615,ses-3mo,3,Left-Cerebral-Cortex,MI,0.010512224974386628
sub-309615,ses-3mo,3,Left-Cerebral-Cortex,NMI,0.09789567895707074
sub-309615,ses-3mo,4,Left-Lateral-Ventricle,Dice,0.36979263385948624
sub-309615,ses-3mo,4,Left-Lateral-Ventricle,IoU,0.2268377885783718
sub-309615,ses-3mo,4,Left-Lateral-Ventricle,Hausdorff,43.32435804486894
sub-309615,ses-3mo,4,Left-Lateral-Ventricle,HD95,23.769700527191162
sub-309615,ses-3mo,4,Left-Lateral-Ventricle,MI,0.0022508844037196244
sub-309615,ses-3mo,4,Left-Lateral-Ventricle,NMI,0.2601893478421547
sub-309615,ses-3mo,18,Left-Amygdala,Dice,0.0
sub-309615,ses-3mo,18,Left-Amygdala,IoU,0.0
sub-309615,ses-3mo,18,Left-Amygdala,Hausdorff,37.16180835212409
sub-309615,ses-3mo,18,Left-Amygdala,HD95,34.190643310546875
sub-309615,ses-3mo,18,Left-Amygdala,MI,1.058527566747086e-08
sub-309615,ses-3mo,18,Left-Amygdala,NMI,9.890357007183907e-06
sub-309615,ses-3mo,44,Right-Inf-Lat-Vent,Dice,0.004830917874396135
sub-309615,ses-3mo,44,Right-Inf-Lat-Vent,IoU,0.002421307506053269
sub-309615,ses-3mo,44,Right-Inf-Lat-Vent,Hausdorff,34.713109915419565
sub-309615,ses-3mo,44,Right-Inf-Lat-Vent,HD95,30.828554916381833
sub-309615,ses-3mo,44,Right-Inf-Lat-Vent,MI,9.556995499546434e-07
sub-309615,ses-3mo,44,Right-Inf-Lat-Vent,NMI,0.0015482540833819305
sub-309615,ses-3mo,47,Right-Cerebellum-Cortex,Dice,0.0
sub-309615,ses-3mo,47,Right-Cerebellum-Cortex,IoU,0.0
sub-309615,ses-3mo,47,Right-Cerebellum-Cortex,Hausdorff,55.14526271584895
sub-309615,ses-3mo,47,Right-Cerebellum-Cortex,HD95,48.1871337890625
sub-309615,ses-3mo,47,Right-Cerebellum-Cortex,MI,1.6297104349697472e-05
sub-309615,ses-3mo,47,Right-Cerebellum-Cortex,NMI,0.0005804912652911582
sub-309615,ses-3mo,13,Left-Pallidum,Dice,0.0
sub-309615,ses-3mo,13,Left-Pallidum,IoU,0.0
sub-309615,ses-3mo,13,Left-Pallidum,Hausdorff,19.621416870348583
sub-309615,ses-3mo,13,Left-Pallidum,HD95,14.696938514709473
sub-309615,ses-3mo,13,Left-Pallidum,MI,1.4976847674476497e-08
sub-309615,ses-3mo,13,Left-Pallidum,NMI,1.1228122019194412e-05
sub-309615,ses-3mo,60,Right-VentralDC,Dice,0.004286827747466875
sub-309615,ses-3mo,60,Right-VentralDC,IoU,0.002148017965241164
sub-309615,ses-3mo,60,Right-VentralDC,Hausdorff,29.444863728670914
sub-309615,ses-3mo,60,Right-VentralDC,HD95,24.351591110229492
sub-309615,ses-3mo,60,Right-VentralDC,MI,3.2066207532190293e-06
sub-309615,ses-3mo,60,Right-VentralDC,NMI,0.0010361781269413962
sub-309615,ses-3mo,49,Right-Thalamus,Dice,0.4529572721532309
sub-309615,ses-3mo,49,Right-Thalamus,IoU,0.2927891156462585
sub-309615,ses-3mo,49,Right-Thalamus,Hausdorff,19.1049731745428
sub-309615,ses-3mo,49,Right-Thalamus,HD95,12.041594505310059
sub-309615,ses-3mo,49,Right-Thalamus,MI,0.0025414955204106065
sub-309615,ses-3mo,49,Right-Thalamus,NMI,0.32527964443925456
sub-309615,ses-3mo,54,Right-Amygdala,Dice,0.0
sub-309615,ses-3mo,54,Right-Amygdala,IoU,0.0
sub-309615,ses-3mo,54,Right-Amygdala,Hausdorff,33.24154027718932
sub-309615,ses-3mo,54,Right-Amygdala,HD95,30.805843353271484
sub-309615,ses-3mo,54,Right-Amygdala,MI,1.2659395143440038e-08
sub-309615,ses-3mo,54,Right-Amygdala,NMI,1.0869583294303297e-05
sub-309615,ses-3mo,16,Brain-Stem,Dice,0.0
sub-309615,ses-3mo,16,Brain-Stem,IoU,0.0
sub-309615,ses-3mo,16,Brain-Stem,Hausdorff,47.77028364998475
sub-309615,ses-3mo,16,Brain-Stem,HD95,40.154698562622066
sub-309615,ses-3mo,16,Brain-Stem,MI,1.8357953214917684e-06
sub-309615,ses-3mo,16,Brain-Stem,NMI,0.00017798661730366683
sub-309615,ses-3mo,50,Right-Caudate,Dice,0.32410349523377213
sub-309615,ses-3mo,50,Right-Caudate,IoU,0.19339111592632718
sub-309615,ses-3mo,50,Right-Caudate,Hausdorff,15.297058540778355
sub-309615,ses-3mo,50,Right-Caudate,HD95,7.252506923675531
sub-309615,ses-3mo,50,Right-Caudate,MI,0.0006266184318262627
sub-309615,ses-3mo,50,Right-Caudate,NMI,0.22585805736228406
sub-309615,ses-3mo,31,Left-choroid-plexus,Dice,0.0
sub-309615,ses-3mo,31,Left-choroid-plexus,IoU,0.0
sub-309615,ses-3mo,31,Left-choroid-plexus,Hausdorff,46.57252408878007
sub-309615,ses-3mo,31,Left-choroid-plexus,HD95,43.10155963897705
sub-309615,ses-3mo,31,Left-choroid-plexus,MI,3.912374581206343e-10
sub-309615,ses-3mo,31,Left-choroid-plexus,NMI,1.5961578369440578e-06
sub-309615,ses-3mo,28,Left-VentralDC,Dice,0.0019704433497536944
sub-309615,ses-3mo,28,Left-VentralDC,IoU,0.0009861932938856016
sub-309615,ses-3mo,28,Left-VentralDC,Hausdorff,29.34280150224242
sub-309615,ses-3mo,28,Left-VentralDC,HD95,24.618065929412836
sub-309615,ses-3mo,28,Left-VentralDC,MI,9.67213131836889e-07
sub-309615,ses-3mo,28,Left-VentralDC,NMI,0.00031575092298398536
sub-309615,ses-3mo,15,4th-Ventricle,Dice,0.0
sub-309615,ses-3mo,15,4th-Ventricle,IoU,0.0
sub-309615,ses-3mo,15,4th-Ventricle,Hausdorff,57.38466694161429
sub-309615,ses-3mo,15,4th-Ventricle,HD95,45.48020095825195
sub-309615,ses-3mo,15,4th-Ventricle,MI,1.803921430705265e-08
sub-309615,ses-3mo,15,4th-Ventricle,NMI,1.1913556272267413e-05
sub-309615,ses-3mo,2,Left-Cerebral-White-Matter,Dice,0.49430558508215144
sub-309615,ses-3mo,2,Left-Cerebral-White-Matter,IoU,0.32829077413368835
sub-309615,ses-3mo,2,Left-Cerebral-White-Matter,Hausdorff,50.93132631298737
sub-309615,ses-3mo,2,Left-Cerebral-White-Matter,HD95,20.856653213500977
sub-309615,ses-3mo,2,Left-Cerebral-White-Matter,MI,0.03280784263724224
sub-309615,ses-3mo,2,Left-Cerebral-White-Matter,NMI,0.3050642328564735
sub-309615,ses-3mo,41,Right-Cerebral-White-Matter,Dice,0.49188015735943197
sub-309615,ses-3mo,41,Right-Cerebral-White-Matter,IoU,0.3261545557932576
sub-309615,ses-3mo,41,Right-Cerebral-White-Matter,Hausdorff,51.66236541235796
sub-309615,ses-3mo,41,Right-Cerebral-White-Matter,HD95,19.339078903198242
sub-309615,ses-3mo,41,Right-Cerebral-White-Matter,MI,0.032780381672990494
sub-309615,ses-3mo,41,Right-Cerebral-White-Matter,NMI,0.3017314747587856
sub-309615,ses-3mo,14,3rd-Ventricle,Dice,0.2825330549756437
sub-309615,ses-3mo,14,3rd-Ventricle,IoU,0.16450567260940033
sub-309615,ses-3mo,14,3rd-Ventricle,Hausdorff,28.0178514522438
sub-309615,ses-3mo,14,3rd-Ventricle,HD95,21.095022201538086
sub-309615,ses-3mo,14,3rd-Ventricle,MI,0.00021184998286541117
sub-309615,ses-3mo,14,3rd-Ventricle,NMI,0.21021844336101533
sub-309615,ses-3mo,63,Right-choroid-plexus,Dice,0.0
sub-309615,ses-3mo,63,Right-choroid-plexus,IoU,0.0
sub-309615,ses-3mo,63,Right-choroid-plexus,Hausdorff,61.39218191268331
sub-309615,ses-3mo,63,Right-choroid-plexus,HD95,48.4298433303833
sub-309615,ses-3mo,63,Right-choroid-plexus,MI,3.121083555989411e-10
sub-309615,ses-3mo,63,Right-choroid-plexus,NMI,1.348282973195604e-06
sub-309615,ses-3mo,26,Left-Accumbens-area,Dice,0.0
sub-309615,ses-3mo,26,Left-Accumbens-area,IoU,0.0
sub-309615,ses-3mo,26,Left-Accumbens-area,Hausdorff,17.72004514666935
sub-309615,ses-3mo,26,Left-Accumbens-area,HD95,16.792856216430664
sub-309615,ses-3mo,26,Left-Accumbens-area,MI,2.543740064181628e-09
sub-309615,ses-3mo,26,Left-Accumbens-area,NMI,4.505231474399822e-06
sub-309615,ses-3mo,46,Right-Cerebellum-White-Matter,Dice,0.0
sub-309615,ses-3mo,46,Right-Cerebellum-White-Matter,IoU,0.0
sub-309615,ses-3mo,46,Right-Cerebellum-White-Matter,Hausdorff,46.195237849804386
sub-309615,ses-3mo,46,Right-Cerebellum-White-Matter,HD95,42.731719970703125
sub-309615,ses-3mo,46,Right-Cerebellum-White-Matter,MI,7.233471182419189e-07
sub-309615,ses-3mo,46,Right-Cerebellum-White-Matter,NMI,9.832103329608052e-05
sub-309615,ses-3mo,7,Left-Cerebellum-White-Matter,Dice,0.0
sub-309615,ses-3mo,7,Left-Cerebellum-White-Matter,IoU,0.0
sub-309615,ses-3mo,7,Left-Cerebellum-White-Matter,Hausdorff,48.47679857416329
sub-309615,ses-3mo,7,Left-Cerebellum-White-Matter,HD95,43.85202407836914
sub-309615,ses-3mo,7,Left-Cerebellum-White-Matter,MI,5.703945969949206e-07
sub-309615,ses-3mo,7,Left-Cerebellum-White-Matter,NMI,8.407499210735918e-05
sub-381606,ses-8mo,51,Right-Putamen,Dice,0.7578264056119778
sub-381606,ses-8mo,51,Right-Putamen,IoU,0.6100809170600134
sub-381606,ses-8mo,51,Right-Putamen,Hausdorff,6.4031242374328485
sub-381606,ses-8mo,51,Right-Putamen,HD95,3.316624879837036
sub-381606,ses-8mo,51,Right-Putamen,MI,0.003599934861152793
sub-381606,ses-8mo,51,Right-Putamen,NMI,0.6546071082228493
sub-381606,ses-8mo,42,Right-Cerebral-Cortex,Dice,0.5709283875282485
sub-381606,ses-8mo,42,Right-Cerebral-Cortex,IoU,0.39950999134379217
sub-381606,ses-8mo,42,Right-Cerebral-Cortex,Hausdorff,17.69180601295413
sub-381606,ses-8mo,42,Right-Cerebral-Cortex,HD95,4.690415859222412
sub-381606,ses-8mo,42,Right-Cerebral-Cortex,MI,0.04744525991508372
sub-381606,ses-8mo,42,Right-Cerebral-Cortex,NMI,0.3376259127272794
sub-381606,ses-8mo,43,Right-Lateral-Ventricle,Dice,0.8079391891891892
sub-381606,ses-8mo,43,Right-Lateral-Ventricle,IoU,0.6777667564120731
sub-381606,ses-8mo,43,Right-Lateral-Ventricle,Hausdorff,16.278820596099706
sub-381606,ses-8mo,43,Right-Lateral-Ventricle,HD95,2.8284270763397217
sub-381606,ses-8mo,43,Right-Lateral-Ventricle,MI,0.0048730493804089664
sub-381606,ses-8mo,43,Right-Lateral-Ventricle,NMI,0.7348638390432739
sub-381606,ses-8mo,85,Optic-Chiasm,Dice,0.35333333333333333
sub-381606,ses-8mo,85,Optic-Chiasm,IoU,0.2145748987854251
sub-381606,ses-8mo,85,Optic-Chiasm,Hausdorff,10.63014581273465
sub-381606,ses-8mo,85,Optic-Chiasm,HD95,7.071067810058594
sub-381606,ses-8mo,85,Optic-Chiasm,MI,6.725827978924619e-05
sub-381606,ses-8mo,85,Optic-Chiasm,NMI,0.2749476176270028
sub-381606,ses-8mo,5,Left-Inf-Lat-Vent,Dice,0.5718085106382979
sub-381606,ses-8mo,5,Left-Inf-Lat-Vent,IoU,0.40037243947858475
sub-381606,ses-8mo,5,Left-Inf-Lat-Vent,Hausdorff,14.696938456699069
sub-381606,ses-8mo,5,Left-Inf-Lat-Vent,HD95,4.254266357421877
sub-381606,ses-8mo,5,Left-Inf-Lat-Vent,MI,0.00027502470774294716
sub-381606,ses-8mo,5,Left-Inf-Lat-Vent,NMI,0.48796640438429667
sub-381606,ses-8mo,58,Right-Accumbens-area,Dice,0.3046237533998187
sub-381606,ses-8mo,58,Right-Accumbens-area,IoU,0.17967914438502675
sub-381606,ses-8mo,58,Right-Accumbens-area,Hausdorff,6.4031242374328485
sub-381606,ses-8mo,58,Right-Accumbens-area,HD95,4.242640495300293
sub-381606,ses-8mo,58,Right-Accumbens-area,MI,0.00017831925818929652
sub-381606,ses-8mo,58,Right-Accumbens-area,NMI,0.223024343449369
sub-381606,ses-8mo,17,Left-Hippocampus,Dice,0.6265264586160109
sub-381606,ses-8mo,17,Left-Hippocampus,IoU,0.45616201531242284
sub-381606,ses-8mo,17,Left-Hippocampus,Hausdorff,9.433981132056603
sub-381606,ses-8mo,17,Left-Hippocampus,HD95,5.0
sub-381606,ses-8mo,17,Left-Hippocampus,MI,0.0019036840915379583
sub-381606,ses-8mo,17,Left-Hippocampus,NMI,0.5323246715277448
sub-381606,ses-8mo,53,Right-Hippocampus,Dice,0.6678433889602053
sub-381606,ses-8mo,53,Right-Hippocampus,IoU,0.5013249819320645
sub-381606,ses-8mo,53,Right-Hippocampus,Hausdorff,10.770329614269007
sub-381606,ses-8mo,53,Right-Hippocampus,HD95,6.082762718200684
sub-381606,ses-8mo,53,Right-Hippocampus,MI,0.0021455324705088635
sub-381606,ses-8mo,53,Right-Hippocampus,NMI,0.5702234916081441
sub-381606,ses-8mo,10,Left-Thalamus,Dice,0.833626338500879
sub-381606,ses-8mo,10,Left-Thalamus,IoU,0.7147163606467525
sub-381606,ses-8mo,10,Left-Thalamus,Hausdorff,4.358898943540674
sub-381606,ses-8mo,10,Left-Thalamus,HD95,2.4494898319244385
sub-381606,ses-8mo,10,Left-Thalamus,MI,0.005299500389981562
sub-381606,ses-8mo,10,Left-Thalamus,NMI,0.7608165058192791
sub-381606,ses-8mo,12,Left-Putamen,Dice,0.7596089757831593
sub-381606,ses-8mo,12,Left-Putamen,IoU,0.6123947698370052
sub-381606,ses-8mo,12,Left-Putamen,Hausdorff,7.280109889280518
sub-381606,ses-8mo,12,Left-Putamen,HD95,4.024621105194069
sub-381606,ses-8mo,12,Left-Putamen,MI,0.0034531171436402767
sub-381606,ses-8mo,12,Left-Putamen,NMI,0.6618632931820988
sub-381606,ses-8mo,52,Right-Pallidum,Dice,0.8102157639806252
sub-381606,ses-8mo,52,Right-Pallidum,IoU,0.6809770540340488
sub-381606,ses-8mo,52,Right-Pallidum,Hausdorff,5.830951894845301
sub-381606,ses-8mo,52,Right-Pallidum,HD95,2.0
sub-381606,ses-8mo,52,Right-Pallidum,MI,0.0011175109033994609
sub-381606,ses-8mo,52,Right-Pallidum,NMI,0.7283364601572241
sub-381606,ses-8mo,8,Left-Cerebellum-Cortex,Dice,0.5308244502337858
sub-381606,ses-8mo,8,Left-Cerebellum-Cortex,IoU,0.36130770779452076
sub-381606,ses-8mo,8,Left-Cerebellum-Cortex,Hausdorff,21.908902300206645
sub-381606,ses-8mo,8,Left-Cerebellum-Cortex,HD95,15.55634880065918
sub-381606,ses-8mo,8,Left-Cerebellum-Cortex,MI,0.013570869458015137
sub-381606,ses-8mo,8,Left-Cerebellum-Cortex,NMI,0.3665507171294779
sub-381606,ses-8mo,11,Left-Caudate,Dice,0.8292379471228616
sub-381606,ses-8mo,11,Left-Caudate,IoU,0.7082890541976621
sub-381606,ses-8mo,11,Left-Caudate,Hausdorff,4.47213595499958
sub-381606,ses-8mo,11,Left-Caudate,HD95,1.4142135381698608
sub-381606,ses-8mo,11,Left-Caudate,MI,0.0028926625809265745
sub-381606,ses-8mo,11,Left-Caudate,NMI,0.7455907993788935
sub-381606,ses-8mo,3,Left-Cerebral-Cortex,Dice,0.5989561582074083
sub-381606,ses-8mo,3,Left-Cerebral-Cortex,IoU,0.4275070774666571
sub-381606,ses-8mo,3,Left-Cerebral-Cortex,Hausdorff,18.894443627691185
sub-381606,ses-8mo,3,Left-Cerebral-Cortex,HD95,4.4721360206604
sub-381606,ses-8mo,3,Left-Cerebral-Cortex,MI,0.05158057556170328
sub-381606,ses-8mo,3,Left-Cerebral-Cortex,NMI,0.3672072765587484
sub-381606,ses-8mo,4,Left-Lateral-Ventricle,Dice,0.852815395580898
sub-381606,ses-8mo,4,Left-Lateral-Ventricle,IoU,0.7433985709847779
sub-381606,ses-8mo,4,Left-Lateral-Ventricle,Hausdorff,11.090536506409418
sub-381606,ses-8mo,4,Left-Lateral-Ventricle,HD95,2.2360680103302
sub-381606,ses-8mo,4,Left-Lateral-Ventricle,MI,0.007050182626743029
sub-381606,ses-8mo,4,Left-Lateral-Ventricle,NMI,0.7808879327589398
sub-381606,ses-8mo,18,Left-Amygdala,Dice,0.5337781484570475
sub-381606,ses-8mo,18,Left-Amygdala,IoU,0.3640500568828214
sub-381606,ses-8mo,18,Left-Amygdala,Hausdorff,10.816653826391969
sub-381606,ses-8mo,18,Left-Amygdala,HD95,8.124038696289062
sub-381606,ses-8mo,18,Left-Amygdala,MI,0.0006933034260405277
sub-381606,ses-8mo,18,Left-Amygdala,NMI,0.4311118736561925
sub-381606,ses-8mo,44,Right-Inf-Lat-Vent,Dice,0.7241379310344828
sub-381606,ses-8mo,44,Right-Inf-Lat-Vent,IoU,0.5675675675675675
sub-381606,ses-8mo,44,Right-Inf-Lat-Vent,Hausdorff,8.602325267042627
sub-381606,ses-8mo,44,Right-Inf-Lat-Vent,HD95,2.8284270763397217
sub-381606,ses-8mo,44,Right-Inf-Lat-Vent,MI,0.00046150666137903377
sub-381606,ses-8mo,44,Right-Inf-Lat-Vent,NMI,0.6385715487769404
sub-381606,ses-8mo,47,Right-Cerebellum-Cortex,Dice,0.5774548596898167
sub-381606,ses-8mo,47,Right-Cerebellum-Cortex,IoU,0.4059307809127967
sub-381606,ses-8mo,47,Right-Cerebellum-Cortex,Hausdorff,21.095023109728988
sub-381606,ses-8mo,47,Right-Cerebellum-Cortex,HD95,13.892443656921387
sub-381606,ses-8mo,47,Right-Cerebellum-Cortex,MI,0.015354902261286213
sub-381606,ses-8mo,47,Right-Cerebellum-Cortex,NMI,0.414524461436614
sub-381606,ses-8mo,13,Left-Pallidum,Dice,0.8073601201652272
sub-381606,ses-8mo,13,Left-Pallidum,IoU,0.6769521410579346
sub-381606,ses-8mo,13,Left-Pallidum,Hausdorff,3.605551275463989
sub-381606,ses-8mo,13,Left-Pallidum,HD95,1.8124355435371278
sub-381606,ses-8mo,13,Left-Pallidum,MI,0.0012912191228694955
sub-381606,ses-8mo,13,Left-Pallidum,NMI,0.7300670504623186
sub-381606,ses-8mo,60,Right-VentralDC,Dice,0.8090859924283397
sub-381606,ses-8mo,60,Right-VentralDC,IoU,0.6793823796548593
sub-381606,ses-8mo,60,Right-VentralDC,Hausdorff,5.196152422706632
sub-381606,ses-8mo,60,Right-VentralDC,HD95,2.0
sub-381606,ses-8mo,60,Right-VentralDC,MI,0.0024472501067953124
sub-381606,ses-8mo,60,Right-VentralDC,NMI,0.7188127512187509
sub-381606,ses-8mo,49,Right-Thalamus,Dice,0.8570479827328574
sub-381606,ses-8mo,49,Right-Thalamus,IoU,0.7498547356188263
sub-381606,ses-8mo,49,Right-Thalamus,Hausdorff,3.3166247903554
sub-381606,ses-8mo,49,Right-Thalamus,HD95,2.0
sub-381606,ses-8mo,49,Right-Thalamus,MI,0.005332579745222875
sub-381606,ses-8mo,49,Right-Thalamus,NMI,0.7913085301088967
sub-381606,ses-8mo,54,Right-Amygdala,Dice,0.5469356089992242
sub-381606,ses-8mo,54,Right-Amygdala,IoU,0.37640149492792313
sub-381606,ses-8mo,54,Right-Amygdala,Hausdorff,10.677078252031311
sub-381606,ses-8mo,54,Right-Amygdala,HD95,7.8102498054504395
sub-381606,ses-8mo,54,Right-Amygdala,MI,0.0007688834646971919
sub-381606,ses-8mo,54,Right-Amygdala,NMI,0.44878863965290305
sub-381606,ses-8mo,24,CSF,Dice,0.002465505139800805
sub-381606,ses-8mo,24,CSF,IoU,0.0012342741244993406
sub-381606,ses-8mo,24,CSF,Hausdorff,81.69455306200041
sub-381606,ses-8mo,24,CSF,HD95,69.63475799560547
sub-381606,ses-8mo,24,CSF,MI,0.00012735017829642063
sub-381606,ses-8mo,24,CSF,NMI,0.0010869255821596233
sub-381606,ses-8mo,16,Brain-Stem,Dice,0.8405512616038932
sub-381606,ses-8mo,16,Brain-Stem,IoU,0.7249576749435666
sub-381606,ses-8mo,16,Brain-Stem,Hausdorff,14.730919862656235
sub-381606,ses-8mo,16,Brain-Stem,HD95,8.5440034866333
sub-381606,ses-8mo,16,Brain-Stem,MI,0.009403878518788546
sub-381606,ses-8mo,16,Brain-Stem,NMI,0.7532392654487625
sub-381606,ses-8mo,50,Right-Caudate,Dice,0.8555539294599737
sub-381606,ses-8mo,50,Right-Caudate,IoU,0.7475703324808184
sub-381606,ses-8mo,50,Right-Caudate,Hausdorff,4.58257569495584
sub-381606,ses-8mo,50,Right-Caudate,HD95,1.4142135381698608
sub-381606,ses-8mo,50,Right-Caudate,MI,0.003191601325201663
sub-381606,ses-8mo,50,Right-Caudate,NMI,0.7795519115325006
sub-381606,ses-8mo,31,Left-choroid-plexus,Dice,0.2484186313973548
sub-381606,ses-8mo,31,Left-choroid-plexus,IoU,0.14182534471437952
sub-381606,ses-8mo,31,Left-choroid-plexus,Hausdorff,38.54867053479276
sub-381606,ses-8mo,31,Left-choroid-plexus,HD95,14.338731575012204
sub-381606,ses-8mo,31,Left-choroid-plexus,MI,0.00020930431600923912
sub-381606,ses-8mo,31,Left-choroid-plexus,NMI,0.17398308660233713
sub-381606,ses-8mo,28,Left-VentralDC,Dice,0.7788755164361415
sub-381606,ses-8mo,28,Left-VentralDC,IoU,0.637834657252133
sub-381606,ses-8mo,28,Left-VentralDC,Hausdorff,4.58257569495584
sub-381606,ses-8mo,28,Left-VentralDC,HD95,2.2360680103302
sub-381606,ses-8mo,28,Left-VentralDC,MI,0.0023288937025049256
sub-381606,ses-8mo,28,Left-VentralDC,NMI,0.6818629805283533
sub-381606,ses-8mo,15,4th-Ventricle,Dice,0.5756457564575646
sub-381606,ses-8mo,15,4th-Ventricle,IoU,0.40414507772020725
sub-381606,ses-8mo,15,4th-Ventricle,Hausdorff,21.6794833886788
sub-381606,ses-8mo,15,4th-Ventricle,HD95,17.72004508972168
sub-381606,ses-8mo,15,4th-Ventricle,MI,0.0008062263726522467
sub-381606,ses-8mo,15,4th-Ventricle,NMI,0.4964212107681519
sub-381606,ses-8mo,2,Left-Cerebral-White-Matter,Dice,0.6437976928896685
sub-381606,ses-8mo,2,Left-Cerebral-White-Matter,IoU,0.47470623631470743
sub-381606,ses-8mo,2,Left-Cerebral-White-Matter,Hausdorff,13.74772708486752
sub-381606,ses-8mo,2,Left-Cerebral-White-Matter,HD95,3.1622776985168457
sub-381606,ses-8mo,2,Left-Cerebral-White-Matter,MI,0.05108166378646728
sub-381606,ses-8mo,2,Left-Cerebral-White-Matter,NMI,0.4467900903866331
sub-381606,ses-8mo,41,Right-Cerebral-White-Matter,Dice,0.6482468109367778
sub-381606,ses-8mo,41,Right-Cerebral-White-Matter,IoU,0.4795600381649693
sub-381606,ses-8mo,41,Right-Cerebral-White-Matter,Hausdorff,83.40263784797217
sub-381606,ses-8mo,41,Right-Cerebral-White-Matter,HD95,3.1622776985168457
sub-381606,ses-8mo,41,Right-Cerebral-White-Matter,MI,0.05273008077173919
sub-381606,ses-8mo,41,Right-Cerebral-White-Matter,NMI,0.45295349960995684
sub-381606,ses-8mo,14,3rd-Ventricle,Dice,0.7840095465393795
sub-381606,ses-8mo,14,3rd-Ventricle,IoU,0.6447497546614328
sub-381606,ses-8mo,14,3rd-Ventricle,Hausdorff,5.0990195135927845
sub-381606,ses-8mo,14,3rd-Ventricle,HD95,2.4494898319244385
sub-381606,ses-8mo,14,3rd-Ventricle,MI,0.0008317452315944747
sub-381606,ses-8mo,14,3rd-Ventricle,NMI,0.7134192092357303
sub-381606,ses-8mo,63,Right-choroid-plexus,Dice,0.3588957055214724
sub-381606,ses-8mo,63,Right-choroid-plexus,IoU,0.21869158878504674
sub-381606,ses-8mo,63,Right-choroid-plexus,Hausdorff,50.78385570237849
sub-381606,ses-8mo,63,Right-choroid-plexus,HD95,10.382299995422327
sub-381606,ses-8mo,63,Right-choroid-plexus,MI,0.00036034906885267946
sub-381606,ses-8mo,63,Right-choroid-plexus,NMI,0.2695505594456967
sub-381606,ses-8mo,26,Left-Accumbens-area,Dice,0.34507042253521125
sub-381606,ses-8mo,26,Left-Accumbens-area,IoU,0.20851063829787234
sub-381606,ses-8mo,26,Left-Accumbens-area,Hausdorff,6.4031242374328485
sub-381606,ses-8mo,26,Left-Accumbens-area,HD95,5.0
sub-381606,ses-8mo,26,Left-Accumbens-area,MI,0.0002131912345688049
sub-381606,ses-8mo,26,Left-Accumbens-area,NMI,0.25993986519743
sub-381606,ses-8mo,46,Right-Cerebellum-White-Matter,Dice,0.552391456933721
sub-381606,ses-8mo,46,Right-Cerebellum-White-Matter,IoU,0.381588972778278
sub-381606,ses-8mo,46,Right-Cerebellum-White-Matter,Hausdorff,9.848857801796104
sub-381606,ses-8mo,46,Right-Cerebellum-White-Matter,HD95,5.0
sub-381606,ses-8mo,46,Right-Cerebellum-White-Matter,MI,0.004418007344212957
sub-381606,ses-8mo,46,Right-Cerebellum-White-Matter,NMI,0.42299454615322774
sub-381606,ses-8mo,7,Left-Cerebellum-White-Matter,Dice,0.5201560468140443
sub-381606,ses-8mo,7,Left-Cerebellum-White-Matter,IoU,0.351493848857645
sub-381606,ses-8mo,7,Left-Cerebellum-White-Matter,Hausdorff,12.0
sub-381606,ses-8mo,7,Left-Cerebellum-White-Matter,HD95,5.74456262588501
sub-381606,ses-8mo,7,Left-Cerebellum-White-Matter,MI,0.004150630140617165
sub-381606,ses-8mo,7,Left-Cerebellum-White-Matter,NMI,0.3975966429025916
sub-387247,ses-8mo,51,Right-Putamen,Dice,0.714071407140714
sub-387247,ses-8mo,51,Right-Putamen,IoU,0.5552963135790947
sub-387247,ses-8mo,51,Right-Putamen,Hausdorff,8.774964387392123
sub-387247,ses-8mo,51,Right-Putamen,HD95,5.0
sub-387247,ses-8mo,51,Right-Putamen,MI,0.00348321382725438
sub-387247,ses-8mo,51,Right-Putamen,NMI,0.6090294771065348
sub-387247,ses-8mo,42,Right-Cerebral-Cortex,Dice,0.5020037067452892
sub-387247,ses-8mo,42,Right-Cerebral-Cortex,IoU,0.3351167883430345
sub-387247,ses-8mo,42,Right-Cerebral-Cortex,Hausdorff,22.38302928559939
sub-387247,ses-8mo,42,Right-Cerebral-Cortex,HD95,5.099019527435303
sub-387247,ses-8mo,42,Right-Cerebral-Cortex,MI,0.03761450562935949
sub-387247,ses-8mo,42,Right-Cerebral-Cortex,NMI,0.27335701828411096
sub-387247,ses-8mo,43,Right-Lateral-Ventricle,Dice,0.8113884679799027
sub-387247,ses-8mo,43,Right-Lateral-Ventricle,IoU,0.6826355340848095
sub-387247,ses-8mo,43,Right-Lateral-Ventricle,Hausdorff,9.219544457292887
sub-387247,ses-8mo,43,Right-Lateral-Ventricle,HD95,2.2360680103302
sub-387247,ses-8mo,43,Right-Lateral-Ventricle,MI,0.005088947762491677
sub-387247,ses-8mo,43,Right-Lateral-Ventricle,NMI,0.7293691808289401
sub-387247,ses-8mo,85,Optic-Chiasm,Dice,0.36101083032490977
sub-387247,ses-8mo,85,Optic-Chiasm,IoU,0.22026431718061673
sub-387247,ses-8mo,85,Optic-Chiasm,Hausdorff,9.433981132056603
sub-387247,ses-8mo,85,Optic-Chiasm,HD95,4.260079288482664
sub-387247,ses-8mo,85,Optic-Chiasm,MI,6.468630218812676e-05
sub-387247,ses-8mo,85,Optic-Chiasm,NMI,0.2849534179592884
sub-387247,ses-8mo,5,Left-Inf-Lat-Vent,Dice,0.7114503816793893
sub-387247,ses-8mo,5,Left-Inf-Lat-Vent,IoU,0.5521327014218009
sub-387247,ses-8mo,5,Left-Inf-Lat-Vent,Hausdorff,13.601470508735444
sub-387247,ses-8mo,5,Left-Inf-Lat-Vent,HD95,3.4272323846817017
sub-387247,ses-8mo,5,Left-Inf-Lat-Vent,MI,0.0003124459570913766
sub-387247,ses-8mo,5,Left-Inf-Lat-Vent,NMI,0.6264728997731983
sub-387247,ses-8mo,58,Right-Accumbens-area,Dice,0.12169919632606199
sub-387247,ses-8mo,58,Right-Accumbens-area,IoU,0.0647921760391198
sub-387247,ses-8mo,58,Right-Accumbens-area,Hausdorff,9.0
sub-387247,ses-8mo,58,Right-Accumbens-area,HD95,5.843720936775205
sub-387247,ses-8mo,58,Right-Accumbens-area,MI,4.964587725453219e-05
sub-387247,ses-8mo,58,Right-Accumbens-area,NMI,0.0769018683749046
sub-387247,ses-8mo,17,Left-Hippocampus,Dice,0.689950785839022
sub-387247,ses-8mo,17,Left-Hippocampus,IoU,0.5266602035870092
sub-387247,ses-8mo,17,Left-Hippocampus,Hausdorff,8.602325267042627
sub-387247,ses-8mo,17,Left-Hippocampus,HD95,5.196152210235596
sub-387247,ses-8mo,17,Left-Hippocampus,MI,0.002240966386619973
sub-387247,ses-8mo,17,Left-Hippocampus,NMI,0.5893157874284126
sub-387247,ses-8mo,53,Right-Hippocampus,Dice,0.7117482081645372
sub-387247,ses-8mo,53,Right-Hippocampus,IoU,0.5524915336236091
sub-387247,ses-8mo,53,Right-Hippocampus,Hausdorff,38.0
sub-387247,ses-8mo,53,Right-Hippocampus,HD95,5.4772257804870605
sub-387247,ses-8mo,53,Right-Hippocampus,MI,0.0023778322612742387
sub-387247,ses-8mo,53,Right-Hippocampus,NMI,0.6150430225519351
sub-387247,ses-8mo,10,Left-Thalamus,Dice,0.8320064987814785
sub-387247,ses-8mo,10,Left-Thalamus,IoU,0.7123382946167757
sub-387247,ses-8mo,10,Left-Thalamus,Hausdorff,4.242640687119285
sub-387247,ses-8mo,10,Left-Thalamus,HD95,2.4494898319244385
sub-387247,ses-8mo,10,Left-Thalamus,MI,0.00519390972844739
sub-387247,ses-8mo,10,Left-Thalamus,NMI,0.7563782970587296
sub-387247,ses-8mo,12,Left-Putamen,Dice,0.692734052201955
sub-387247,ses-8mo,12,Left-Putamen,IoU,0.5299105766265804
sub-387247,ses-8mo,12,Left-Putamen,Hausdorff,9.899494936611665
sub-387247,ses-8mo,12,Left-Putamen,HD95,5.385164737701416
sub-387247,ses-8mo,12,Left-Putamen,MI,0.0033387759476595814
sub-387247,ses-8mo,12,Left-Putamen,NMI,0.588108718342599
sub-387247,ses-8mo,52,Right-Pallidum,Dice,0.8080577727099962
sub-387247,ses-8mo,52,Right-Pallidum,IoU,0.6779336734693877
sub-387247,ses-8mo,52,Right-Pallidum,Hausdorff,3.605551275463989
sub-387247,ses-8mo,52,Right-Pallidum,HD95,1.7320507764816284
sub-387247,ses-8mo,52,Right-Pallidum,MI,0.0012750690293368138
sub-387247,ses-8mo,52,Right-Pallidum,NMI,0.7286150261845951
sub-387247,ses-8mo,8,Left-Cerebellum-Cortex,Dice,0.45095159091629594
sub-387247,ses-8mo,8,Left-Cerebellum-Cortex,IoU,0.2911152345348869
sub-387247,ses-8mo,8,Left-Cerebellum-Cortex,Hausdorff,25.337718918639855
sub-387247,ses-8mo,8,Left-Cerebellum-Cortex,HD95,17.916473388671875
sub-387247,ses-8mo,8,Left-Cerebellum-Cortex,MI,0.011618861193484091
sub-387247,ses-8mo,8,Left-Cerebellum-Cortex,NMI,0.2963281303655093
sub-387247,ses-8mo,11,Left-Caudate,Dice,0.775959626854259
sub-387247,ses-8mo,11,Left-Caudate,IoU,0.6339330334832584
sub-387247,ses-8mo,11,Left-Caudate,Hausdorff,5.477225575051661
sub-387247,ses-8mo,11,Left-Caudate,HD95,2.2360680103302
sub-387247,ses-8mo,11,Left-Caudate,MI,0.002686347570092339
sub-387247,ses-8mo,11,Left-Caudate,NMI,0.6824988569498046
sub-387247,ses-8mo,3,Left-Cerebral-Cortex,Dice,0.5269562383799697
sub-387247,ses-8mo,3,Left-Cerebral-Cortex,IoU,0.357732914737327
sub-387247,ses-8mo,3,Left-Cerebral-Cortex,Hausdorff,23.93741840717165
sub-387247,ses-8mo,3,Left-Cerebral-Cortex,HD95,4.582575798034668
sub-387247,ses-8mo,3,Left-Cerebral-Cortex,MI,0.040896869063288294
sub-387247,ses-8mo,3,Left-Cerebral-Cortex,NMI,0.29588123181900416
sub-387247,ses-8mo,4,Left-Lateral-Ventricle,Dice,0.8627690056696946
sub-387247,ses-8mo,4,Left-Lateral-Ventricle,IoU,0.7586576605553769
sub-387247,ses-8mo,4,Left-Lateral-Ventricle,Hausdorff,11.40175425099138
sub-387247,ses-8mo,4,Left-Lateral-Ventricle,HD95,1.4142135381698608
sub-387247,ses-8mo,4,Left-Lateral-Ventricle,MI,0.006992915560831173
sub-387247,ses-8mo,4,Left-Lateral-Ventricle,NMI,0.79215612500098
sub-387247,ses-8mo,18,Left-Amygdala,Dice,0.46486897075579187
sub-387247,ses-8mo,18,Left-Amygdala,IoU,0.30282038594755073
sub-387247,ses-8mo,18,Left-Amygdala,Hausdorff,11.489125293076057
sub-387247,ses-8mo,18,Left-Amygdala,HD95,8.306623458862305
sub-387247,ses-8mo,18,Left-Amygdala,MI,0.0006363464963273088
sub-387247,ses-8mo,18,Left-Amygdala,NMI,0.3642172496607451
sub-387247,ses-8mo,44,Right-Inf-Lat-Vent,Dice,0.5359223300970873
sub-387247,ses-8mo,44,Right-Inf-Lat-Vent,IoU,0.3660477453580902
sub-387247,ses-8mo,44,Right-Inf-Lat-Vent,Hausdorff,11.532562594670797
sub-387247,ses-8mo,44,Right-Inf-Lat-Vent,HD95,5.328460979461668
sub-387247,ses-8mo,44,Right-Inf-Lat-Vent,MI,0.00017826154340435735
sub-387247,ses-8mo,44,Right-Inf-Lat-Vent,NMI,0.44504559198523735
sub-387247,ses-8mo,47,Right-Cerebellum-Cortex,Dice,0.4512449603922284
sub-387247,ses-8mo,47,Right-Cerebellum-Cortex,IoU,0.2913598011642357
sub-387247,ses-8mo,47,Right-Cerebellum-Cortex,Hausdorff,24.839484696748443
sub-387247,ses-8mo,47,Right-Cerebellum-Cortex,HD95,18.138357162475586
sub-387247,ses-8mo,47,Right-Cerebellum-Cortex,MI,0.012015534541202657
sub-387247,ses-8mo,47,Right-Cerebellum-Cortex,NMI,0.2959080024792494
sub-387247,ses-8mo,13,Left-Pallidum,Dice,0.7794432548179872
sub-387247,ses-8mo,13,Left-Pallidum,IoU,0.6385964912280702
sub-387247,ses-8mo,13,Left-Pallidum,Hausdorff,3.1622776601683795
sub-387247,ses-8mo,13,Left-Pallidum,HD95,2.2360680103302
sub-387247,ses-8mo,13,Left-Pallidum,MI,0.001285785022997958
sub-387247,ses-8mo,13,Left-Pallidum,NMI,0.6945826422507166
sub-387247,ses-8mo,60,Right-VentralDC,Dice,0.7989672977624784
sub-387247,ses-8mo,60,Right-VentralDC,IoU,0.6652335912869017
sub-387247,ses-8mo,60,Right-VentralDC,Hausdorff,5.830951894845301
sub-387247,ses-8mo,60,Right-VentralDC,HD95,2.2360680103302
sub-387247,ses-8mo,60,Right-VentralDC,MI,0.0025074685211131384
sub-387247,ses-8mo,60,Right-VentralDC,NMI,0.7069434631753384
sub-387247,ses-8mo,49,Right-Thalamus,Dice,0.8537202632022945
sub-387247,ses-8mo,49,Right-Thalamus,IoU,0.7447748012952605
sub-387247,ses-8mo,49,Right-Thalamus,Hausdorff,6.708203932499369
sub-387247,ses-8mo,49,Right-Thalamus,HD95,2.0
sub-387247,ses-8mo,49,Right-Thalamus,MI,0.005228173444223198
sub-387247,ses-8mo,49,Right-Thalamus,NMI,0.7868413551386285
sub-387247,ses-8mo,54,Right-Amygdala,Dice,0.4891871737509321
sub-387247,ses-8mo,54,Right-Amygdala,IoU,0.32379072063178677
sub-387247,ses-8mo,54,Right-Amygdala,Hausdorff,10.344080432788601
sub-387247,ses-8mo,54,Right-Amygdala,HD95,7.3416333198547274
sub-387247,ses-8mo,54,Right-Amygdala,MI,0.0006933782906442464
sub-387247,ses-8mo,54,Right-Amygdala,NMI,0.39081213561041644
sub-387247,ses-8mo,24,CSF,Dice,0.0026088716264485944
sub-387247,ses-8mo,24,CSF,IoU,0.0013061395884805813
sub-387247,ses-8mo,24,CSF,Hausdorff,84.05950273467003
sub-387247,ses-8mo,24,CSF,HD95,72.01388549804688
sub-387247,ses-8mo,24,CSF,MI,0.0001620411570706305
sub-387247,ses-8mo,24,CSF,NMI,0.0014813155283853003
sub-387247,ses-8mo,16,Brain-Stem,Dice,0.7178611214259191
sub-387247,ses-8mo,16,Brain-Stem,IoU,0.5598934198331789
sub-387247,ses-8mo,16,Brain-Stem,Hausdorff,22.22611077089287
sub-387247,ses-8mo,16,Brain-Stem,HD95,15.68438720703125
sub-387247,ses-8mo,16,Brain-Stem,MI,0.008180729479029949
sub-387247,ses-8mo,16,Brain-Stem,NMI,0.6039166795563566
sub-387247,ses-8mo,50,Right-Caudate,Dice,0.8071512309495897
sub-387247,ses-8mo,50,Right-Caudate,IoU,0.6766584766584767
sub-387247,ses-8mo,50,Right-Caudate,Hausdorff,3.7416573867739413
sub-387247,ses-8mo,50,Right-Caudate,HD95,1.7320507764816284
sub-387247,ses-8mo,50,Right-Caudate,MI,0.0029502218183576397
sub-387247,ses-8mo,50,Right-Caudate,NMI,0.7218011950489519
sub-387247,ses-8mo,31,Left-choroid-plexus,Dice,0.261841405002661
sub-387247,ses-8mo,31,Left-choroid-plexus,IoU,0.15064298836497245
sub-387247,ses-8mo,31,Left-choroid-plexus,Hausdorff,22.38302928559939
sub-387247,ses-8mo,31,Left-choroid-plexus,HD95,4.123105525970459
sub-387247,ses-8mo,31,Left-choroid-plexus,MI,0.00024426349623917886
sub-387247,ses-8mo,31,Left-choroid-plexus,NMI,0.19048227357746128
sub-387247,ses-8mo,28,Left-VentralDC,Dice,0.7506053268765133
sub-387247,ses-8mo,28,Left-VentralDC,IoU,0.6007751937984496
sub-387247,ses-8mo,28,Left-VentralDC,Hausdorff,6.0
sub-387247,ses-8mo,28,Left-VentralDC,HD95,2.8284270763397217
sub-387247,ses-8mo,28,Left-VentralDC,MI,0.0022885389340649063
sub-387247,ses-8mo,28,Left-VentralDC,NMI,0.6479013227736065
sub-387247,ses-8mo,15,4th-Ventricle,Dice,0.6952098346757101
sub-387247,ses-8mo,15,4th-Ventricle,IoU,0.5328135152696556
sub-387247,ses-8mo,15,4th-Ventricle,Hausdorff,25.298221281347036
sub-387247,ses-8mo,15,4th-Ventricle,HD95,18.027755737304688
sub-387247,ses-8mo,15,4th-Ventricle,MI,0.0009540074600903824
sub-387247,ses-8mo,15,4th-Ventricle,NMI,0.6016735061339626
sub-387247,ses-8mo,2,Left-Cerebral-White-Matter,Dice,0.6232691824311771
sub-387247,ses-8mo,2,Left-Cerebral-White-Matter,IoU,0.4527168088906529
sub-387247,ses-8mo,2,Left-Cerebral-White-Matter,Hausdorff,30.099833886584822
sub-387247,ses-8mo,2,Left-Cerebral-White-Matter,HD95,3.464101552963257
sub-387247,ses-8mo,2,Left-Cerebral-White-Matter,MI,0.051349232235480796
sub-387247,ses-8mo,2,Left-Cerebral-White-Matter,NMI,0.4382182551523406
sub-387247,ses-8mo,41,Right-Cerebral-White-Matter,Dice,0.6036374600825076
sub-387247,ses-8mo,41,Right-Cerebral-White-Matter,IoU,0.43229279132493414
sub-387247,ses-8mo,41,Right-Cerebral-White-Matter,Hausdorff,64.389440128021
sub-387247,ses-8mo,41,Right-Cerebral-White-Matter,HD95,3.605551242828369
sub-387247,ses-8mo,41,Right-Cerebral-White-Matter,MI,0.04914084444397363
sub-387247,ses-8mo,41,Right-Cerebral-White-Matter,NMI,0.4211225520749292
sub-387247,ses-8mo,14,3rd-Ventricle,Dice,0.8194662480376766
sub-387247,ses-8mo,14,3rd-Ventricle,IoU,0.6941489361702128
sub-387247,ses-8mo,14,3rd-Ventricle,Hausdorff,4.0
sub-387247,ses-8mo,14,3rd-Ventricle,HD95,2.0
sub-387247,ses-8mo,14,3rd-Ventricle,MI,0.0009845554495856409
sub-387247,ses-8mo,14,3rd-Ventricle,NMI,0.7499132839552486
sub-387247,ses-8mo,63,Right-choroid-plexus,Dice,0.30674305861613044
sub-387247,ses-8mo,63,Right-choroid-plexus,IoU,0.18115564809994794
sub-387247,ses-8mo,63,Right-choroid-plexus,Hausdorff,22.11334438749598
sub-387247,ses-8mo,63,Right-choroid-plexus,HD95,4.358899116516113
sub-387247,ses-8mo,63,Right-choroid-plexus,MI,0.0003440806198134535
sub-387247,ses-8mo,63,Right-choroid-plexus,NMI,0.22603188614423464
sub-387247,ses-8mo,26,Left-Accumbens-area,Dice,0.05010893246187364
sub-387247,ses-8mo,26,Left-Accumbens-area,IoU,0.02569832402234637
sub-387247,ses-8mo,26,Left-Accumbens-area,Hausdorff,8.94427190999916
sub-387247,ses-8mo,26,Left-Accumbens-area,HD95,7.071067810058594
sub-387247,ses-8mo,26,Left-Accumbens-area,MI,1.849717073937306e-05
sub-387247,ses-8mo,26,Left-Accumbens-area,NMI,0.02739069181104301
sub-387247,ses-8mo,46,Right-Cerebellum-White-Matter,Dice,0.47291666666666665
sub-387247,ses-8mo,46,Right-Cerebellum-White-Matter,IoU,0.3096862210095498
sub-387247,ses-8mo,46,Right-Cerebellum-White-Matter,Hausdorff,11.357816691600547
sub-387247,ses-8mo,46,Right-Cerebellum-White-Matter,HD95,6.480740547180176
sub-387247,ses-8mo,46,Right-Cerebellum-White-Matter,MI,0.004215372456481261
sub-387247,ses-8mo,46,Right-Cerebellum-White-Matter,NMI,0.3444366668653794
sub-387247,ses-8mo,7,Left-Cerebellum-White-Matter,Dice,0.4459534486440316
sub-387247,ses-8mo,7,Left-Cerebellum-White-Matter,IoU,0.28696273496757174
sub-387247,ses-8mo,7,Left-Cerebellum-White-Matter,Hausdorff,15.231546211727817
sub-387247,ses-8mo,7,Left-Cerebellum-White-Matter,HD95,6.7082037925720215
sub-387247,ses-8mo,7,Left-Cerebellum-White-Matter,MI,0.003789632978970553
sub-387247,ses-8mo,7,Left-Cerebellum-White-Matter,NMI,0.31588538429338375
sub-284149,ses-6mo,51,Right-Putamen,Dice,0.3596269884805266
sub-284149,ses-6mo,51,Right-Putamen,IoU,0.21923488496522203
sub-284149,ses-6mo,51,Right-Putamen,Hausdorff,16.61324772583615
sub-284149,ses-6mo,51,Right-Putamen,HD95,10.459419441223128
sub-284149,ses-6mo,51,Right-Putamen,MI,0.0013276000571367237
sub-284149,ses-6mo,51,Right-Putamen,NMI,0.25222430745528696
sub-284149,ses-6mo,42,Right-Cerebral-Cortex,Dice,0.2470311730900248
sub-284149,ses-6mo,42,Right-Cerebral-Cortex,IoU,0.1409216007140732
sub-284149,ses-6mo,42,Right-Cerebral-Cortex,Hausdorff,32.03123475609393
sub-284149,ses-6mo,42,Right-Cerebral-Cortex,HD95,9.273618698120117
sub-284149,ses-6mo,42,Right-Cerebral-Cortex,MI,0.00938632848914902
sub-284149,ses-6mo,42,Right-Cerebral-Cortex,NMI,0.09141474987566207
sub-284149,ses-6mo,43,Right-Lateral-Ventricle,Dice,0.607173800034656
sub-284149,ses-6mo,43,Right-Lateral-Ventricle,IoU,0.43592933565563574
sub-284149,ses-6mo,43,Right-Lateral-Ventricle,Hausdorff,27.09243436828813
sub-284149,ses-6mo,43,Right-Lateral-Ventricle,HD95,7.4833149909973145
sub-284149,ses-6mo,43,Right-Lateral-Ventricle,MI,0.0033362311387298066
sub-284149,ses-6mo,43,Right-Lateral-Ventricle,NMI,0.517580403412945
sub-284149,ses-6mo,85,Optic-Chiasm,Dice,0.0
sub-284149,ses-6mo,85,Optic-Chiasm,IoU,0.0
sub-284149,ses-6mo,85,Optic-Chiasm,Hausdorff,18.708286933869708
sub-284149,ses-6mo,85,Optic-Chiasm,HD95,16.754097747802735
sub-284149,ses-6mo,85,Optic-Chiasm,MI,7.119048274129469e-10
sub-284149,ses-6mo,85,Optic-Chiasm,NMI,2.087908298387245e-06
sub-284149,ses-6mo,62,Right-vessel,Dice,0.0
sub-284149,ses-6mo,62,Right-vessel,IoU,0.0
sub-284149,ses-6mo,62,Right-vessel,Hausdorff,13.601470508735444
sub-284149,ses-6mo,62,Right-vessel,HD95,11.916375160217285
sub-284149,ses-6mo,62,Right-vessel,MI,4.59135361261171e-11
sub-284149,ses-6mo,62,Right-vessel,NMI,3.7471035795557987e-07
sub-284149,ses-6mo,5,Left-Inf-Lat-Vent,Dice,0.06349206349206349
sub-284149,ses-6mo,5,Left-Inf-Lat-Vent,IoU,0.03278688524590164
sub-284149,ses-6mo,5,Left-Inf-Lat-Vent,Hausdorff,23.366642891095847
sub-284149,ses-6mo,5,Left-Inf-Lat-Vent,HD95,21.3775577545166
sub-284149,ses-6mo,5,Left-Inf-Lat-Vent,MI,1.9075390584421288e-05
sub-284149,ses-6mo,5,Left-Inf-Lat-Vent,NMI,0.03633402641626925
sub-284149,ses-6mo,58,Right-Accumbens-area,Dice,0.0
sub-284149,ses-6mo,58,Right-Accumbens-area,IoU,0.0
sub-284149,ses-6mo,58,Right-Accumbens-area,Hausdorff,12.206555615733702
sub-284149,ses-6mo,58,Right-Accumbens-area,HD95,9.433980941772461
sub-284149,ses-6mo,58,Right-Accumbens-area,MI,1.8188902700487638e-09
sub-284149,ses-6mo,58,Right-Accumbens-area,NMI,3.85488446205877e-06
sub-284149,ses-6mo,17,Left-Hippocampus,Dice,0.00041118421052631577
sub-284149,ses-6mo,17,Left-Hippocampus,IoU,0.00020563438206868187
sub-284149,ses-6mo,17,Left-Hippocampus,Hausdorff,28.319604517012593
sub-284149,ses-6mo,17,Left-Hippocampus,HD95,20.124610900878906
sub-284149,ses-6mo,17,Left-Hippocampus,MI,5.7203329724254425e-09
sub-284149,ses-6mo,17,Left-Hippocampus,NMI,1.8984780278368981e-06
sub-284149,ses-6mo,53,Right-Hippocampus,Dice,0.0024335834516325287
sub-284149,ses-6mo,53,Right-Hippocampus,IoU,0.001218274111675127
sub-284149,ses-6mo,53,Right-Hippocampus,Hausdorff,26.832815729997478
sub-284149,ses-6mo,53,Right-Hippocampus,HD95,19.080094337463372
sub-284149,ses-6mo,53,Right-Hippocampus,MI,9.795593511322375e-07
sub-284149,ses-6mo,53,Right-Hippocampus,NMI,0.0003208640135066584
sub-284149,ses-6mo,10,Left-Thalamus,Dice,0.5064628214037526
sub-284149,ses-6mo,10,Left-Thalamus,IoU,0.33910292201749487
sub-284149,ses-6mo,10,Left-Thalamus,Hausdorff,16.30950643030009
sub-284149,ses-6mo,10,Left-Thalamus,HD95,12.083045959472656
sub-284149,ses-6mo,10,Left-Thalamus,MI,0.002978817303634039
sub-284149,ses-6mo,10,Left-Thalamus,NMI,0.3784624872912059
sub-284149,ses-6mo,12,Left-Putamen,Dice,0.41310053634600025
sub-284149,ses-6mo,12,Left-Putamen,IoU,0.26031928663886095
sub-284149,ses-6mo,12,Left-Putamen,Hausdorff,15.84297951775486
sub-284149,ses-6mo,12,Left-Putamen,HD95,10.278592681884748
sub-284149,ses-6mo,12,Left-Putamen,MI,0.0015407974067096824
sub-284149,ses-6mo,12,Left-Putamen,NMI,0.3034200641104107
sub-284149,ses-6mo,52,Right-Pallidum,Dice,0.16652433817250215
sub-284149,ses-6mo,52,Right-Pallidum,IoU,0.09082440614811364
sub-284149,ses-6mo,52,Right-Pallidum,Hausdorff,9.16515138991168
sub-284149,ses-6mo,52,Right-Pallidum,HD95,7.4833149909973145
sub-284149,ses-6mo,52,Right-Pallidum,MI,0.00016504145737196533
sub-284149,ses-6mo,52,Right-Pallidum,NMI,0.10463238693543422
sub-284149,ses-6mo,8,Left-Cerebellum-Cortex,Dice,0.1606138258077818
sub-284149,ses-6mo,8,Left-Cerebellum-Cortex,IoU,0.0873192525100482
sub-284149,ses-6mo,8,Left-Cerebellum-Cortex,Hausdorff,29.748949561287034
sub-284149,ses-6mo,8,Left-Cerebellum-Cortex,HD95,20.71231460571289
sub-284149,ses-6mo,8,Left-Cerebellum-Cortex,MI,0.0021066415605540045
sub-284149,ses-6mo,8,Left-Cerebellum-Cortex,NMI,0.07079794577621099
sub-284149,ses-6mo,11,Left-Caudate,Dice,0.6279267773520647
sub-284149,ses-6mo,11,Left-Caudate,IoU,0.4576481538938877
sub-284149,ses-6mo,11,Left-Caudate,Hausdorff,7.280109889280518
sub-284149,ses-6mo,11,Left-Caudate,HD95,3.464101552963257
sub-284149,ses-6mo,11,Left-Caudate,MI,0.0015134654153250832
sub-284149,ses-6mo,11,Left-Caudate,NMI,0.5153596154707961
sub-284149,ses-6mo,3,Left-Cerebral-Cortex,Dice,0.24803810142339125
sub-284149,ses-6mo,3,Left-Cerebral-Cortex,IoU,0.14157733774057027
sub-284149,ses-6mo,3,Left-Cerebral-Cortex,Hausdorff,39.370039370059054
sub-284149,ses-6mo,3,Left-Cerebral-Cortex,HD95,9.899495124816895
sub-284149,ses-6mo,3,Left-Cerebral-Cortex,MI,0.009269663280297269
sub-284149,ses-6mo,3,Left-Cerebral-Cortex,NMI,0.09293520031683844
sub-284149,ses-6mo,4,Left-Lateral-Ventricle,Dice,0.6190899760520013
sub-284149,ses-6mo,4,Left-Lateral-Ventricle,IoU,0.4483202854028342
sub-284149,ses-6mo,4,Left-Lateral-Ventricle,Hausdorff,19.131126469708992
sub-284149,ses-6mo,4,Left-Lateral-Ventricle,HD95,11.704699516296387
sub-284149,ses-6mo,4,Left-Lateral-Ventricle,MI,0.004123225982276675
sub-284149,ses-6mo,4,Left-Lateral-Ventricle,NMI,0.5195728234029512
sub-284149,ses-6mo,18,Left-Amygdala,Dice,0.0
sub-284149,ses-6mo,18,Left-Amygdala,IoU,0.0
sub-284149,ses-6mo,18,Left-Amygdala,Hausdorff,26.0
sub-284149,ses-6mo,18,Left-Amygdala,HD95,23.275521755218506
sub-284149,ses-6mo,18,Left-Amygdala,MI,2.1996225224335964e-08
sub-284149,ses-6mo,18,Left-Amygdala,NMI,1.4720641732396331e-05
sub-284149,ses-6mo,44,Right-Inf-Lat-Vent,Dice,0.07629427792915532
sub-284149,ses-6mo,44,Right-Inf-Lat-Vent,IoU,0.039660056657223795
sub-284149,ses-6mo,44,Right-Inf-Lat-Vent,Hausdorff,23.790754506740637
sub-284149,ses-6mo,44,Right-Inf-Lat-Vent,HD95,20.717139816284178
sub-284149,ses-6mo,44,Right-Inf-Lat-Vent,MI,2.4953682015357387e-05
sub-284149,ses-6mo,44,Right-Inf-Lat-Vent,NMI,0.04517812299604458
sub-284149,ses-6mo,47,Right-Cerebellum-Cortex,Dice,0.14754550869495736
sub-284149,ses-6mo,47,Right-Cerebellum-Cortex,IoU,0.0796486550074504
sub-284149,ses-6mo,47,Right-Cerebellum-Cortex,Hausdorff,30.28200785945344
sub-284149,ses-6mo,47,Right-Cerebellum-Cortex,HD95,21.307275772094727
sub-284149,ses-6mo,47,Right-Cerebellum-Cortex,MI,0.0018754064980459574
sub-284149,ses-6mo,47,Right-Cerebellum-Cortex,NMI,0.062261813219002725
sub-284149,ses-6mo,13,Left-Pallidum,Dice,0.16012939749292357
sub-284149,ses-6mo,13,Left-Pallidum,IoU,0.08703296703296703
sub-284149,ses-6mo,13,Left-Pallidum,Hausdorff,11.357816691600547
sub-284149,ses-6mo,13,Left-Pallidum,HD95,7.874007701873779
sub-284149,ses-6mo,13,Left-Pallidum,MI,0.00016524193899999598
sub-284149,ses-6mo,13,Left-Pallidum,NMI,0.09983494668743055
sub-284149,ses-6mo,60,Right-VentralDC,Dice,0.0380794701986755
sub-284149,ses-6mo,60,Right-VentralDC,IoU,0.019409282700421943
sub-284149,ses-6mo,60,Right-VentralDC,Hausdorff,18.275666882497067
sub-284149,ses-6mo,60,Right-VentralDC,HD95,13.928388595581055
sub-284149,ses-6mo,60,Right-VentralDC,MI,4.818032485315237e-05
sub-284149,ses-6mo,60,Right-VentralDC,NMI,0.015996294416154955
sub-284149,ses-6mo,49,Right-Thalamus,Dice,0.5261913043478261
sub-284149,ses-6mo,49,Right-Thalamus,IoU,0.35702822618710467
sub-284149,ses-6mo,49,Right-Thalamus,Hausdorff,19.026297590440446
sub-284149,ses-6mo,49,Right-Thalamus,HD95,12.165525436401367
sub-284149,ses-6mo,49,Right-Thalamus,MI,0.003135265267309976
sub-284149,ses-6mo,49,Right-Thalamus,NMI,0.3988262048638669
sub-284149,ses-6mo,54,Right-Amygdala,Dice,0.0
sub-284149,ses-6mo,54,Right-Amygdala,IoU,0.0
sub-284149,ses-6mo,54,Right-Amygdala,Hausdorff,27.313000567495326
sub-284149,ses-6mo,54,Right-Amygdala,HD95,22.90742015838623
sub-284149,ses-6mo,54,Right-Amygdala,MI,2.3802679271665243e-08
sub-284149,ses-6mo,54,Right-Amygdala,NMI,1.486631495430614e-05
sub-284149,ses-6mo,24,CSF,Dice,0.0015253399789460116
sub-284149,ses-6mo,24,CSF,IoU,0.000763252098943272
sub-284149,ses-6mo,24,CSF,Hausdorff,83.8868285251028
sub-284149,ses-6mo,24,CSF,HD95,69.97142028808594
sub-284149,ses-6mo,24,CSF,MI,3.5559045739194444e-05
sub-284149,ses-6mo,24,CSF,NMI,0.00043241770122727014
sub-284149,ses-6mo,16,Brain-Stem,Dice,0.28168099951322406
sub-284149,ses-6mo,16,Brain-Stem,IoU,0.1639282341831917
sub-284149,ses-6mo,16,Brain-Stem,Hausdorff,32.93933818400121
sub-284149,ses-6mo,16,Brain-Stem,HD95,26.476404190063477
sub-284149,ses-6mo,16,Brain-Stem,MI,0.002168536451163888
sub-284149,ses-6mo,16,Brain-Stem,NMI,0.17304912948387144
sub-284149,ses-6mo,50,Right-Caudate,Dice,0.6546583850931676
sub-284149,ses-6mo,50,Right-Caudate,IoU,0.4866112650046168
sub-284149,ses-6mo,50,Right-Caudate,Hausdorff,7.0710678118654755
sub-284149,ses-6mo,50,Right-Caudate,HD95,3.0
sub-284149,ses-6mo,50,Right-Caudate,MI,0.0016426346679727184
sub-284149,ses-6mo,50,Right-Caudate,NMI,0.5460153701125323
sub-284149,ses-6mo,30,Left-vessel,Dice,0.0
sub-284149,ses-6mo,30,Left-vessel,IoU,0.0
sub-284149,ses-6mo,30,Left-vessel,Hausdorff,14.798648586948742
sub-284149,ses-6mo,30,Left-vessel,HD95,13.53139510154724
sub-284149,ses-6mo,30,Left-vessel,MI,1.26156916239583e-10
sub-284149,ses-6mo,30,Left-vessel,NMI,5.692848760699138e-07
sub-284149,ses-6mo,31,Left-choroid-plexus,Dice,0.0
sub-284149,ses-6mo,31,Left-choroid-plexus,IoU,0.0
sub-284149,ses-6mo,31,Left-choroid-plexus,Hausdorff,29.154759474226502
sub-284149,ses-6mo,31,Left-choroid-plexus,HD95,13.55355644226074
sub-284149,ses-6mo,31,Left-choroid-plexus,MI,2.491107848945134e-09
sub-284149,ses-6mo,31,Left-choroid-plexus,NMI,4.484513582219814e-06
sub-284149,ses-6mo,28,Left-VentralDC,Dice,0.034703573641809544
sub-284149,ses-6mo,28,Left-VentralDC,IoU,0.01765818793357158
sub-284149,ses-6mo,28,Left-VentralDC,Hausdorff,18.35755975068582
sub-284149,ses-6mo,28,Left-VentralDC,HD95,13.086241483688354
sub-284149,ses-6mo,28,Left-VentralDC,MI,4.2856823824171205e-05
sub-284149,ses-6mo,28,Left-VentralDC,NMI,0.01420518111946121
sub-284149,ses-6mo,15,4th-Ventricle,Dice,0.0
sub-284149,ses-6mo,15,4th-Ventricle,IoU,0.0
sub-284149,ses-6mo,15,4th-Ventricle,Hausdorff,31.921779399024736
sub-284149,ses-6mo,15,4th-Ventricle,HD95,24.402811527252197
sub-284149,ses-6mo,15,4th-Ventricle,MI,4.995036301670263e-08
sub-284149,ses-6mo,15,4th-Ventricle,NMI,1.9686688825361883e-05
sub-284149,ses-6mo,2,Left-Cerebral-White-Matter,Dice,0.6110608318656009
sub-284149,ses-6mo,2,Left-Cerebral-White-Matter,IoU,0.43994787236533045
sub-284149,ses-6mo,2,Left-Cerebral-White-Matter,Hausdorff,28.653097563788805
sub-284149,ses-6mo,2,Left-Cerebral-White-Matter,HD95,6.0
sub-284149,ses-6mo,2,Left-Cerebral-White-Matter,MI,0.04956212256716211
sub-284149,ses-6mo,2,Left-Cerebral-White-Matter,NMI,0.42000172350817
sub-284149,ses-6mo,41,Right-Cerebral-White-Matter,Dice,0.6014113964188852
sub-284149,ses-6mo,41,Right-Cerebral-White-Matter,IoU,0.4300130823881726
sub-284149,ses-6mo,41,Right-Cerebral-White-Matter,Hausdorff,80.7031597894407
sub-284149,ses-6mo,41,Right-Cerebral-White-Matter,HD95,6.082762718200684
sub-284149,ses-6mo,41,Right-Cerebral-White-Matter,MI,0.04826122231675776
sub-284149,ses-6mo,41,Right-Cerebral-White-Matter,NMI,0.40762968102821184
sub-284149,ses-6mo,14,3rd-Ventricle,Dice,0.2109004739336493
sub-284149,ses-6mo,14,3rd-Ventricle,IoU,0.11788079470198676
sub-284149,ses-6mo,14,3rd-Ventricle,Hausdorff,13.416407864998739
sub-284149,ses-6mo,14,3rd-Ventricle,HD95,9.0
sub-284149,ses-6mo,14,3rd-Ventricle,MI,0.0002514203478899534
sub-284149,ses-6mo,14,3rd-Ventricle,NMI,0.15109818324418475
sub-284149,ses-6mo,63,Right-choroid-plexus,Dice,0.039603960396039604
sub-284149,ses-6mo,63,Right-choroid-plexus,IoU,0.020202020202020204
sub-284149,ses-6mo,63,Right-choroid-plexus,Hausdorff,29.832867780352597
sub-284149,ses-6mo,63,Right-choroid-plexus,HD95,15.317326641082735
sub-284149,ses-6mo,63,Right-choroid-plexus,MI,1.2423254799296075e-05
sub-284149,ses-6mo,63,Right-choroid-plexus,NMI,0.020580156561876634
sub-284149,ses-6mo,26,Left-Accumbens-area,Dice,0.0
sub-284149,ses-6mo,26,Left-Accumbens-area,IoU,0.0
sub-284149,ses-6mo,26,Left-Accumbens-area,Hausdorff,13.038404810405298
sub-284149,ses-6mo,26,Left-Accumbens-area,HD95,10.835104751586913
sub-284149,ses-6mo,26,Left-Accumbens-area,MI,1.8486395547901357e-09
sub-284149,ses-6mo,26,Left-Accumbens-area,NMI,3.8586952338211925e-06
sub-284149,ses-6mo,46,Right-Cerebellum-White-Matter,Dice,0.01230699105464076
sub-284149,ses-6mo,46,Right-Cerebellum-White-Matter,IoU,0.006191595482428481
sub-284149,ses-6mo,46,Right-Cerebellum-White-Matter,Hausdorff,35.35533905932738
sub-284149,ses-6mo,46,Right-Cerebellum-White-Matter,HD95,23.174338054656968
sub-284149,ses-6mo,46,Right-Cerebellum-White-Matter,MI,2.1795244946236e-05
sub-284149,ses-6mo,46,Right-Cerebellum-White-Matter,NMI,0.0023309064822494194
sub-284149,ses-6mo,7,Left-Cerebellum-White-Matter,Dice,0.013846579894765993
sub-284149,ses-6mo,7,Left-Cerebellum-White-Matter,IoU,0.006971556051310652
sub-284149,ses-6mo,7,Left-Cerebellum-White-Matter,Hausdorff,32.69556544854363
sub-284149,ses-6mo,7,Left-Cerebellum-White-Matter,HD95,21.470911026000977
sub-284149,ses-6mo,7,Left-Cerebellum-White-Matter,MI,2.6608282094007807e-05
sub-284149,ses-6mo,7,Left-Cerebellum-White-Matter,NMI,0.0027758381298354584
sub-682023,ses-7mo,51,Right-Putamen,Dice,0.3802869386994597
sub-682023,ses-7mo,51,Right-Putamen,IoU,0.23478660991602437
sub-682023,ses-7mo,51,Right-Putamen,Hausdorff,17.26267650163207
sub-682023,ses-7mo,51,Right-Putamen,HD95,11.905866861343384
sub-682023,ses-7mo,51,Right-Putamen,MI,0.0016536814800746946
sub-682023,ses-7mo,51,Right-Putamen,NMI,0.2728451357158196
sub-682023,ses-7mo,42,Right-Cerebral-Cortex,Dice,0.2692523600572589
sub-682023,ses-7mo,42,Right-Cerebral-Cortex,IoU,0.1555699709439827
sub-682023,ses-7mo,42,Right-Cerebral-Cortex,Hausdorff,38.67815921162743
sub-682023,ses-7mo,42,Right-Cerebral-Cortex,HD95,18.138357162475586
sub-682023,ses-7mo,42,Right-Cerebral-Cortex,MI,0.012504536385926274
sub-682023,ses-7mo,42,Right-Cerebral-Cortex,NMI,0.09382652664930366
sub-682023,ses-7mo,43,Right-Lateral-Ventricle,Dice,0.3493911414425264
sub-682023,ses-7mo,43,Right-Lateral-Ventricle,IoU,0.21167409809485205
sub-682023,ses-7mo,43,Right-Lateral-Ventricle,Hausdorff,30.479501308256342
sub-682023,ses-7mo,43,Right-Lateral-Ventricle,HD95,17.262676239013672
sub-682023,ses-7mo,43,Right-Lateral-Ventricle,MI,0.0022145254483795923
sub-682023,ses-7mo,43,Right-Lateral-Ventricle,NMI,0.278804382821395
sub-682023,ses-7mo,85,Optic-Chiasm,Dice,0.0
sub-682023,ses-7mo,85,Optic-Chiasm,IoU,0.0
sub-682023,ses-7mo,85,Optic-Chiasm,Hausdorff,24.1039415863879
sub-682023,ses-7mo,85,Optic-Chiasm,HD95,22.803508758544922
sub-682023,ses-7mo,85,Optic-Chiasm,MI,1.485213778039938e-09
sub-682023,ses-7mo,85,Optic-Chiasm,NMI,2.7454867956752566e-06
sub-682023,ses-7mo,5,Left-Inf-Lat-Vent,Dice,0.0
sub-682023,ses-7mo,5,Left-Inf-Lat-Vent,IoU,0.0
sub-682023,ses-7mo,5,Left-Inf-Lat-Vent,Hausdorff,29.13760456866693
sub-682023,ses-7mo,5,Left-Inf-Lat-Vent,HD95,24.662673473358147
sub-682023,ses-7mo,5,Left-Inf-Lat-Vent,MI,3.5268642899276108e-09
sub-682023,ses-7mo,5,Left-Inf-Lat-Vent,NMI,5.007715514488698e-06
sub-682023,ses-7mo,58,Right-Accumbens-area,Dice,0.0
sub-682023,ses-7mo,58,Right-Accumbens-area,IoU,0.0
sub-682023,ses-7mo,58,Right-Accumbens-area,Hausdorff,15.264337522473747
sub-682023,ses-7mo,58,Right-Accumbens-area,HD95,13.418268394470212
sub-682023,ses-7mo,58,Right-Accumbens-area,MI,2.7645319369492844e-09
sub-682023,ses-7mo,58,Right-Accumbens-area,NMI,4.759494457415296e-06
sub-682023,ses-7mo,17,Left-Hippocampus,Dice,0.0
sub-682023,ses-7mo,17,Left-Hippocampus,IoU,0.0
sub-682023,ses-7mo,17,Left-Hippocampus,Hausdorff,30.14962686336267
sub-682023,ses-7mo,17,Left-Hippocampus,HD95,25.942243576049805
sub-682023,ses-7mo,17,Left-Hippocampus,MI,1.3927598180969118e-07
sub-682023,ses-7mo,17,Left-Hippocampus,NMI,3.89583554576392e-05
sub-682023,ses-7mo,53,Right-Hippocampus,Dice,0.0
sub-682023,ses-7mo,53,Right-Hippocampus,IoU,0.0
sub-682023,ses-7mo,53,Right-Hippocampus,Hausdorff,28.6705423736629
sub-682023,ses-7mo,53,Right-Hippocampus,HD95,22.737634658813477
sub-682023,ses-7mo,53,Right-Hippocampus,MI,1.4807531144615197e-07
sub-682023,ses-7mo,53,Right-Hippocampus,NMI,4.139276966162289e-05
sub-682023,ses-7mo,10,Left-Thalamus,Dice,0.2575080665177463
sub-682023,ses-7mo,10,Left-Thalamus,IoU,0.14778149704437005
sub-682023,ses-7mo,10,Left-Thalamus,Hausdorff,26.70205984563738
sub-682023,ses-7mo,10,Left-Thalamus,HD95,19.621416091918945
sub-682023,ses-7mo,10,Left-Thalamus,MI,0.0013819620008003694
sub-682023,ses-7mo,10,Left-Thalamus,NMI,0.15943189477497127
sub-682023,ses-7mo,12,Left-Putamen,Dice,0.3410880458124553
sub-682023,ses-7mo,12,Left-Putamen,IoU,0.20560949298813377
sub-682023,ses-7mo,12,Left-Putamen,Hausdorff,19.72308292331602
sub-682023,ses-7mo,12,Left-Putamen,HD95,13.636346149444574
sub-682023,ses-7mo,12,Left-Putamen,MI,0.00150352886919868
sub-682023,ses-7mo,12,Left-Putamen,NMI,0.23992770909135339
sub-682023,ses-7mo,52,Right-Pallidum,Dice,0.1204460966542751
sub-682023,ses-7mo,52,Right-Pallidum,IoU,0.06408227848101265
sub-682023,ses-7mo,52,Right-Pallidum,Hausdorff,14.628738838327793
sub-682023,ses-7mo,52,Right-Pallidum,HD95,10.099504470825195
sub-682023,ses-7mo,52,Right-Pallidum,MI,0.00012560449179222486
sub-682023,ses-7mo,52,Right-Pallidum,NMI,0.07033069337491095
sub-682023,ses-7mo,8,Left-Cerebellum-Cortex,Dice,0.04728405678598114
sub-682023,ses-7mo,8,Left-Cerebellum-Cortex,IoU,0.024214508490239112
sub-682023,ses-7mo,8,Left-Cerebellum-Cortex,Hausdorff,39.59797974644666
sub-682023,ses-7mo,8,Left-Cerebellum-Cortex,HD95,30.756299495697032
sub-682023,ses-7mo,8,Left-Cerebellum-Cortex,MI,0.0003273623916857445
sub-682023,ses-7mo,8,Left-Cerebellum-Cortex,NMI,0.010558707378622788
sub-682023,ses-7mo,11,Left-Caudate,Dice,0.5266403974644509
sub-682023,ses-7mo,11,Left-Caudate,IoU,0.3574418604651163
sub-682023,ses-7mo,11,Left-Caudate,Hausdorff,11.874342087037917
sub-682023,ses-7mo,11,Left-Caudate,HD95,6.164413928985596
sub-682023,ses-7mo,11,Left-Caudate,MI,0.001456776292709305
sub-682023,ses-7mo,11,Left-Caudate,NMI,0.4091392886649505
sub-682023,ses-7mo,3,Left-Cerebral-Cortex,Dice,0.25239588921398903
sub-682023,ses-7mo,3,Left-Cerebral-Cortex,IoU,0.144423950284982
sub-682023,ses-7mo,3,Left-Cerebral-Cortex,Hausdorff,40.47221268969612
sub-682023,ses-7mo,3,Left-Cerebral-Cortex,HD95,20.59126091003418
sub-682023,ses-7mo,3,Left-Cerebral-Cortex,MI,0.011148148080511164
sub-682023,ses-7mo,3,Left-Cerebral-Cortex,NMI,0.08376540075296438
sub-682023,ses-7mo,4,Left-Lateral-Ventricle,Dice,0.3729899790258681
sub-682023,ses-7mo,4,Left-Lateral-Ventricle,IoU,0.22924872878321279
sub-682023,ses-7mo,4,Left-Lateral-Ventricle,Hausdorff,83.31266410336426
sub-682023,ses-7mo,4,Left-Lateral-Ventricle,HD95,18.493242263793945
sub-682023,ses-7mo,4,Left-Lateral-Ventricle,MI,0.002591923350339023
sub-682023,ses-7mo,4,Left-Lateral-Ventricle,NMI,0.2877570941556216
sub-682023,ses-7mo,18,Left-Amygdala,Dice,0.0
sub-682023,ses-7mo,18,Left-Amygdala,IoU,0.0
sub-682023,ses-7mo,18,Left-Amygdala,Hausdorff,30.14962686336267
sub-682023,ses-7mo,18,Left-Amygdala,HD95,27.340432167053223
sub-682023,ses-7mo,18,Left-Amygdala,MI,3.4531892871699724e-08
sub-682023,ses-7mo,18,Left-Amygdala,NMI,1.8488389827073663e-05
sub-682023,ses-7mo,44,Right-Inf-Lat-Vent,Dice,0.0
sub-682023,ses-7mo,44,Right-Inf-Lat-Vent,IoU,0.0
sub-682023,ses-7mo,44,Right-Inf-Lat-Vent,Hausdorff,29.631064780058107
sub-682023,ses-7mo,44,Right-Inf-Lat-Vent,HD95,27.49727201461792
sub-682023,ses-7mo,44,Right-Inf-Lat-Vent,MI,1.5559836611577166e-09
sub-682023,ses-7mo,44,Right-Inf-Lat-Vent,NMI,2.839411605242836e-06
sub-682023,ses-7mo,47,Right-Cerebellum-Cortex,Dice,0.06056451944562491
sub-682023,ses-7mo,47,Right-Cerebellum-Cortex,IoU,0.031227911447878086
sub-682023,ses-7mo,47,Right-Cerebellum-Cortex,Hausdorff,37.86819245752297
sub-682023,ses-7mo,47,Right-Cerebellum-Cortex,HD95,29.42787742614746
sub-682023,ses-7mo,47,Right-Cerebellum-Cortex,MI,0.0004955253953406284
sub-682023,ses-7mo,47,Right-Cerebellum-Cortex,NMI,0.015607758370140078
sub-682023,ses-7mo,13,Left-Pallidum,Dice,0.053597650513950074
sub-682023,ses-7mo,13,Left-Pallidum,IoU,0.027536778574122973
sub-682023,ses-7mo,13,Left-Pallidum,Hausdorff,15.066519173319364
sub-682023,ses-7mo,13,Left-Pallidum,HD95,11.661903381347656
sub-682023,ses-7mo,13,Left-Pallidum,MI,4.760250025822769e-05
sub-682023,ses-7mo,13,Left-Pallidum,NMI,0.02635803283752965
sub-682023,ses-7mo,60,Right-VentralDC,Dice,0.0
sub-682023,ses-7mo,60,Right-VentralDC,IoU,0.0
sub-682023,ses-7mo,60,Right-VentralDC,Hausdorff,25.079872407968907
sub-682023,ses-7mo,60,Right-VentralDC,HD95,20.049938201904297
sub-682023,ses-7mo,60,Right-VentralDC,MI,1.5481579342861793e-07
sub-682023,ses-7mo,60,Right-VentralDC,NMI,4.450592892388417e-05
sub-682023,ses-7mo,49,Right-Thalamus,Dice,0.2829968944099379
sub-682023,ses-7mo,49,Right-Thalamus,IoU,0.16482025774361292
sub-682023,ses-7mo,49,Right-Thalamus,Hausdorff,27.16615541441225
sub-682023,ses-7mo,49,Right-Thalamus,HD95,19.235383987426758
sub-682023,ses-7mo,49,Right-Thalamus,MI,0.0015066703555917979
sub-682023,ses-7mo,49,Right-Thalamus,NMI,0.18023401576543768
sub-682023,ses-7mo,54,Right-Amygdala,Dice,0.0
sub-682023,ses-7mo,54,Right-Amygdala,IoU,0.0
sub-682023,ses-7mo,54,Right-Amygdala,Hausdorff,28.879058156387302
sub-682023,ses-7mo,54,Right-Amygdala,HD95,26.419689178466797
sub-682023,ses-7mo,54,Right-Amygdala,MI,3.168858225745686e-08
sub-682023,ses-7mo,54,Right-Amygdala,NMI,1.7308587954660806e-05
sub-682023,ses-7mo,24,CSF,Dice,0.0003647796020192715
sub-682023,ses-7mo,24,CSF,IoU,0.00018242307311764123
sub-682023,ses-7mo,24,CSF,Hausdorff,93.55746896961247
sub-682023,ses-7mo,24,CSF,HD95,77.78174591064453
sub-682023,ses-7mo,24,CSF,MI,5.939235222267905e-07
sub-682023,ses-7mo,24,CSF,NMI,6.464260792422448e-06
sub-682023,ses-7mo,16,Brain-Stem,Dice,0.11266550087434424
sub-682023,ses-7mo,16,Brain-Stem,IoU,0.05969556585043018
sub-682023,ses-7mo,16,Brain-Stem,Hausdorff,43.05810028322197
sub-682023,ses-7mo,16,Brain-Stem,HD95,36.12478256225586
sub-682023,ses-7mo,16,Brain-Stem,MI,0.0007925503460764318
sub-682023,ses-7mo,16,Brain-Stem,NMI,0.05061362572559558
sub-682023,ses-7mo,50,Right-Caudate,Dice,0.5783582089552238
sub-682023,ses-7mo,50,Right-Caudate,IoU,0.4068241469816273
sub-682023,ses-7mo,50,Right-Caudate,Hausdorff,11.489125293076057
sub-682023,ses-7mo,50,Right-Caudate,HD95,5.4772257804870605
sub-682023,ses-7mo,50,Right-Caudate,MI,0.00165624577987257
sub-682023,ses-7mo,50,Right-Caudate,NMI,0.4610277439132314
sub-682023,ses-7mo,31,Left-choroid-plexus,Dice,0.0
sub-682023,ses-7mo,31,Left-choroid-plexus,IoU,0.0
sub-682023,ses-7mo,31,Left-choroid-plexus,Hausdorff,23.043437243605826
sub-682023,ses-7mo,31,Left-choroid-plexus,HD95,16.911535263061523
sub-682023,ses-7mo,31,Left-choroid-plexus,MI,6.365702884356551e-09
sub-682023,ses-7mo,31,Left-choroid-plexus,NMI,6.93041763900602e-06
sub-682023,ses-7mo,28,Left-VentralDC,Dice,0.0
sub-682023,ses-7mo,28,Left-VentralDC,IoU,0.0
sub-682023,ses-7mo,28,Left-VentralDC,Hausdorff,27.294688127912362
sub-682023,ses-7mo,28,Left-VentralDC,HD95,21.954498291015625
sub-682023,ses-7mo,28,Left-VentralDC,MI,1.6776195925960382e-07
sub-682023,ses-7mo,28,Left-VentralDC,NMI,4.638854810726637e-05
sub-682023,ses-7mo,15,4th-Ventricle,Dice,0.0
sub-682023,ses-7mo,15,4th-Ventricle,IoU,0.0
sub-682023,ses-7mo,15,4th-Ventricle,Hausdorff,35.9722114972099
sub-682023,ses-7mo,15,4th-Ventricle,HD95,30.248966217041016
sub-682023,ses-7mo,15,4th-Ventricle,MI,3.5342305342174994e-08
sub-682023,ses-7mo,15,4th-Ventricle,NMI,1.8064890108054146e-05
sub-682023,ses-7mo,2,Left-Cerebral-White-Matter,Dice,0.4634176822867198
sub-682023,ses-7mo,2,Left-Cerebral-White-Matter,IoU,0.30158988356469657
sub-682023,ses-7mo,2,Left-Cerebral-White-Matter,Hausdorff,41.060930335295616
sub-682023,ses-7mo,2,Left-Cerebral-White-Matter,HD95,17.866147994995444
sub-682023,ses-7mo,2,Left-Cerebral-White-Matter,MI,0.0362156650749343
sub-682023,ses-7mo,2,Left-Cerebral-White-Matter,NMI,0.2922177563110877
sub-682023,ses-7mo,41,Right-Cerebral-White-Matter,Dice,0.4872294512526351
sub-682023,ses-7mo,41,Right-Cerebral-White-Matter,IoU,0.3220775626918972
sub-682023,ses-7mo,41,Right-Cerebral-White-Matter,Hausdorff,35.958309192730404
sub-682023,ses-7mo,41,Right-Cerebral-White-Matter,HD95,15.55634880065918
sub-682023,ses-7mo,41,Right-Cerebral-White-Matter,MI,0.03907211189203927
sub-682023,ses-7mo,41,Right-Cerebral-White-Matter,NMI,0.3139705363745213
sub-682023,ses-7mo,14,3rd-Ventricle,Dice,0.049367088607594936
sub-682023,ses-7mo,14,3rd-Ventricle,IoU,0.025308241401687217
sub-682023,ses-7mo,14,3rd-Ventricle,Hausdorff,18.027756377319946
sub-682023,ses-7mo,14,3rd-Ventricle,HD95,14.001783418655394
sub-682023,ses-7mo,14,3rd-Ventricle,MI,5.17500825664146e-05
sub-682023,ses-7mo,14,3rd-Ventricle,NMI,0.02545575288807162
sub-682023,ses-7mo,63,Right-choroid-plexus,Dice,0.014184397163120567
sub-682023,ses-7mo,63,Right-choroid-plexus,IoU,0.007142857142857143
sub-682023,ses-7mo,63,Right-choroid-plexus,Hausdorff,26.870057685088806
sub-682023,ses-7mo,63,Right-choroid-plexus,HD95,24.096677780151364
sub-682023,ses-7mo,63,Right-choroid-plexus,MI,5.948735774931746e-06
sub-682023,ses-7mo,63,Right-choroid-plexus,NMI,0.005463252935782291
sub-682023,ses-7mo,26,Left-Accumbens-area,Dice,0.0
sub-682023,ses-7mo,26,Left-Accumbens-area,IoU,0.0
sub-682023,ses-7mo,26,Left-Accumbens-area,Hausdorff,16.401219466856727
sub-682023,ses-7mo,26,Left-Accumbens-area,HD95,13.976664495468132
sub-682023,ses-7mo,26,Left-Accumbens-area,MI,3.217630525274807e-09
sub-682023,ses-7mo,26,Left-Accumbens-area,NMI,5.112151109313838e-06
sub-682023,ses-7mo,46,Right-Cerebellum-White-Matter,Dice,0.0
sub-682023,ses-7mo,46,Right-Cerebellum-White-Matter,IoU,0.0
sub-682023,ses-7mo,46,Right-Cerebellum-White-Matter,Hausdorff,41.66533331199932
sub-682023,ses-7mo,46,Right-Cerebellum-White-Matter,HD95,32.52383270263671
sub-682023,ses-7mo,46,Right-Cerebellum-White-Matter,MI,2.450996869831669e-06
sub-682023,ses-7mo,46,Right-Cerebellum-White-Matter,NMI,0.00020611728358334994
sub-682023,ses-7mo,7,Left-Cerebellum-White-Matter,Dice,0.0
sub-682023,ses-7mo,7,Left-Cerebellum-White-Matter,IoU,0.0
sub-682023,ses-7mo,7,Left-Cerebellum-White-Matter,Hausdorff,44.339598554790726
sub-682023,ses-7mo,7,Left-Cerebellum-White-Matter,HD95,35.49647903442383
sub-682023,ses-7mo,7,Left-Cerebellum-White-Matter,MI,1.7647294067134334e-06
sub-682023,ses-7mo,7,Left-Cerebellum-White-Matter,NMI,0.00017046189155212917
sub-938316,ses-2mo,51,Right-Putamen,Dice,0.3610282630308195
sub-938316,ses-2mo,51,Right-Putamen,IoU,0.22027729636048526
sub-938316,ses-2mo,51,Right-Putamen,Hausdorff,17.291616465790582
sub-938316,ses-2mo,51,Right-Putamen,HD95,10.816654205322266
sub-938316,ses-2mo,51,Right-Putamen,MI,0.001077563482144123
sub-938316,ses-2mo,51,Right-Putamen,NMI,0.2571424281996844
sub-938316,ses-2mo,42,Right-Cerebral-Cortex,Dice,0.18588321950985182
sub-938316,ses-2mo,42,Right-Cerebral-Cortex,IoU,0.10246485866231216
sub-938316,ses-2mo,42,Right-Cerebral-Cortex,Hausdorff,31.064449134018133
sub-938316,ses-2mo,42,Right-Cerebral-Cortex,HD95,13.03840446472168
sub-938316,ses-2mo,42,Right-Cerebral-Cortex,MI,0.005387292209978037
sub-938316,ses-2mo,42,Right-Cerebral-Cortex,NMI,0.061916126561491536
sub-938316,ses-2mo,43,Right-Lateral-Ventricle,Dice,0.3029167345608604
sub-938316,ses-2mo,43,Right-Lateral-Ventricle,IoU,0.1784925588094095
sub-938316,ses-2mo,43,Right-Lateral-Ventricle,Hausdorff,18.05547008526779
sub-938316,ses-2mo,43,Right-Lateral-Ventricle,HD95,10.29563045501709
sub-938316,ses-2mo,43,Right-Lateral-Ventricle,MI,0.0013837383346008932
sub-938316,ses-2mo,43,Right-Lateral-Ventricle,NMI,0.2030606376296863
sub-938316,ses-2mo,5,Left-Inf-Lat-Vent,Dice,0.0
sub-938316,ses-2mo,5,Left-Inf-Lat-Vent,IoU,0.0
sub-938316,ses-2mo,5,Left-Inf-Lat-Vent,Hausdorff,30.610455730027933
sub-938316,ses-2mo,5,Left-Inf-Lat-Vent,HD95,22.518879032135008
sub-938316,ses-2mo,5,Left-Inf-Lat-Vent,MI,3.2747827476554796e-09
sub-938316,ses-2mo,5,Left-Inf-Lat-Vent,NMI,5.188873324345668e-06
sub-938316,ses-2mo,58,Right-Accumbens-area,Dice,0.0
sub-938316,ses-2mo,58,Right-Accumbens-area,IoU,0.0
sub-938316,ses-2mo,58,Right-Accumbens-area,Hausdorff,13.601470508735444
sub-938316,ses-2mo,58,Right-Accumbens-area,HD95,10.64891891479492
sub-938316,ses-2mo,58,Right-Accumbens-area,MI,1.1921425257285356e-09
sub-938316,ses-2mo,58,Right-Accumbens-area,NMI,3.045803617157674e-06
sub-938316,ses-2mo,17,Left-Hippocampus,Dice,0.0
sub-938316,ses-2mo,17,Left-Hippocampus,IoU,0.0
sub-938316,ses-2mo,17,Left-Hippocampus,Hausdorff,28.178005607210743
sub-938316,ses-2mo,17,Left-Hippocampus,HD95,21.71056957244872
sub-938316,ses-2mo,17,Left-Hippocampus,MI,6.479954198343376e-08
sub-938316,ses-2mo,17,Left-Hippocampus,NMI,2.5779457022208413e-05
sub-938316,ses-2mo,53,Right-Hippocampus,Dice,0.0
sub-938316,ses-2mo,53,Right-Hippocampus,IoU,0.0
sub-938316,ses-2mo,53,Right-Hippocampus,Hausdorff,25.553864678361276
sub-938316,ses-2mo,53,Right-Hippocampus,HD95,19.51922035217285
sub-938316,ses-2mo,53,Right-Hippocampus,MI,5.8654038489320236e-08
sub-938316,ses-2mo,53,Right-Hippocampus,NMI,2.4073799190958442e-05
sub-938316,ses-2mo,10,Left-Thalamus,Dice,0.2310497323298937
sub-938316,ses-2mo,10,Left-Thalamus,IoU,0.1306140350877193
sub-938316,ses-2mo,10,Left-Thalamus,Hausdorff,16.522711641858304
sub-938316,ses-2mo,10,Left-Thalamus,HD95,13.152946472167969
sub-938316,ses-2mo,10,Left-Thalamus,MI,0.0009920181389886226
sub-938316,ses-2mo,10,Left-Thalamus,NMI,0.13858581913852247
sub-938316,ses-2mo,12,Left-Putamen,Dice,0.16623613432609027
sub-938316,ses-2mo,12,Left-Putamen,IoU,0.09065296652303613
sub-938316,ses-2mo,12,Left-Putamen,Hausdorff,18.681541692269406
sub-938316,ses-2mo,12,Left-Putamen,HD95,12.449899673461914
sub-938316,ses-2mo,12,Left-Putamen,MI,0.00038958020424658193
sub-938316,ses-2mo,12,Left-Putamen,NMI,0.09864500244743774
sub-938316,ses-2mo,52,Right-Pallidum,Dice,0.05083694978301302
sub-938316,ses-2mo,52,Right-Pallidum,IoU,0.02608142493638677
sub-938316,ses-2mo,52,Right-Pallidum,Hausdorff,11.445523142259598
sub-938316,ses-2mo,52,Right-Pallidum,HD95,9.05538558959961
sub-938316,ses-2mo,52,Right-Pallidum,MI,2.9455015566138068e-05
sub-938316,ses-2mo,52,Right-Pallidum,NMI,0.026128531408502912
sub-938316,ses-2mo,8,Left-Cerebellum-Cortex,Dice,0.08565411825947046
sub-938316,ses-2mo,8,Left-Cerebellum-Cortex,IoU,0.04474328232763948
sub-938316,ses-2mo,8,Left-Cerebellum-Cortex,Hausdorff,30.822070014844883
sub-938316,ses-2mo,8,Left-Cerebellum-Cortex,HD95,25.768198013305664
sub-938316,ses-2mo,8,Left-Cerebellum-Cortex,MI,0.0006383490874754165
sub-938316,ses-2mo,8,Left-Cerebellum-Cortex,NMI,0.03204234614825674
sub-938316,ses-2mo,11,Left-Caudate,Dice,0.33415384615384613
sub-938316,ses-2mo,11,Left-Caudate,IoU,0.20059106021425932
sub-938316,ses-2mo,11,Left-Caudate,Hausdorff,18.708286933869708
sub-938316,ses-2mo,11,Left-Caudate,HD95,12.688577651977539
sub-938316,ses-2mo,11,Left-Caudate,MI,0.0005027756576755848
sub-938316,ses-2mo,11,Left-Caudate,NMI,0.23773164773351263
sub-938316,ses-2mo,3,Left-Cerebral-Cortex,Dice,0.18170331635953996
sub-938316,ses-2mo,3,Left-Cerebral-Cortex,IoU,0.09993051078757231
sub-938316,ses-2mo,3,Left-Cerebral-Cortex,Hausdorff,36.235341863986875
sub-938316,ses-2mo,3,Left-Cerebral-Cortex,HD95,14.899664878845215
sub-938316,ses-2mo,3,Left-Cerebral-Cortex,MI,0.005302410691635517
sub-938316,ses-2mo,3,Left-Cerebral-Cortex,NMI,0.05853695694873288
sub-938316,ses-2mo,4,Left-Lateral-Ventricle,Dice,0.3173760249902382
sub-938316,ses-2mo,4,Left-Lateral-Ventricle,IoU,0.1886196973916272
sub-938316,ses-2mo,4,Left-Lateral-Ventricle,Hausdorff,24.657656011875904
sub-938316,ses-2mo,4,Left-Lateral-Ventricle,HD95,12.704315567016588
sub-938316,ses-2mo,4,Left-Lateral-Ventricle,MI,0.001532878560996637
sub-938316,ses-2mo,4,Left-Lateral-Ventricle,NMI,0.2171309395271464
sub-938316,ses-2mo,18,Left-Amygdala,Dice,0.0
sub-938316,ses-2mo,18,Left-Amygdala,IoU,0.0
sub-938316,ses-2mo,18,Left-Amygdala,Hausdorff,29.13760456866693
sub-938316,ses-2mo,18,Left-Amygdala,HD95,25.48031520843506
sub-938316,ses-2mo,18,Left-Amygdala,MI,1.202290195509827e-08
sub-938316,ses-2mo,18,Left-Amygdala,NMI,9.418652319099814e-06
sub-938316,ses-2mo,44,Right-Inf-Lat-Vent,Dice,0.0
sub-938316,ses-2mo,44,Right-Inf-Lat-Vent,IoU,0.0
sub-938316,ses-2mo,44,Right-Inf-Lat-Vent,Hausdorff,22.47220505424423
sub-938316,ses-2mo,44,Right-Inf-Lat-Vent,HD95,19.809085464477537
sub-938316,ses-2mo,44,Right-Inf-Lat-Vent,MI,3.389976053829683e-09
sub-938316,ses-2mo,44,Right-Inf-Lat-Vent,NMI,5.292063094662737e-06
sub-938316,ses-2mo,47,Right-Cerebellum-Cortex,Dice,0.10487131763044734
sub-938316,ses-2mo,47,Right-Cerebellum-Cortex,IoU,0.055337306962882686
sub-938316,ses-2mo,47,Right-Cerebellum-Cortex,Hausdorff,36.76955262170047
sub-938316,ses-2mo,47,Right-Cerebellum-Cortex,HD95,27.294687271118164
sub-938316,ses-2mo,47,Right-Cerebellum-Cortex,MI,0.0009249357005049843
sub-938316,ses-2mo,47,Right-Cerebellum-Cortex,NMI,0.04277154773331028
sub-938316,ses-2mo,13,Left-Pallidum,Dice,0.0
sub-938316,ses-2mo,13,Left-Pallidum,IoU,0.0
sub-938316,ses-2mo,13,Left-Pallidum,Hausdorff,13.96424004376894
sub-938316,ses-2mo,13,Left-Pallidum,HD95,11.047619342803953
sub-938316,ses-2mo,13,Left-Pallidum,MI,9.243257514967608e-09
sub-938316,ses-2mo,13,Left-Pallidum,NMI,9.27521627747201e-06
sub-938316,ses-2mo,60,Right-VentralDC,Dice,0.004919184820801124
sub-938316,ses-2mo,60,Right-VentralDC,IoU,0.0024656569214512153
sub-938316,ses-2mo,60,Right-VentralDC,Hausdorff,19.313207915827967
sub-938316,ses-2mo,60,Right-VentralDC,HD95,15.517706155776954
sub-938316,ses-2mo,60,Right-VentralDC,MI,2.299599520173087e-06
sub-938316,ses-2mo,60,Right-VentralDC,NMI,0.0012313315859728523
sub-938316,ses-2mo,49,Right-Thalamus,Dice,0.28770001616292223
sub-938316,ses-2mo,49,Right-Thalamus,IoU,0.16801963375495563
sub-938316,ses-2mo,49,Right-Thalamus,Hausdorff,18.05547008526779
sub-938316,ses-2mo,49,Right-Thalamus,HD95,12.247448921203613
sub-938316,ses-2mo,49,Right-Thalamus,MI,0.0012667535158931795
sub-938316,ses-2mo,49,Right-Thalamus,NMI,0.18339754002170805
sub-938316,ses-2mo,54,Right-Amygdala,Dice,0.0
sub-938316,ses-2mo,54,Right-Amygdala,IoU,0.0
sub-938316,ses-2mo,54,Right-Amygdala,Hausdorff,26.019223662515376
sub-938316,ses-2mo,54,Right-Amygdala,HD95,22.78814525604248
sub-938316,ses-2mo,54,Right-Amygdala,MI,1.3702583149903785e-08
sub-938316,ses-2mo,54,Right-Amygdala,NMI,1.0252736156582967e-05
sub-938316,ses-2mo,16,Brain-Stem,Dice,0.2267114440712994
sub-938316,ses-2mo,16,Brain-Stem,IoU,0.1278480275042247
sub-938316,ses-2mo,16,Brain-Stem,Hausdorff,31.622776601683793
sub-938316,ses-2mo,16,Brain-Stem,HD95,24.20743751525879
sub-938316,ses-2mo,16,Brain-Stem,MI,0.0013498202952126038
sub-938316,ses-2mo,16,Brain-Stem,NMI,0.1326886037127374
sub-938316,ses-2mo,50,Right-Caudate,Dice,0.300480090369952
sub-938316,ses-2mo,50,Right-Caudate,IoU,0.17680292455965438
sub-938316,ses-2mo,50,Right-Caudate,Hausdorff,14.352700094407323
sub-938316,ses-2mo,50,Right-Caudate,HD95,8.602325439453125
sub-938316,ses-2mo,50,Right-Caudate,MI,0.00047554095681134526
sub-938316,ses-2mo,50,Right-Caudate,NMI,0.20830510115975984
sub-938316,ses-2mo,31,Left-choroid-plexus,Dice,0.0
sub-938316,ses-2mo,31,Left-choroid-plexus,IoU,0.0
sub-938316,ses-2mo,31,Left-choroid-plexus,Hausdorff,45.19955751995809
sub-938316,ses-2mo,31,Left-choroid-plexus,HD95,41.61542930603027
sub-938316,ses-2mo,31,Left-choroid-plexus,MI,3.8375563863538974e-10
sub-938316,ses-2mo,31,Left-choroid-plexus,NMI,1.6254336732268066e-06
sub-938316,ses-2mo,28,Left-VentralDC,Dice,0.002973977695167286
sub-938316,ses-2mo,28,Left-VentralDC,IoU,0.0014892032762472078
sub-938316,ses-2mo,28,Left-VentralDC,Hausdorff,19.949937343260004
sub-938316,ses-2mo,28,Left-VentralDC,HD95,16.232661724090576
sub-938316,ses-2mo,28,Left-VentralDC,MI,1.070250035449217e-06
sub-938316,ses-2mo,28,Left-VentralDC,NMI,0.0006023698099285477
sub-938316,ses-2mo,15,4th-Ventricle,Dice,0.0
sub-938316,ses-2mo,15,4th-Ventricle,IoU,0.0
sub-938316,ses-2mo,15,4th-Ventricle,Hausdorff,32.449961479175904
sub-938316,ses-2mo,15,4th-Ventricle,HD95,28.301942825317383
sub-938316,ses-2mo,15,4th-Ventricle,MI,1.5210859193785873e-08
sub-938316,ses-2mo,15,4th-Ventricle,NMI,1.1024332318034754e-05
sub-938316,ses-2mo,2,Left-Cerebral-White-Matter,Dice,0.5331722236906695
sub-938316,ses-2mo,2,Left-Cerebral-White-Matter,IoU,0.36348658806569534
sub-938316,ses-2mo,2,Left-Cerebral-White-Matter,Hausdorff,29.765752132274432
sub-938316,ses-2mo,2,Left-Cerebral-White-Matter,HD95,11.224971771240234
sub-938316,ses-2mo,2,Left-Cerebral-White-Matter,MI,0.03480113974404341
sub-938316,ses-2mo,2,Left-Cerebral-White-Matter,NMI,0.35696730304528124
sub-938316,ses-2mo,41,Right-Cerebral-White-Matter,Dice,0.5502754359393639
sub-938316,ses-2mo,41,Right-Cerebral-White-Matter,IoU,0.3795724026349243
sub-938316,ses-2mo,41,Right-Cerebral-White-Matter,Hausdorff,49.60846701924985
sub-938316,ses-2mo,41,Right-Cerebral-White-Matter,HD95,10.049875259399414
sub-938316,ses-2mo,41,Right-Cerebral-White-Matter,MI,0.03703418222573998
sub-938316,ses-2mo,41,Right-Cerebral-White-Matter,NMI,0.37232629462721817
sub-938316,ses-2mo,14,3rd-Ventricle,Dice,0.07585470085470085
sub-938316,ses-2mo,14,3rd-Ventricle,IoU,0.039422543031649084
sub-938316,ses-2mo,14,3rd-Ventricle,Hausdorff,11.74734012447073
sub-938316,ses-2mo,14,3rd-Ventricle,HD95,9.05538558959961
sub-938316,ses-2mo,14,3rd-Ventricle,MI,5.521994282679922e-05
sub-938316,ses-2mo,14,3rd-Ventricle,NMI,0.043123799375721805
sub-938316,ses-2mo,63,Right-choroid-plexus,Dice,0.0
sub-938316,ses-2mo,63,Right-choroid-plexus,IoU,0.0
sub-938316,ses-2mo,63,Right-choroid-plexus,Hausdorff,44.04543109109048
sub-938316,ses-2mo,63,Right-choroid-plexus,HD95,38.77234554290772
sub-938316,ses-2mo,63,Right-choroid-plexus,MI,8.176942554999475e-10
sub-938316,ses-2mo,63,Right-choroid-plexus,NMI,2.48469328648339e-06
sub-938316,ses-2mo,26,Left-Accumbens-area,Dice,0.0
sub-938316,ses-2mo,26,Left-Accumbens-area,IoU,0.0
sub-938316,ses-2mo,26,Left-Accumbens-area,Hausdorff,13.45362404707371
sub-938316,ses-2mo,26,Left-Accumbens-area,HD95,12.041594505310059
sub-938316,ses-2mo,26,Left-Accumbens-area,MI,1.370968228129937e-09
sub-938316,ses-2mo,26,Left-Accumbens-area,NMI,3.2584903978455693e-06
sub-938316,ses-2mo,46,Right-Cerebellum-White-Matter,Dice,0.0
sub-938316,ses-2mo,46,Right-Cerebellum-White-Matter,IoU,0.0
sub-938316,ses-2mo,46,Right-Cerebellum-White-Matter,Hausdorff,35.832945734337834
sub-938316,ses-2mo,46,Right-Cerebellum-White-Matter,HD95,29.974987983703613
sub-938316,ses-2mo,46,Right-Cerebellum-White-Matter,MI,4.201873845365977e-07
sub-938316,ses-2mo,46,Right-Cerebellum-White-Matter,NMI,6.45278449382459e-05
sub-938316,ses-2mo,7,Left-Cerebellum-White-Matter,Dice,0.00045682960255824577
sub-938316,ses-2mo,7,Left-Cerebellum-White-Matter,IoU,0.0002284669865204478
sub-938316,ses-2mo,7,Left-Cerebellum-White-Matter,Hausdorff,34.539832078341085
sub-938316,ses-2mo,7,Left-Cerebellum-White-Matter,HD95,29.086078643798828
sub-938316,ses-2mo,7,Left-Cerebellum-White-Matter,MI,1.1078875153182004e-08
sub-938316,ses-2mo,7,Left-Cerebellum-White-Matter,NMI,1.5614323160337681e-06
sub-198549,ses-4mo,51,Right-Putamen,Dice,0.4370065606582898
sub-198549,ses-4mo,51,Right-Putamen,IoU,0.27959590210586227
sub-198549,ses-4mo,51,Right-Putamen,Hausdorff,17.916472867168917
sub-198549,ses-4mo,51,Right-Putamen,HD95,10.29563045501709
sub-198549,ses-4mo,51,Right-Putamen,MI,0.0016841492259241013
sub-198549,ses-4mo,51,Right-Putamen,NMI,0.32389168771148674
sub-198549,ses-4mo,42,Right-Cerebral-Cortex,Dice,0.2594477827641287
sub-198549,ses-4mo,42,Right-Cerebral-Cortex,IoU,0.14906061432397094
sub-198549,ses-4mo,42,Right-Cerebral-Cortex,Hausdorff,35.6931365951495
sub-198549,ses-4mo,42,Right-Cerebral-Cortex,HD95,15.81138801574707
sub-198549,ses-4mo,42,Right-Cerebral-Cortex,MI,0.010540729760200679
sub-198549,ses-4mo,42,Right-Cerebral-Cortex,NMI,0.0972346652144682
sub-198549,ses-4mo,43,Right-Lateral-Ventricle,Dice,0.5045158053186152
sub-198549,ses-4mo,43,Right-Lateral-Ventricle,IoU,0.3373595034390203
sub-198549,ses-4mo,43,Right-Lateral-Ventricle,Hausdorff,21.95449840010015
sub-198549,ses-4mo,43,Right-Lateral-Ventricle,HD95,14.142135620117188
sub-198549,ses-4mo,43,Right-Lateral-Ventricle,MI,0.0032747877003411687
sub-198549,ses-4mo,43,Right-Lateral-Ventricle,NMI,0.38140875019836606
sub-198549,ses-4mo,5,Left-Inf-Lat-Vent,Dice,0.0
sub-198549,ses-4mo,5,Left-Inf-Lat-Vent,IoU,0.0
sub-198549,ses-4mo,5,Left-Inf-Lat-Vent,Hausdorff,27.80287754891569
sub-198549,ses-4mo,5,Left-Inf-Lat-Vent,HD95,22.877922058105465
sub-198549,ses-4mo,5,Left-Inf-Lat-Vent,MI,5.696577874561917e-09
sub-198549,ses-4mo,5,Left-Inf-Lat-Vent,NMI,7.194029166428815e-06
sub-198549,ses-4mo,58,Right-Accumbens-area,Dice,0.0
sub-198549,ses-4mo,58,Right-Accumbens-area,IoU,0.0
sub-198549,ses-4mo,58,Right-Accumbens-area,Hausdorff,13.45362404707371
sub-198549,ses-4mo,58,Right-Accumbens-area,HD95,10.672385025024413
sub-198549,ses-4mo,58,Right-Accumbens-area,MI,1.6540111612289724e-09
sub-198549,ses-4mo,58,Right-Accumbens-area,NMI,3.5153905031684298e-06
sub-198549,ses-4mo,17,Left-Hippocampus,Dice,0.0
sub-198549,ses-4mo,17,Left-Hippocampus,IoU,0.0
sub-198549,ses-4mo,17,Left-Hippocampus,Hausdorff,26.38181191654584
sub-198549,ses-4mo,17,Left-Hippocampus,HD95,21.23676109313965
sub-198549,ses-4mo,17,Left-Hippocampus,MI,1.1886235715434165e-07
sub-198549,ses-4mo,17,Left-Hippocampus,NMI,3.696429250872781e-05
sub-198549,ses-4mo,53,Right-Hippocampus,Dice,0.0
sub-198549,ses-4mo,53,Right-Hippocampus,IoU,0.0
sub-198549,ses-4mo,53,Right-Hippocampus,Hausdorff,23.790754506740637
sub-198549,ses-4mo,53,Right-Hippocampus,HD95,18.0
sub-198549,ses-4mo,53,Right-Hippocampus,MI,1.1298049510700958e-07
sub-198549,ses-4mo,53,Right-Hippocampus,NMI,3.6195677634502955e-05
sub-198549,ses-4mo,10,Left-Thalamus,Dice,0.4277370590929913
sub-198549,ses-4mo,10,Left-Thalamus,IoU,0.27205186102410955
sub-198549,ses-4mo,10,Left-Thalamus,Hausdorff,17.72004514666935
sub-198549,ses-4mo,10,Left-Thalamus,HD95,13.25894012451169
sub-198549,ses-4mo,10,Left-Thalamus,MI,0.0027862479107766897
sub-198549,ses-4mo,10,Left-Thalamus,NMI,0.29869387735827047
sub-198549,ses-4mo,12,Left-Putamen,Dice,0.35432429286462575
sub-198549,ses-4mo,12,Left-Putamen,IoU,0.21530626679869855
sub-198549,ses-4mo,12,Left-Putamen,Hausdorff,19.467922333931785
sub-198549,ses-4mo,12,Left-Putamen,HD95,12.12435531616211
sub-198549,ses-4mo,12,Left-Putamen,MI,0.0012585179930334656
sub-198549,ses-4mo,12,Left-Putamen,NMI,0.25263480635746666
sub-198549,ses-4mo,52,Right-Pallidum,Dice,0.129172084958821
sub-198549,ses-4mo,52,Right-Pallidum,IoU,0.0690454124189064
sub-198549,ses-4mo,52,Right-Pallidum,Hausdorff,11.045361017187261
sub-198549,ses-4mo,52,Right-Pallidum,HD95,9.433980941772461
sub-198549,ses-4mo,52,Right-Pallidum,MI,0.00012051006241173165
sub-198549,ses-4mo,52,Right-Pallidum,NMI,0.07747033146571827
sub-198549,ses-4mo,8,Left-Cerebellum-Cortex,Dice,0.05820324173556659
sub-198549,ses-4mo,8,Left-Cerebellum-Cortex,IoU,0.02997391023949814
sub-198549,ses-4mo,8,Left-Cerebellum-Cortex,Hausdorff,42.485291572496
sub-198549,ses-4mo,8,Left-Cerebellum-Cortex,HD95,31.160873413085938
sub-198549,ses-4mo,8,Left-Cerebellum-Cortex,MI,0.0004689974647690545
sub-198549,ses-4mo,8,Left-Cerebellum-Cortex,NMI,0.015293405658602106
sub-198549,ses-4mo,11,Left-Caudate,Dice,0.49120772946859903
sub-198549,ses-4mo,11,Left-Caudate,IoU,0.3255635245901639
sub-198549,ses-4mo,11,Left-Caudate,Hausdorff,10.246950765959598
sub-198549,ses-4mo,11,Left-Caudate,HD95,5.74456262588501
sub-198549,ses-4mo,11,Left-Caudate,MI,0.0012087748964433901
sub-198549,ses-4mo,11,Left-Caudate,NMI,0.37805741360961453
sub-198549,ses-4mo,3,Left-Cerebral-Cortex,Dice,0.27944835014312225
sub-198549,ses-4mo,3,Left-Cerebral-Cortex,IoU,0.1624178792693424
sub-198549,ses-4mo,3,Left-Cerebral-Cortex,Hausdorff,34.88552708502482
sub-198549,ses-4mo,3,Left-Cerebral-Cortex,HD95,14.491376876831055
sub-198549,ses-4mo,3,Left-Cerebral-Cortex,MI,0.012160051605973284
sub-198549,ses-4mo,3,Left-Cerebral-Cortex,NMI,0.10878593784859815
sub-198549,ses-4mo,4,Left-Lateral-Ventricle,Dice,0.4788548271128832
sub-198549,ses-4mo,4,Left-Lateral-Ventricle,IoU,0.31479889996562394
sub-198549,ses-4mo,4,Left-Lateral-Ventricle,Hausdorff,25.553864678361276
sub-198549,ses-4mo,4,Left-Lateral-Ventricle,HD95,15.524174690246582
sub-198549,ses-4mo,4,Left-Lateral-Ventricle,MI,0.002987661585219197
sub-198549,ses-4mo,4,Left-Lateral-Ventricle,NMI,0.36141554977722884
sub-198549,ses-4mo,18,Left-Amygdala,Dice,0.0
sub-198549,ses-4mo,18,Left-Amygdala,IoU,0.0
sub-198549,ses-4mo,18,Left-Amygdala,Hausdorff,26.627053911388696
sub-198549,ses-4mo,18,Left-Amygdala,HD95,24.83948516845703
sub-198549,ses-4mo,18,Left-Amygdala,MI,2.2227688493731308e-08
sub-198549,ses-4mo,18,Left-Amygdala,NMI,1.438590408114158e-05
sub-198549,ses-4mo,44,Right-Inf-Lat-Vent,Dice,0.002183406113537118
sub-198549,ses-4mo,44,Right-Inf-Lat-Vent,IoU,0.001092896174863388
sub-198549,ses-4mo,44,Right-Inf-Lat-Vent,Hausdorff,28.442925306655784
sub-198549,ses-4mo,44,Right-Inf-Lat-Vent,HD95,23.168910408020015
sub-198549,ses-4mo,44,Right-Inf-Lat-Vent,MI,3.5697253282903225e-07
sub-198549,ses-4mo,44,Right-Inf-Lat-Vent,NMI,0.0005278936159593779
sub-198549,ses-4mo,47,Right-Cerebellum-Cortex,Dice,0.03130225599202042
sub-198549,ses-4mo,47,Right-Cerebellum-Cortex,IoU,0.015899980627952375
sub-198549,ses-4mo,47,Right-Cerebellum-Cortex,Hausdorff,40.718546143004666
sub-198549,ses-4mo,47,Right-Cerebellum-Cortex,HD95,30.282007217407227
sub-198549,ses-4mo,47,Right-Cerebellum-Cortex,MI,0.00016310940071430618
sub-198549,ses-4mo,47,Right-Cerebellum-Cortex,NMI,0.005456920670917117
sub-198549,ses-4mo,13,Left-Pallidum,Dice,0.06266924564796905
sub-198549,ses-4mo,13,Left-Pallidum,IoU,0.032348242811501594
sub-198549,ses-4mo,13,Left-Pallidum,Hausdorff,13.2664991614216
sub-198549,ses-4mo,13,Left-Pallidum,HD95,11.213813781738281
sub-198549,ses-4mo,13,Left-Pallidum,MI,5.5281468097278754e-05
sub-198549,ses-4mo,13,Left-Pallidum,NMI,0.03208347103126743
sub-198549,ses-4mo,60,Right-VentralDC,Dice,0.0
sub-198549,ses-4mo,60,Right-VentralDC,IoU,0.0
sub-198549,ses-4mo,60,Right-VentralDC,Hausdorff,23.108440016582687
sub-198549,ses-4mo,60,Right-VentralDC,HD95,19.686285686492912
sub-198549,ses-4mo,60,Right-VentralDC,MI,6.017217572557715e-08
sub-198549,ses-4mo,60,Right-VentralDC,NMI,2.2550853055364295e-05
sub-198549,ses-4mo,49,Right-Thalamus,Dice,0.3756215733775341
sub-198549,ses-4mo,49,Right-Thalamus,IoU,0.23124018838304553
sub-198549,ses-4mo,49,Right-Thalamus,Hausdorff,23.194827009486403
sub-198549,ses-4mo,49,Right-Thalamus,HD95,14.491376876831055
sub-198549,ses-4mo,49,Right-Thalamus,MI,0.0021589019392885796
sub-198549,ses-4mo,49,Right-Thalamus,NMI,0.25414039778109343
sub-198549,ses-4mo,54,Right-Amygdala,Dice,0.0
sub-198549,ses-4mo,54,Right-Amygdala,IoU,0.0
sub-198549,ses-4mo,54,Right-Amygdala,Hausdorff,24.166091947189145
sub-198549,ses-4mo,54,Right-Amygdala,HD95,20.89735698699951
sub-198549,ses-4mo,54,Right-Amygdala,MI,2.4332347014870137e-08
sub-198549,ses-4mo,54,Right-Amygdala,NMI,1.5298754694630603e-05
sub-198549,ses-4mo,16,Brain-Stem,Dice,0.13745607870695714
sub-198549,ses-4mo,16,Brain-Stem,IoU,0.0738001811047389
sub-198549,ses-4mo,16,Brain-Stem,Hausdorff,44.86646854834911
sub-198549,ses-4mo,16,Brain-Stem,HD95,37.38983917236328
sub-198549,ses-4mo,16,Brain-Stem,MI,0.0009294561205379138
sub-198549,ses-4mo,16,Brain-Stem,NMI,0.06537345208289697
sub-198549,ses-4mo,50,Right-Caudate,Dice,0.579688379951192
sub-198549,ses-4mo,50,Right-Caudate,IoU,0.40814168649220195
sub-198549,ses-4mo,50,Right-Caudate,Hausdorff,49.61854492022111
sub-198549,ses-4mo,50,Right-Caudate,HD95,34.48188018798828
sub-198549,ses-4mo,50,Right-Caudate,MI,0.0015210755040999647
sub-198549,ses-4mo,50,Right-Caudate,NMI,0.4632099022431696
sub-198549,ses-4mo,31,Left-choroid-plexus,Dice,0.0
sub-198549,ses-4mo,31,Left-choroid-plexus,IoU,0.0
sub-198549,ses-4mo,31,Left-choroid-plexus,Hausdorff,63.4428877022476
sub-198549,ses-4mo,31,Left-choroid-plexus,HD95,35.71125679016114
sub-198549,ses-4mo,31,Left-choroid-plexus,MI,3.3830709227403687e-10
sub-198549,ses-4mo,31,Left-choroid-plexus,NMI,1.3146833625417247e-06
sub-198549,ses-4mo,28,Left-VentralDC,Dice,0.0
sub-198549,ses-4mo,28,Left-VentralDC,IoU,0.0
sub-198549,ses-4mo,28,Left-VentralDC,Hausdorff,24.186773244895647
sub-198549,ses-4mo,28,Left-VentralDC,HD95,19.67231559753418
sub-198549,ses-4mo,28,Left-VentralDC,MI,5.048394482532262e-08
sub-198549,ses-4mo,28,Left-VentralDC,NMI,2.00428355915543e-05
sub-198549,ses-4mo,15,4th-Ventricle,Dice,0.0
sub-198549,ses-4mo,15,4th-Ventricle,IoU,0.0
sub-198549,ses-4mo,15,4th-Ventricle,Hausdorff,45.617978911828175
sub-198549,ses-4mo,15,4th-Ventricle,HD95,37.2478141784668
sub-198549,ses-4mo,15,4th-Ventricle,MI,3.5208196499708546e-08
sub-198549,ses-4mo,15,4th-Ventricle,NMI,1.828158365593661e-05
sub-198549,ses-4mo,2,Left-Cerebral-White-Matter,Dice,0.5838937055594586
sub-198549,ses-4mo,2,Left-Cerebral-White-Matter,IoU,0.41232336008374043
sub-198549,ses-4mo,2,Left-Cerebral-White-Matter,Hausdorff,38.27531841800928
sub-198549,ses-4mo,2,Left-Cerebral-White-Matter,HD95,11.090536117553711
sub-198549,ses-4mo,2,Left-Cerebral-White-Matter,MI,0.04792055606599452
sub-198549,ses-4mo,2,Left-Cerebral-White-Matter,NMI,0.3906174364480487
sub-198549,ses-4mo,41,Right-Cerebral-White-Matter,Dice,0.5855607215919658
sub-198549,ses-4mo,41,Right-Cerebral-White-Matter,IoU,0.4139878823578912
sub-198549,ses-4mo,41,Right-Cerebral-White-Matter,Hausdorff,34.49637662132068
sub-198549,ses-4mo,41,Right-Cerebral-White-Matter,HD95,10.24695110321045
sub-198549,ses-4mo,41,Right-Cerebral-White-Matter,MI,0.0490874366599266
sub-198549,ses-4mo,41,Right-Cerebral-White-Matter,NMI,0.38851211776206274
sub-198549,ses-4mo,14,3rd-Ventricle,Dice,0.09927741124725102
sub-198549,ses-4mo,14,3rd-Ventricle,IoU,0.05223140495867769
sub-198549,ses-4mo,14,3rd-Ventricle,Hausdorff,14.89966442575134
sub-198549,ses-4mo,14,3rd-Ventricle,HD95,11.661903381347656
sub-198549,ses-4mo,14,3rd-Ventricle,MI,0.0001246878034019688
sub-198549,ses-4mo,14,3rd-Ventricle,NMI,0.06125695125137241
sub-198549,ses-4mo,63,Right-choroid-plexus,Dice,0.0
sub-198549,ses-4mo,63,Right-choroid-plexus,IoU,0.0
sub-198549,ses-4mo,63,Right-choroid-plexus,Hausdorff,43.64630568559039
sub-198549,ses-4mo,63,Right-choroid-plexus,HD95,39.54868698120117
sub-198549,ses-4mo,63,Right-choroid-plexus,MI,6.996288621344596e-10
sub-198549,ses-4mo,63,Right-choroid-plexus,NMI,2.1017158932784833e-06
sub-198549,ses-4mo,26,Left-Accumbens-area,Dice,0.0
sub-198549,ses-4mo,26,Left-Accumbens-area,IoU,0.0
sub-198549,ses-4mo,26,Left-Accumbens-area,Hausdorff,15.264337522473747
sub-198549,ses-4mo,26,Left-Accumbens-area,HD95,12.806248664855957
sub-198549,ses-4mo,26,Left-Accumbens-area,MI,3.1474086041556127e-09
sub-198549,ses-4mo,26,Left-Accumbens-area,NMI,5.190987022913259e-06
sub-198549,ses-4mo,46,Right-Cerebellum-White-Matter,Dice,0.0
sub-198549,ses-4mo,46,Right-Cerebellum-White-Matter,IoU,0.0
sub-198549,ses-4mo,46,Right-Cerebellum-White-Matter,Hausdorff,42.2965719651132
sub-198549,ses-4mo,46,Right-Cerebellum-White-Matter,HD95,31.796226501464844
sub-198549,ses-4mo,46,Right-Cerebellum-White-Matter,MI,1.5240744900488212e-06
sub-198549,ses-4mo,46,Right-Cerebellum-White-Matter,NMI,0.0001569900146085403
sub-198549,ses-4mo,7,Left-Cerebellum-White-Matter,Dice,0.0
sub-198549,ses-4mo,7,Left-Cerebellum-White-Matter,IoU,0.0
sub-198549,ses-4mo,7,Left-Cerebellum-White-Matter,Hausdorff,46.87216658103186
sub-198549,ses-4mo,7,Left-Cerebellum-White-Matter,HD95,34.481876373291016
sub-198549,ses-4mo,7,Left-Cerebellum-White-Matter,MI,1.5907012749197431e-06
sub-198549,ses-4mo,7,Left-Cerebellum-White-Matter,NMI,0.00015927963040988688
sub-406768,ses-6mo,51,Right-Putamen,Dice,0.6335986046004579
sub-406768,ses-6mo,51,Right-Putamen,IoU,0.4636987394287538
sub-406768,ses-6mo,51,Right-Putamen,Hausdorff,9.486832980505138
sub-406768,ses-6mo,51,Right-Putamen,HD95,5.385164737701416
sub-406768,ses-6mo,51,Right-Putamen,MI,0.002768978810960901
sub-406768,ses-6mo,51,Right-Putamen,NMI,0.5228249788962316
sub-406768,ses-6mo,42,Right-Cerebral-Cortex,Dice,0.41007566885866137
sub-406768,ses-6mo,42,Right-Cerebral-Cortex,IoU,0.25792150030453687
sub-406768,ses-6mo,42,Right-Cerebral-Cortex,Hausdorff,93.4826187052973
sub-406768,ses-6mo,42,Right-Cerebral-Cortex,HD95,4.690415859222412
sub-406768,ses-6mo,42,Right-Cerebral-Cortex,MI,0.02331890509701781
sub-406768,ses-6mo,42,Right-Cerebral-Cortex,NMI,0.20202593759203075
sub-406768,ses-6mo,43,Right-Lateral-Ventricle,Dice,0.7335396971471597
sub-406768,ses-6mo,43,Right-Lateral-Ventricle,IoU,0.5792046505482891
sub-406768,ses-6mo,43,Right-Lateral-Ventricle,Hausdorff,8.602325267042627
sub-406768,ses-6mo,43,Right-Lateral-Ventricle,HD95,3.0
sub-406768,ses-6mo,43,Right-Lateral-Ventricle,MI,0.004317413003133706
sub-406768,ses-6mo,43,Right-Lateral-Ventricle,NMI,0.6466369482743343
sub-406768,ses-6mo,85,Optic-Chiasm,Dice,0.0
sub-406768,ses-6mo,85,Optic-Chiasm,IoU,0.0
sub-406768,ses-6mo,85,Optic-Chiasm,Hausdorff,15.905973720586866
sub-406768,ses-6mo,85,Optic-Chiasm,HD95,10.672385025024413
sub-406768,ses-6mo,85,Optic-Chiasm,MI,2.6696804751881443e-11
sub-406768,ses-6mo,85,Optic-Chiasm,NMI,2.973296282531282e-07
sub-406768,ses-6mo,62,Right-vessel,Dice,0.6067415730337079
sub-406768,ses-6mo,62,Right-vessel,IoU,0.43548387096774194
sub-406768,ses-6mo,62,Right-vessel,Hausdorff,2.23606797749979
sub-406768,ses-6mo,62,Right-vessel,HD95,1.4142135381698608
sub-406768,ses-6mo,62,Right-vessel,MI,4.257544947616308e-05
sub-406768,ses-6mo,62,Right-vessel,NMI,0.532314893220201
sub-406768,ses-6mo,5,Left-Inf-Lat-Vent,Dice,0.5650406504065041
sub-406768,ses-6mo,5,Left-Inf-Lat-Vent,IoU,0.3937677053824363
sub-406768,ses-6mo,5,Left-Inf-Lat-Vent,Hausdorff,7.3484692283495345
sub-406768,ses-6mo,5,Left-Inf-Lat-Vent,HD95,3.0
sub-406768,ses-6mo,5,Left-Inf-Lat-Vent,MI,0.00018177561948271378
sub-406768,ses-6mo,5,Left-Inf-Lat-Vent,NMI,0.472810052144433
sub-406768,ses-6mo,58,Right-Accumbens-area,Dice,0.07003089598352215
sub-406768,ses-6mo,58,Right-Accumbens-area,IoU,0.03628601921024546
sub-406768,ses-6mo,58,Right-Accumbens-area,Hausdorff,8.54400374531753
sub-406768,ses-6mo,58,Right-Accumbens-area,HD95,6.2604988098144565
sub-406768,ses-6mo,58,Right-Accumbens-area,MI,2.8350637182091064e-05
sub-406768,ses-6mo,58,Right-Accumbens-area,NMI,0.03975308322924884
sub-406768,ses-6mo,17,Left-Hippocampus,Dice,0.5110116383169203
sub-406768,ses-6mo,17,Left-Hippocampus,IoU,0.3431938431938432
sub-406768,ses-6mo,17,Left-Hippocampus,Hausdorff,11.0
sub-406768,ses-6mo,17,Left-Hippocampus,HD95,6.4031243324279785
sub-406768,ses-6mo,17,Left-Hippocampus,MI,0.0013947139314223825
sub-406768,ses-6mo,17,Left-Hippocampus,NMI,0.4095673790758609
sub-406768,ses-6mo,53,Right-Hippocampus,Dice,0.5149990683808459
sub-406768,ses-6mo,53,Right-Hippocampus,IoU,0.34680050188205774
sub-406768,ses-6mo,53,Right-Hippocampus,Hausdorff,10.723805294763608
sub-406768,ses-6mo,53,Right-Hippocampus,HD95,5.665624999999992
sub-406768,ses-6mo,53,Right-Hippocampus,MI,0.001365960288188892
sub-406768,ses-6mo,53,Right-Hippocampus,NMI,0.41573755610387436
sub-406768,ses-6mo,10,Left-Thalamus,Dice,0.8040226485253106
sub-406768,ses-6mo,10,Left-Thalamus,IoU,0.6722724703222159
sub-406768,ses-6mo,10,Left-Thalamus,Hausdorff,5.0
sub-406768,ses-6mo,10,Left-Thalamus,HD95,3.316624879837036
sub-406768,ses-6mo,10,Left-Thalamus,MI,0.004735309658550707
sub-406768,ses-6mo,10,Left-Thalamus,NMI,0.713659199512795
sub-406768,ses-6mo,12,Left-Putamen,Dice,0.6093851835759287
sub-406768,ses-6mo,12,Left-Putamen,IoU,0.4382127792532417
sub-406768,ses-6mo,12,Left-Putamen,Hausdorff,9.899494936611665
sub-406768,ses-6mo,12,Left-Putamen,HD95,5.74456262588501
sub-406768,ses-6mo,12,Left-Putamen,MI,0.0026745378285088247
sub-406768,ses-6mo,12,Left-Putamen,NMI,0.504349689552204
sub-406768,ses-6mo,52,Right-Pallidum,Dice,0.7242837012682011
sub-406768,ses-6mo,52,Right-Pallidum,IoU,0.5677466863033873
sub-406768,ses-6mo,52,Right-Pallidum,Hausdorff,6.324555320336759
sub-406768,ses-6mo,52,Right-Pallidum,HD95,3.316624879837036
sub-406768,ses-6mo,52,Right-Pallidum,MI,0.0009111329390762085
sub-406768,ses-6mo,52,Right-Pallidum,NMI,0.6293854389341826
sub-406768,ses-6mo,8,Left-Cerebellum-Cortex,Dice,0.40287476303601855
sub-406768,ses-6mo,8,Left-Cerebellum-Cortex,IoU,0.25224995116967414
sub-406768,ses-6mo,8,Left-Cerebellum-Cortex,Hausdorff,58.31809324729333
sub-406768,ses-6mo,8,Left-Cerebellum-Cortex,HD95,18.027755737304688
sub-406768,ses-6mo,8,Left-Cerebellum-Cortex,MI,0.00891027007785881
sub-406768,ses-6mo,8,Left-Cerebellum-Cortex,NMI,0.2522797256400045
sub-406768,ses-6mo,11,Left-Caudate,Dice,0.7249222713140239
sub-406768,ses-6mo,11,Left-Caudate,IoU,0.5685318275154004
sub-406768,ses-6mo,11,Left-Caudate,Hausdorff,4.58257569495584
sub-406768,ses-6mo,11,Left-Caudate,HD95,2.2360680103302
sub-406768,ses-6mo,11,Left-Caudate,MI,0.0022997205660432512
sub-406768,ses-6mo,11,Left-Caudate,NMI,0.6201776441529021
sub-406768,ses-6mo,3,Left-Cerebral-Cortex,Dice,0.4246380487159413
sub-406768,ses-6mo,3,Left-Cerebral-Cortex,IoU,0.269549514236918
sub-406768,ses-6mo,3,Left-Cerebral-Cortex,Hausdorff,104.18253212511203
sub-406768,ses-6mo,3,Left-Cerebral-Cortex,HD95,4.582575798034668
sub-406768,ses-6mo,3,Left-Cerebral-Cortex,MI,0.02502568123880808
sub-406768,ses-6mo,3,Left-Cerebral-Cortex,NMI,0.21330218403674092
sub-406768,ses-6mo,77,WM-hypointensities,Dice,0.009025270758122744
sub-406768,ses-6mo,77,WM-hypointensities,IoU,0.004533091568449683
sub-406768,ses-6mo,77,WM-hypointensities,Hausdorff,84.52218643646175
sub-406768,ses-6mo,77,WM-hypointensities,HD95,73.28881034851074
sub-406768,ses-6mo,77,WM-hypointensities,MI,5.129045140048e-06
sub-406768,ses-6mo,77,WM-hypointensities,NMI,0.006798510083614542
sub-406768,ses-6mo,4,Left-Lateral-Ventricle,Dice,0.6566334799722158
sub-406768,ses-6mo,4,Left-Lateral-Ventricle,IoU,0.48879696656325405
sub-406768,ses-6mo,4,Left-Lateral-Ventricle,Hausdorff,16.911534525287763
sub-406768,ses-6mo,4,Left-Lateral-Ventricle,HD95,4.582575798034668
sub-406768,ses-6mo,4,Left-Lateral-Ventricle,MI,0.004031185622311704
sub-406768,ses-6mo,4,Left-Lateral-Ventricle,NMI,0.5639360488050799
sub-406768,ses-6mo,18,Left-Amygdala,Dice,0.43365384615384617
sub-406768,ses-6mo,18,Left-Amygdala,IoU,0.2768569674647023
sub-406768,ses-6mo,18,Left-Amygdala,Hausdorff,11.40175425099138
sub-406768,ses-6mo,18,Left-Amygdala,HD95,8.485280990600586
sub-406768,ses-6mo,18,Left-Amygdala,MI,0.0004719643954613695
sub-406768,ses-6mo,18,Left-Amygdala,NMI,0.3331415888679373
sub-406768,ses-6mo,44,Right-Inf-Lat-Vent,Dice,0.2978723404255319
sub-406768,ses-6mo,44,Right-Inf-Lat-Vent,IoU,0.175
sub-406768,ses-6mo,44,Right-Inf-Lat-Vent,Hausdorff,12.68857754044952
sub-406768,ses-6mo,44,Right-Inf-Lat-Vent,HD95,8.062257766723633
sub-406768,ses-6mo,44,Right-Inf-Lat-Vent,MI,8.994788092441998e-05
sub-406768,ses-6mo,44,Right-Inf-Lat-Vent,NMI,0.22410715640284615
sub-406768,ses-6mo,47,Right-Cerebellum-Cortex,Dice,0.42612094624478525
sub-406768,ses-6mo,47,Right-Cerebellum-Cortex,IoU,0.27074567466164384
sub-406768,ses-6mo,47,Right-Cerebellum-Cortex,Hausdorff,22.293496809607955
sub-406768,ses-6mo,47,Right-Cerebellum-Cortex,HD95,17.52141571044922
sub-406768,ses-6mo,47,Right-Cerebellum-Cortex,MI,0.009635260751593615
sub-406768,ses-6mo,47,Right-Cerebellum-Cortex,NMI,0.2717462332994617
sub-406768,ses-6mo,13,Left-Pallidum,Dice,0.7084354217710885
sub-406768,ses-6mo,13,Left-Pallidum,IoU,0.548509485094851
sub-406768,ses-6mo,13,Left-Pallidum,Hausdorff,4.47213595499958
sub-406768,ses-6mo,13,Left-Pallidum,HD95,3.0
sub-406768,ses-6mo,13,Left-Pallidum,MI,0.0011602267437058153
sub-406768,ses-6mo,13,Left-Pallidum,NMI,0.6164962115081539
sub-406768,ses-6mo,60,Right-VentralDC,Dice,0.7523328149300156
sub-406768,ses-6mo,60,Right-VentralDC,IoU,0.602991586163914
sub-406768,ses-6mo,60,Right-VentralDC,Hausdorff,5.0990195135927845
sub-406768,ses-6mo,60,Right-VentralDC,HD95,2.8284270763397217
sub-406768,ses-6mo,60,Right-VentralDC,MI,0.0020741478200257835
sub-406768,ses-6mo,60,Right-VentralDC,NMI,0.6514164216120772
sub-406768,ses-6mo,49,Right-Thalamus,Dice,0.8136565024758926
sub-406768,ses-6mo,49,Right-Thalamus,IoU,0.6858523725834798
sub-406768,ses-6mo,49,Right-Thalamus,Hausdorff,3.605551275463989
sub-406768,ses-6mo,49,Right-Thalamus,HD95,2.2360680103302
sub-406768,ses-6mo,49,Right-Thalamus,MI,0.0047563123899635445
sub-406768,ses-6mo,49,Right-Thalamus,NMI,0.7348181006989748
sub-406768,ses-6mo,54,Right-Amygdala,Dice,0.4307974335472044
sub-406768,ses-6mo,54,Right-Amygdala,IoU,0.27453271028037385
sub-406768,ses-6mo,54,Right-Amygdala,Hausdorff,11.224972160321824
sub-406768,ses-6mo,54,Right-Amygdala,HD95,8.366600036621094
sub-406768,ses-6mo,54,Right-Amygdala,MI,0.0004924738132576248
sub-406768,ses-6mo,54,Right-Amygdala,NMI,0.33361329306433823
sub-406768,ses-6mo,24,CSF,Dice,0.002738968611931664
sub-406768,ses-6mo,24,CSF,IoU,0.0013713623652027694
sub-406768,ses-6mo,24,CSF,Hausdorff,80.87026647662292
sub-406768,ses-6mo,24,CSF,HD95,68.818603515625
sub-406768,ses-6mo,24,CSF,MI,0.0001144154246602722
sub-406768,ses-6mo,24,CSF,NMI,0.001082057717902127
sub-406768,ses-6mo,16,Brain-Stem,Dice,0.8368062719207757
sub-406768,ses-6mo,16,Brain-Stem,IoU,0.7194040439872296
sub-406768,ses-6mo,16,Brain-Stem,Hausdorff,13.19090595827292
sub-406768,ses-6mo,16,Brain-Stem,HD95,6.164413928985596
sub-406768,ses-6mo,16,Brain-Stem,MI,0.009143783971803186
sub-406768,ses-6mo,16,Brain-Stem,NMI,0.7374731211348186
sub-406768,ses-6mo,50,Right-Caudate,Dice,0.7884646367004995
sub-406768,ses-6mo,50,Right-Caudate,IoU,0.6507978723404255
sub-406768,ses-6mo,50,Right-Caudate,Hausdorff,4.242640687119285
sub-406768,ses-6mo,50,Right-Caudate,HD95,2.0
sub-406768,ses-6mo,50,Right-Caudate,MI,0.002613437576920848
sub-406768,ses-6mo,50,Right-Caudate,NMI,0.6950424010159455
sub-406768,ses-6mo,30,Left-vessel,Dice,0.35714285714285715
sub-406768,ses-6mo,30,Left-vessel,IoU,0.21739130434782608
sub-406768,ses-6mo,30,Left-vessel,Hausdorff,5.196152422706632
sub-406768,ses-6mo,30,Left-vessel,HD95,4.548582267761228
sub-406768,ses-6mo,30,Left-vessel,MI,2.22129853283854e-05
sub-406768,ses-6mo,30,Left-vessel,NMI,0.29421755662356974
sub-406768,ses-6mo,31,Left-choroid-plexus,Dice,0.0681551116333725
sub-406768,ses-6mo,31,Left-choroid-plexus,IoU,0.03527980535279805
sub-406768,ses-6mo,31,Left-choroid-plexus,Hausdorff,21.0
sub-406768,ses-6mo,31,Left-choroid-plexus,HD95,10.085897970199552
sub-406768,ses-6mo,31,Left-choroid-plexus,MI,2.4605451022378e-05
sub-406768,ses-6mo,31,Left-choroid-plexus,NMI,0.038887955397690355
sub-406768,ses-6mo,28,Left-VentralDC,Dice,0.7346616689682383
sub-406768,ses-6mo,28,Left-VentralDC,IoU,0.5806049267227938
sub-406768,ses-6mo,28,Left-VentralDC,Hausdorff,5.385164807134504
sub-406768,ses-6mo,28,Left-VentralDC,HD95,2.4494898319244385
sub-406768,ses-6mo,28,Left-VentralDC,MI,0.0019825047328110015
sub-406768,ses-6mo,28,Left-VentralDC,NMI,0.6307809613925678
sub-406768,ses-6mo,15,4th-Ventricle,Dice,0.42166569598136283
sub-406768,ses-6mo,15,4th-Ventricle,IoU,0.26715867158671586
sub-406768,ses-6mo,15,4th-Ventricle,Hausdorff,21.494185260204677
sub-406768,ses-6mo,15,4th-Ventricle,HD95,16.768998336791988
sub-406768,ses-6mo,15,4th-Ventricle,MI,0.00040456845247119187
sub-406768,ses-6mo,15,4th-Ventricle,NMI,0.3422926895416037
sub-406768,ses-6mo,2,Left-Cerebral-White-Matter,Dice,0.6173727719966688
sub-406768,ses-6mo,2,Left-Cerebral-White-Matter,IoU,0.4465214914711497
sub-406768,ses-6mo,2,Left-Cerebral-White-Matter,Hausdorff,60.024994793835674
sub-406768,ses-6mo,2,Left-Cerebral-White-Matter,HD95,3.0
sub-406768,ses-6mo,2,Left-Cerebral-White-Matter,MI,0.04973290692729114
sub-406768,ses-6mo,2,Left-Cerebral-White-Matter,NMI,0.4142589603749988
sub-406768,ses-6mo,41,Right-Cerebral-White-Matter,Dice,0.6456806154069
sub-406768,ses-6mo,41,Right-Cerebral-White-Matter,IoU,0.47675653376318783
sub-406768,ses-6mo,41,Right-Cerebral-White-Matter,Hausdorff,29.79932885150268
sub-406768,ses-6mo,41,Right-Cerebral-White-Matter,HD95,3.0
sub-406768,ses-6mo,41,Right-Cerebral-White-Matter,MI,0.05430734686083599
sub-406768,ses-6mo,41,Right-Cerebral-White-Matter,NMI,0.44202754041559955
sub-406768,ses-6mo,14,3rd-Ventricle,Dice,0.6674405107370864
sub-406768,ses-6mo,14,3rd-Ventricle,IoU,0.5008710801393729
sub-406768,ses-6mo,14,3rd-Ventricle,Hausdorff,7.3484692283495345
sub-406768,ses-6mo,14,3rd-Ventricle,HD95,4.0
sub-406768,ses-6mo,14,3rd-Ventricle,MI,0.000683210499263876
sub-406768,ses-6mo,14,3rd-Ventricle,NMI,0.5711707570368304
sub-406768,ses-6mo,63,Right-choroid-plexus,Dice,0.21611001964636542
sub-406768,ses-6mo,63,Right-choroid-plexus,IoU,0.1211453744493392
sub-406768,ses-6mo,63,Right-choroid-plexus,Hausdorff,18.24828759089466
sub-406768,ses-6mo,63,Right-choroid-plexus,HD95,7.543182325363158
sub-406768,ses-6mo,63,Right-choroid-plexus,MI,0.00011062444354443369
sub-406768,ses-6mo,63,Right-choroid-plexus,NMI,0.14861738562968232
sub-406768,ses-6mo,26,Left-Accumbens-area,Dice,0.026776519052523172
sub-406768,ses-6mo,26,Left-Accumbens-area,IoU,0.013569937369519834
sub-406768,ses-6mo,26,Left-Accumbens-area,Hausdorff,9.433981132056603
sub-406768,ses-6mo,26,Left-Accumbens-area,HD95,7.211102485656738
sub-406768,ses-6mo,26,Left-Accumbens-area,MI,9.080084336185358e-06
sub-406768,ses-6mo,26,Left-Accumbens-area,NMI,0.012747739127818104
sub-406768,ses-6mo,46,Right-Cerebellum-White-Matter,Dice,0.22382351310902943
sub-406768,ses-6mo,46,Right-Cerebellum-White-Matter,IoU,0.1260142304331544
sub-406768,ses-6mo,46,Right-Cerebellum-White-Matter,Hausdorff,13.674794331177344
sub-406768,ses-6mo,46,Right-Cerebellum-White-Matter,HD95,7.348469257354736
sub-406768,ses-6mo,46,Right-Cerebellum-White-Matter,MI,0.0012625396225082472
sub-406768,ses-6mo,46,Right-Cerebellum-White-Matter,NMI,0.13204779305291944
sub-406768,ses-6mo,7,Left-Cerebellum-White-Matter,Dice,0.15121419140019518
sub-406768,ses-6mo,7,Left-Cerebellum-White-Matter,IoU,0.08179108185318594
sub-406768,ses-6mo,7,Left-Cerebellum-White-Matter,Hausdorff,12.083045973594572
sub-406768,ses-6mo,7,Left-Cerebellum-White-Matter,HD95,7.280109882354736
sub-406768,ses-6mo,7,Left-Cerebellum-White-Matter,MI,0.0007469529900368478
sub-406768,ses-6mo,7,Left-Cerebellum-White-Matter,NMI,0.08064960796432402
sub-761141,ses-1mo,51,Right-Putamen,Dice,0.005792903692976104
sub-761141,ses-1mo,51,Right-Putamen,IoU,0.002904865649963689
sub-761141,ses-1mo,51,Right-Putamen,Hausdorff,20.8806130178211
sub-761141,ses-1mo,51,Right-Putamen,HD95,16.049914550781246
sub-761141,ses-1mo,51,Right-Putamen,MI,4.965516952758369e-06
sub-761141,ses-1mo,51,Right-Putamen,NMI,0.0010276958158346782
sub-761141,ses-1mo,42,Right-Cerebral-Cortex,Dice,0.20523855258798687
sub-761141,ses-1mo,42,Right-Cerebral-Cortex,IoU,0.11435422400226732
sub-761141,ses-1mo,42,Right-Cerebral-Cortex,Hausdorff,47.843494855622744
sub-761141,ses-1mo,42,Right-Cerebral-Cortex,HD95,21.307275772094727
sub-761141,ses-1mo,42,Right-Cerebral-Cortex,MI,0.006992967582346743
sub-761141,ses-1mo,42,Right-Cerebral-Cortex,NMI,0.06985238922834747
sub-761141,ses-1mo,43,Right-Lateral-Ventricle,Dice,0.023270846800258566
sub-761141,ses-1mo,43,Right-Lateral-Ventricle,IoU,0.011772400261608895
sub-761141,ses-1mo,43,Right-Lateral-Ventricle,Hausdorff,32.264531609803356
sub-761141,ses-1mo,43,Right-Lateral-Ventricle,HD95,18.493242263793945
sub-761141,ses-1mo,43,Right-Lateral-Ventricle,MI,5.9339986279706176e-05
sub-761141,ses-1mo,43,Right-Lateral-Ventricle,NMI,0.007923490699363529
sub-761141,ses-1mo,5,Left-Inf-Lat-Vent,Dice,0.0
sub-761141,ses-1mo,5,Left-Inf-Lat-Vent,IoU,0.0
sub-761141,ses-1mo,5,Left-Inf-Lat-Vent,Hausdorff,43.15089802078283
sub-761141,ses-1mo,5,Left-Inf-Lat-Vent,HD95,37.36575775146484
sub-761141,ses-1mo,5,Left-Inf-Lat-Vent,MI,3.020743214918707e-09
sub-761141,ses-1mo,5,Left-Inf-Lat-Vent,NMI,4.019376954074507e-06
sub-761141,ses-1mo,58,Right-Accumbens-area,Dice,0.0
sub-761141,ses-1mo,58,Right-Accumbens-area,IoU,0.0
sub-761141,ses-1mo,58,Right-Accumbens-area,Hausdorff,32.18695387886216
sub-761141,ses-1mo,58,Right-Accumbens-area,HD95,29.335888671874997
sub-761141,ses-1mo,58,Right-Accumbens-area,MI,4.4827366219523344e-09
sub-761141,ses-1mo,58,Right-Accumbens-area,NMI,5.9647723624619484e-06
sub-761141,ses-1mo,17,Left-Hippocampus,Dice,0.07492931196983978
sub-761141,ses-1mo,17,Left-Hippocampus,IoU,0.03892288861689106
sub-761141,ses-1mo,17,Left-Hippocampus,Hausdorff,39.319206502675
sub-761141,ses-1mo,17,Left-Hippocampus,HD95,34.190643310546875
sub-761141,ses-1mo,17,Left-Hippocampus,MI,0.00010439794487999477
sub-761141,ses-1mo,17,Left-Hippocampus,NMI,0.03913038585900132
sub-761141,ses-1mo,53,Right-Hippocampus,Dice,0.05966162065894924
sub-761141,ses-1mo,53,Right-Hippocampus,IoU,0.03074804956402019
sub-761141,ses-1mo,53,Right-Hippocampus,Hausdorff,38.88444419044716
sub-761141,ses-1mo,53,Right-Hippocampus,HD95,34.46882667541503
sub-761141,ses-1mo,53,Right-Hippocampus,MI,8.332711590873515e-05
sub-761141,ses-1mo,53,Right-Hippocampus,NMI,0.02976559059877081
sub-761141,ses-1mo,10,Left-Thalamus,Dice,0.2570504625103407
sub-761141,ses-1mo,10,Left-Thalamus,IoU,0.14748015188125646
sub-761141,ses-1mo,10,Left-Thalamus,Hausdorff,16.06237840420901
sub-761141,ses-1mo,10,Left-Thalamus,HD95,12.083045959472656
sub-761141,ses-1mo,10,Left-Thalamus,MI,0.0011636620548545413
sub-761141,ses-1mo,10,Left-Thalamus,NMI,0.1581881982227482
sub-761141,ses-1mo,12,Left-Putamen,Dice,0.0026303204208512673
sub-761141,ses-1mo,12,Left-Putamen,IoU,0.0013168921345624327
sub-761141,ses-1mo,12,Left-Putamen,Hausdorff,21.72556098240043
sub-761141,ses-1mo,12,Left-Putamen,HD95,17.669092559814423
sub-761141,ses-1mo,12,Left-Putamen,MI,1.2635317015362993e-06
sub-761141,ses-1mo,12,Left-Putamen,NMI,0.00025983536726149957
sub-761141,ses-1mo,52,Right-Pallidum,Dice,0.0
sub-761141,ses-1mo,52,Right-Pallidum,IoU,0.0
sub-761141,ses-1mo,52,Right-Pallidum,Hausdorff,22.825424421026653
sub-761141,ses-1mo,52,Right-Pallidum,HD95,18.788293838500977
sub-761141,ses-1mo,52,Right-Pallidum,MI,2.4016381268789945e-08
sub-761141,ses-1mo,52,Right-Pallidum,NMI,1.5512412910577884e-05
sub-761141,ses-1mo,8,Left-Cerebellum-Cortex,Dice,0.0
sub-761141,ses-1mo,8,Left-Cerebellum-Cortex,IoU,0.0
sub-761141,ses-1mo,8,Left-Cerebellum-Cortex,Hausdorff,57.79273310719956
sub-761141,ses-1mo,8,Left-Cerebellum-Cortex,HD95,49.699092864990234
sub-761141,ses-1mo,8,Left-Cerebellum-Cortex,MI,1.6750505081097877e-05
sub-761141,ses-1mo,8,Left-Cerebellum-Cortex,NMI,0.000584381002232701
sub-761141,ses-1mo,11,Left-Caudate,Dice,0.015333503705596729
sub-761141,ses-1mo,11,Left-Caudate,IoU,0.007725985063095545
sub-761141,ses-1mo,11,Left-Caudate,Hausdorff,18.466185312619388
sub-761141,ses-1mo,11,Left-Caudate,HD95,15.132745742797852
sub-761141,ses-1mo,11,Left-Caudate,MI,1.2752817858400188e-05
sub-761141,ses-1mo,11,Left-Caudate,NMI,0.0051089407090326045
sub-761141,ses-1mo,3,Left-Cerebral-Cortex,Dice,0.2088799260793029
sub-761141,ses-1mo,3,Left-Cerebral-Cortex,IoU,0.11661972255275564
sub-761141,ses-1mo,3,Left-Cerebral-Cortex,Hausdorff,47.43416490252569
sub-761141,ses-1mo,3,Left-Cerebral-Cortex,HD95,23.0
sub-761141,ses-1mo,3,Left-Cerebral-Cortex,MI,0.007199734860529949
sub-761141,ses-1mo,3,Left-Cerebral-Cortex,NMI,0.07238249025335859
sub-761141,ses-1mo,4,Left-Lateral-Ventricle,Dice,0.024087123638693145
sub-761141,ses-1mo,4,Left-Lateral-Ventricle,IoU,0.01219037738295941
sub-761141,ses-1mo,4,Left-Lateral-Ventricle,Hausdorff,35.81898937714463
sub-761141,ses-1mo,4,Left-Lateral-Ventricle,HD95,22.0
sub-761141,ses-1mo,4,Left-Lateral-Ventricle,MI,6.868504521168517e-05
sub-761141,ses-1mo,4,Left-Lateral-Ventricle,NMI,0.008330488717837705
sub-761141,ses-1mo,18,Left-Amygdala,Dice,0.0
sub-761141,ses-1mo,18,Left-Amygdala,IoU,0.0
sub-761141,ses-1mo,18,Left-Amygdala,Hausdorff,40.33608806019741
sub-761141,ses-1mo,18,Left-Amygdala,HD95,37.860929298400876
sub-761141,ses-1mo,18,Left-Amygdala,MI,1.0443662892497575e-08
sub-761141,ses-1mo,18,Left-Amygdala,NMI,9.964661600286896e-06
sub-761141,ses-1mo,44,Right-Inf-Lat-Vent,Dice,0.0
sub-761141,ses-1mo,44,Right-Inf-Lat-Vent,IoU,0.0
sub-761141,ses-1mo,44,Right-Inf-Lat-Vent,Hausdorff,40.91454509095757
sub-761141,ses-1mo,44,Right-Inf-Lat-Vent,HD95,35.9109992980957
sub-761141,ses-1mo,44,Right-Inf-Lat-Vent,MI,3.5969469010558534e-09
sub-761141,ses-1mo,44,Right-Inf-Lat-Vent,NMI,4.723521955015332e-06
sub-761141,ses-1mo,47,Right-Cerebellum-Cortex,Dice,0.0
sub-761141,ses-1mo,47,Right-Cerebellum-Cortex,IoU,0.0
sub-761141,ses-1mo,47,Right-Cerebellum-Cortex,Hausdorff,56.40921910468182
sub-761141,ses-1mo,47,Right-Cerebellum-Cortex,HD95,48.764739990234375
sub-761141,ses-1mo,47,Right-Cerebellum-Cortex,MI,1.528080523378536e-05
sub-761141,ses-1mo,47,Right-Cerebellum-Cortex,NMI,0.0005530361390978109
sub-761141,ses-1mo,13,Left-Pallidum,Dice,0.0
sub-761141,ses-1mo,13,Left-Pallidum,IoU,0.0
sub-761141,ses-1mo,13,Left-Pallidum,Hausdorff,22.561028345356956
sub-761141,ses-1mo,13,Left-Pallidum,HD95,19.051210212707517
sub-761141,ses-1mo,13,Left-Pallidum,MI,1.5572358470913265e-08
sub-761141,ses-1mo,13,Left-Pallidum,NMI,1.2020333344219017e-05
sub-761141,ses-1mo,60,Right-VentralDC,Dice,0.0
sub-761141,ses-1mo,60,Right-VentralDC,IoU,0.0
sub-761141,ses-1mo,60,Right-VentralDC,Hausdorff,31.32091952673165
sub-761141,ses-1mo,60,Right-VentralDC,HD95,26.17632369995117
sub-761141,ses-1mo,60,Right-VentralDC,MI,1.0203529244418551e-07
sub-761141,ses-1mo,60,Right-VentralDC,NMI,3.0267298701937723e-05
sub-761141,ses-1mo,49,Right-Thalamus,Dice,0.2706518474016221
sub-761141,ses-1mo,49,Right-Thalamus,IoU,0.15650512419663018
sub-761141,ses-1mo,49,Right-Thalamus,Hausdorff,17.578395831246947
sub-761141,ses-1mo,49,Right-Thalamus,HD95,12.041594505310059
sub-761141,ses-1mo,49,Right-Thalamus,MI,0.0012444514851829124
sub-761141,ses-1mo,49,Right-Thalamus,NMI,0.16898595405546715
sub-761141,ses-1mo,54,Right-Amygdala,Dice,0.0
sub-761141,ses-1mo,54,Right-Amygdala,IoU,0.0
sub-761141,ses-1mo,54,Right-Amygdala,Hausdorff,39.91240408695021
sub-761141,ses-1mo,54,Right-Amygdala,HD95,37.00675010681152
sub-761141,ses-1mo,54,Right-Amygdala,MI,1.0929968155049853e-08
sub-761141,ses-1mo,54,Right-Amygdala,NMI,9.879595478252216e-06
sub-761141,ses-1mo,16,Brain-Stem,Dice,0.0
sub-761141,ses-1mo,16,Brain-Stem,IoU,0.0
sub-761141,ses-1mo,16,Brain-Stem,Hausdorff,46.238512086787566
sub-761141,ses-1mo,16,Brain-Stem,HD95,41.43669891357422
sub-761141,ses-1mo,16,Brain-Stem,MI,1.986971886144308e-06
sub-761141,ses-1mo,16,Brain-Stem,NMI,0.00018210327637096957
sub-761141,ses-1mo,50,Right-Caudate,Dice,0.028473503822831533
sub-761141,ses-1mo,50,Right-Caudate,IoU,0.014442364268520995
sub-761141,ses-1mo,50,Right-Caudate,Hausdorff,17.97220075561143
sub-761141,ses-1mo,50,Right-Caudate,HD95,14.73091983795166
sub-761141,ses-1mo,50,Right-Caudate,MI,2.7844778668589703e-05
sub-761141,ses-1mo,50,Right-Caudate,NMI,0.011468406696588648
sub-761141,ses-1mo,31,Left-choroid-plexus,Dice,0.0
sub-761141,ses-1mo,31,Left-choroid-plexus,IoU,0.0
sub-761141,ses-1mo,31,Left-choroid-plexus,Hausdorff,46.400431032480725
sub-761141,ses-1mo,31,Left-choroid-plexus,HD95,38.70141677856445
sub-761141,ses-1mo,31,Left-choroid-plexus,MI,4.787151944410416e-09
sub-761141,ses-1mo,31,Left-choroid-plexus,NMI,6.361264323824038e-06
sub-761141,ses-1mo,28,Left-VentralDC,Dice,0.0
sub-761141,ses-1mo,28,Left-VentralDC,IoU,0.0
sub-761141,ses-1mo,28,Left-VentralDC,Hausdorff,32.49615361854384
sub-761141,ses-1mo,28,Left-VentralDC,HD95,27.459060668945312
sub-761141,ses-1mo,28,Left-VentralDC,MI,8.522380450979271e-08
sub-761141,ses-1mo,28,Left-VentralDC,NMI,2.665737152952694e-05
sub-761141,ses-1mo,15,4th-Ventricle,Dice,0.0
sub-761141,ses-1mo,15,4th-Ventricle,IoU,0.0
sub-761141,ses-1mo,15,4th-Ventricle,Hausdorff,60.00833275470999
sub-761141,ses-1mo,15,4th-Ventricle,HD95,53.83492546081543
sub-761141,ses-1mo,15,4th-Ventricle,MI,9.985023026503129e-09
sub-761141,ses-1mo,15,4th-Ventricle,NMI,9.775817737159207e-06
sub-761141,ses-1mo,2,Left-Cerebral-White-Matter,Dice,0.4575838591718128
sub-761141,ses-1mo,2,Left-Cerebral-White-Matter,IoU,0.29666692863193006
sub-761141,ses-1mo,2,Left-Cerebral-White-Matter,Hausdorff,48.47679857416329
sub-761141,ses-1mo,2,Left-Cerebral-White-Matter,HD95,21.63330841064453
sub-761141,ses-1mo,2,Left-Cerebral-White-Matter,MI,0.027022547706800563
sub-761141,ses-1mo,2,Left-Cerebral-White-Matter,NMI,0.27262539170388755
sub-761141,ses-1mo,41,Right-Cerebral-White-Matter,Dice,0.45744585422252343
sub-761141,ses-1mo,41,Right-Cerebral-White-Matter,IoU,0.29655092203713995
sub-761141,ses-1mo,41,Right-Cerebral-White-Matter,Hausdorff,48.36320915737499
sub-761141,ses-1mo,41,Right-Cerebral-White-Matter,HD95,22.090721130371094
sub-761141,ses-1mo,41,Right-Cerebral-White-Matter,MI,0.02749327155142666
sub-761141,ses-1mo,41,Right-Cerebral-White-Matter,NMI,0.2747862983721243
sub-761141,ses-1mo,14,3rd-Ventricle,Dice,0.026498422712933754
sub-761141,ses-1mo,14,3rd-Ventricle,IoU,0.013427109974424553
sub-761141,ses-1mo,14,3rd-Ventricle,Hausdorff,30.066592756745816
sub-761141,ses-1mo,14,3rd-Ventricle,HD95,25.01999282836914
sub-761141,ses-1mo,14,3rd-Ventricle,MI,1.3896838247482844e-05
sub-761141,ses-1mo,14,3rd-Ventricle,NMI,0.012661934142076682
sub-761141,ses-1mo,63,Right-choroid-plexus,Dice,0.0
sub-761141,ses-1mo,63,Right-choroid-plexus,IoU,0.0
sub-761141,ses-1mo,63,Right-choroid-plexus,Hausdorff,44.81071300481616
sub-761141,ses-1mo,63,Right-choroid-plexus,HD95,34.97712821960449
sub-761141,ses-1mo,63,Right-choroid-plexus,MI,5.117657772085943e-09
sub-761141,ses-1mo,63,Right-choroid-plexus,NMI,6.633981283780855e-06
sub-761141,ses-1mo,26,Left-Accumbens-area,Dice,0.0
sub-761141,ses-1mo,26,Left-Accumbens-area,IoU,0.0
sub-761141,ses-1mo,26,Left-Accumbens-area,Hausdorff,35.66510900025401
sub-761141,ses-1mo,26,Left-Accumbens-area,HD95,33.43650817871094
sub-761141,ses-1mo,26,Left-Accumbens-area,MI,6.446785402578923e-09
sub-761141,ses-1mo,26,Left-Accumbens-area,NMI,7.309980318788744e-06
sub-761141,ses-1mo,46,Right-Cerebellum-White-Matter,Dice,0.0
sub-761141,ses-1mo,46,Right-Cerebellum-White-Matter,IoU,0.0
sub-761141,ses-1mo,46,Right-Cerebellum-White-Matter,Hausdorff,47.86439177509728
sub-761141,ses-1mo,46,Right-Cerebellum-White-Matter,HD95,42.09334907531738
sub-761141,ses-1mo,46,Right-Cerebellum-White-Matter,MI,7.104968676183501e-07
sub-761141,ses-1mo,46,Right-Cerebellum-White-Matter,NMI,8.470951892970231e-05
sub-761141,ses-1mo,7,Left-Cerebellum-White-Matter,Dice,0.0
sub-761141,ses-1mo,7,Left-Cerebellum-White-Matter,IoU,0.0
sub-761141,ses-1mo,7,Left-Cerebellum-White-Matter,Hausdorff,47.52893855326458
sub-761141,ses-1mo,7,Left-Cerebellum-White-Matter,HD95,41.09744644165039
sub-761141,ses-1mo,7,Left-Cerebellum-White-Matter,MI,6.633915950785517e-07
sub-761141,ses-1mo,7,Left-Cerebellum-White-Matter,NMI,8.18382356449402e-05
sub-657158,ses-7mo,51,Right-Putamen,Dice,0.5809689249179695
sub-657158,ses-7mo,51,Right-Putamen,IoU,0.4094124047878128
sub-657158,ses-7mo,51,Right-Putamen,Hausdorff,10.246950765959598
sub-657158,ses-7mo,51,Right-Putamen,HD95,7.0
sub-657158,ses-7mo,51,Right-Putamen,MI,0.0027646746360163355
sub-657158,ses-7mo,51,Right-Putamen,NMI,0.46970369457961997
sub-657158,ses-7mo,42,Right-Cerebral-Cortex,Dice,0.3437293286850809
sub-657158,ses-7mo,42,Right-Cerebral-Cortex,IoU,0.20753209885205115
sub-657158,ses-7mo,42,Right-Cerebral-Cortex,Hausdorff,24.535688292770594
sub-657158,ses-7mo,42,Right-Cerebral-Cortex,HD95,9.0
sub-657158,ses-7mo,42,Right-Cerebral-Cortex,MI,0.019520855591636514
sub-657158,ses-7mo,42,Right-Cerebral-Cortex,NMI,0.14130522081594346
sub-657158,ses-7mo,43,Right-Lateral-Ventricle,Dice,0.7615588769381199
sub-657158,ses-7mo,43,Right-Lateral-Ventricle,IoU,0.614933453643131
sub-657158,ses-7mo,43,Right-Lateral-Ventricle,Hausdorff,20.46948949045872
sub-657158,ses-7mo,43,Right-Lateral-Ventricle,HD95,5.385164737701416
sub-657158,ses-7mo,43,Right-Lateral-Ventricle,MI,0.005276561013929202
sub-657158,ses-7mo,43,Right-Lateral-Ventricle,NMI,0.6742987812796264
sub-657158,ses-7mo,85,Optic-Chiasm,Dice,0.3333333333333333
sub-657158,ses-7mo,85,Optic-Chiasm,IoU,0.2
sub-657158,ses-7mo,85,Optic-Chiasm,Hausdorff,8.831760866327848
sub-657158,ses-7mo,85,Optic-Chiasm,HD95,4.742556810379028
sub-657158,ses-7mo,85,Optic-Chiasm,MI,5.76062246374829e-05
sub-657158,ses-7mo,85,Optic-Chiasm,NMI,0.25975570267816417
sub-657158,ses-7mo,5,Left-Inf-Lat-Vent,Dice,0.4821002386634845
sub-657158,ses-7mo,5,Left-Inf-Lat-Vent,IoU,0.31761006289308175
sub-657158,ses-7mo,5,Left-Inf-Lat-Vent,Hausdorff,15.652475842498529
sub-657158,ses-7mo,5,Left-Inf-Lat-Vent,HD95,7.8102498054504395
sub-657158,ses-7mo,5,Left-Inf-Lat-Vent,MI,0.000241914290582732
sub-657158,ses-7mo,5,Left-Inf-Lat-Vent,NMI,0.38799593362312873
sub-657158,ses-7mo,58,Right-Accumbens-area,Dice,0.036211699164345405
sub-657158,ses-7mo,58,Right-Accumbens-area,IoU,0.018439716312056736
sub-657158,ses-7mo,58,Right-Accumbens-area,Hausdorff,9.486832980505138
sub-657158,ses-7mo,58,Right-Accumbens-area,HD95,7.348469257354736
sub-657158,ses-7mo,58,Right-Accumbens-area,MI,1.0257461766813274e-05
sub-657158,ses-7mo,58,Right-Accumbens-area,NMI,0.01896917232988259
sub-657158,ses-7mo,17,Left-Hippocampus,Dice,0.34032634032634035
sub-657158,ses-7mo,17,Left-Hippocampus,IoU,0.2050561797752809
sub-657158,ses-7mo,17,Left-Hippocampus,Hausdorff,12.68857754044952
sub-657158,ses-7mo,17,Left-Hippocampus,HD95,8.342609405517573
sub-657158,ses-7mo,17,Left-Hippocampus,MI,0.0010281284961012002
sub-657158,ses-7mo,17,Left-Hippocampus,NMI,0.2532709827745352
sub-657158,ses-7mo,53,Right-Hippocampus,Dice,0.39518459069020867
sub-657158,ses-7mo,53,Right-Hippocampus,IoU,0.24624924984997
sub-657158,ses-7mo,53,Right-Hippocampus,Hausdorff,15.394804318340652
sub-657158,ses-7mo,53,Right-Hippocampus,HD95,8.062257766723633
sub-657158,ses-7mo,53,Right-Hippocampus,MI,0.001125394282971678
sub-657158,ses-7mo,53,Right-Hippocampus,NMI,0.30109945474319777
sub-657158,ses-7mo,10,Left-Thalamus,Dice,0.8248764415156508
sub-657158,ses-7mo,10,Left-Thalamus,IoU,0.7019486891910837
sub-657158,ses-7mo,10,Left-Thalamus,Hausdorff,6.324555320336759
sub-657158,ses-7mo,10,Left-Thalamus,HD95,3.605551242828369
sub-657158,ses-7mo,10,Left-Thalamus,MI,0.00496891335562076
sub-657158,ses-7mo,10,Left-Thalamus,NMI,0.7316246073585199
sub-657158,ses-7mo,12,Left-Putamen,Dice,0.583317748270058
sub-657158,ses-7mo,12,Left-Putamen,IoU,0.41174917491749174
sub-657158,ses-7mo,12,Left-Putamen,Hausdorff,8.12403840463596
sub-657158,ses-7mo,12,Left-Putamen,HD95,6.4031243324279785
sub-657158,ses-7mo,12,Left-Putamen,MI,0.002868756365977325
sub-657158,ses-7mo,12,Left-Putamen,NMI,0.4743724748673983
sub-657158,ses-7mo,52,Right-Pallidum,Dice,0.6836274107509233
sub-657158,ses-7mo,52,Right-Pallidum,IoU,0.5193266832917706
sub-657158,ses-7mo,52,Right-Pallidum,Hausdorff,4.58257569495584
sub-657158,ses-7mo,52,Right-Pallidum,HD95,3.0
sub-657158,ses-7mo,52,Right-Pallidum,MI,0.0009513817851927067
sub-657158,ses-7mo,52,Right-Pallidum,NMI,0.5820726209324103
sub-657158,ses-7mo,8,Left-Cerebellum-Cortex,Dice,0.1793129445375817
sub-657158,ses-7mo,8,Left-Cerebellum-Cortex,IoU,0.09848641698176944
sub-657158,ses-7mo,8,Left-Cerebellum-Cortex,Hausdorff,24.596747752497688
sub-657158,ses-7mo,8,Left-Cerebellum-Cortex,HD95,19.72308349609375
sub-657158,ses-7mo,8,Left-Cerebellum-Cortex,MI,0.003137797597045834
sub-657158,ses-7mo,8,Left-Cerebellum-Cortex,NMI,0.07564461447594623
sub-657158,ses-7mo,11,Left-Caudate,Dice,0.7640113088308664
sub-657158,ses-7mo,11,Left-Caudate,IoU,0.6181377825618946
sub-657158,ses-7mo,11,Left-Caudate,Hausdorff,4.123105625617661
sub-657158,ses-7mo,11,Left-Caudate,HD95,2.2360680103302
sub-657158,ses-7mo,11,Left-Caudate,MI,0.002442095030442383
sub-657158,ses-7mo,11,Left-Caudate,NMI,0.6682253790217461
sub-657158,ses-7mo,3,Left-Cerebral-Cortex,Dice,0.3471950750642898
sub-657158,ses-7mo,3,Left-Cerebral-Cortex,IoU,0.21006415810250254
sub-657158,ses-7mo,3,Left-Cerebral-Cortex,Hausdorff,25.079872407968907
sub-657158,ses-7mo,3,Left-Cerebral-Cortex,HD95,9.486832618713379
sub-657158,ses-7mo,3,Left-Cerebral-Cortex,MI,0.019581882517999923
sub-657158,ses-7mo,3,Left-Cerebral-Cortex,NMI,0.14504406757112034
sub-657158,ses-7mo,4,Left-Lateral-Ventricle,Dice,0.691676267281106
sub-657158,ses-7mo,4,Left-Lateral-Ventricle,IoU,0.528673637864612
sub-657158,ses-7mo,4,Left-Lateral-Ventricle,Hausdorff,19.924858845171276
sub-657158,ses-7mo,4,Left-Lateral-Ventricle,HD95,8.823240995407074
sub-657158,ses-7mo,4,Left-Lateral-Ventricle,MI,0.004618315300841454
sub-657158,ses-7mo,4,Left-Lateral-Ventricle,NMI,0.607834498560779
sub-657158,ses-7mo,18,Left-Amygdala,Dice,0.3416370106761566
sub-657158,ses-7mo,18,Left-Amygdala,IoU,0.20600858369098712
sub-657158,ses-7mo,18,Left-Amygdala,Hausdorff,14.45683229480096
sub-657158,ses-7mo,18,Left-Amygdala,HD95,11.497812652587893
sub-657158,ses-7mo,18,Left-Amygdala,MI,0.0004650480735279389
sub-657158,ses-7mo,18,Left-Amygdala,NMI,0.2515324294286737
sub-657158,ses-7mo,44,Right-Inf-Lat-Vent,Dice,0.3939393939393939
sub-657158,ses-7mo,44,Right-Inf-Lat-Vent,IoU,0.24528301886792453
sub-657158,ses-7mo,44,Right-Inf-Lat-Vent,Hausdorff,17.378147196982766
sub-657158,ses-7mo,44,Right-Inf-Lat-Vent,HD95,9.232112741470333
sub-657158,ses-7mo,44,Right-Inf-Lat-Vent,MI,0.00012646596806027425
sub-657158,ses-7mo,44,Right-Inf-Lat-Vent,NMI,0.30869836436949166
sub-657158,ses-7mo,47,Right-Cerebellum-Cortex,Dice,0.18405823041584632
sub-657158,ses-7mo,47,Right-Cerebellum-Cortex,IoU,0.1013569011400598
sub-657158,ses-7mo,47,Right-Cerebellum-Cortex,Hausdorff,26.627053911388696
sub-657158,ses-7mo,47,Right-Cerebellum-Cortex,HD95,20.34699058532715
sub-657158,ses-7mo,47,Right-Cerebellum-Cortex,MI,0.0032566214207650525
sub-657158,ses-7mo,47,Right-Cerebellum-Cortex,NMI,0.07866954732084344
sub-657158,ses-7mo,13,Left-Pallidum,Dice,0.748854961832061
sub-657158,ses-7mo,13,Left-Pallidum,IoU,0.598535692495424
sub-657158,ses-7mo,13,Left-Pallidum,Hausdorff,4.0
sub-657158,ses-7mo,13,Left-Pallidum,HD95,2.4494898319244385
sub-657158,ses-7mo,13,Left-Pallidum,MI,0.0011411540741885116
sub-657158,ses-7mo,13,Left-Pallidum,NMI,0.6542540309050303
sub-657158,ses-7mo,60,Right-VentralDC,Dice,0.6760657938905673
sub-657158,ses-7mo,60,Right-VentralDC,IoU,0.5106490872210954
sub-657158,ses-7mo,60,Right-VentralDC,Hausdorff,11.0
sub-657158,ses-7mo,60,Right-VentralDC,HD95,5.099019527435303
sub-657158,ses-7mo,60,Right-VentralDC,MI,0.002043242832658116
sub-657158,ses-7mo,60,Right-VentralDC,NMI,0.5633123220972929
sub-657158,ses-7mo,49,Right-Thalamus,Dice,0.846607921977928
sub-657158,ses-7mo,49,Right-Thalamus,IoU,0.7340157246699303
sub-657158,ses-7mo,49,Right-Thalamus,Hausdorff,8.366600265340756
sub-657158,ses-7mo,49,Right-Thalamus,HD95,2.8284270763397217
sub-657158,ses-7mo,49,Right-Thalamus,MI,0.004995404667323535
sub-657158,ses-7mo,49,Right-Thalamus,NMI,0.7603212602563216
sub-657158,ses-7mo,54,Right-Amygdala,Dice,0.32323232323232326
sub-657158,ses-7mo,54,Right-Amygdala,IoU,0.1927710843373494
sub-657158,ses-7mo,54,Right-Amygdala,Hausdorff,16.401219466856727
sub-657158,ses-7mo,54,Right-Amygdala,HD95,12.767145156860352
sub-657158,ses-7mo,54,Right-Amygdala,MI,0.0004029538666834477
sub-657158,ses-7mo,54,Right-Amygdala,NMI,0.23570897344856798
sub-657158,ses-7mo,24,CSF,Dice,0.00239156064734562
sub-657158,ses-7mo,24,CSF,IoU,0.0011972119261373514
sub-657158,ses-7mo,24,CSF,Hausdorff,85.5277732669336
sub-657158,ses-7mo,24,CSF,HD95,74.67261505126953
sub-657158,ses-7mo,24,CSF,MI,9.506313909742861e-05
sub-657158,ses-7mo,24,CSF,NMI,0.0009613368319747648
sub-657158,ses-7mo,16,Brain-Stem,Dice,0.42699497886584775
sub-657158,ses-7mo,16,Brain-Stem,IoU,0.2714517583408476
sub-657158,ses-7mo,16,Brain-Stem,Hausdorff,28.372521918222215
sub-657158,ses-7mo,16,Brain-Stem,HD95,22.715633392333984
sub-657158,ses-7mo,16,Brain-Stem,MI,0.005125076493293332
sub-657158,ses-7mo,16,Brain-Stem,NMI,0.30207415098657
sub-657158,ses-7mo,50,Right-Caudate,Dice,0.7610986353428917
sub-657158,ses-7mo,50,Right-Caudate,IoU,0.6143335192414947
sub-657158,ses-7mo,50,Right-Caudate,Hausdorff,4.123105625617661
sub-657158,ses-7mo,50,Right-Caudate,HD95,2.2360680103302
sub-657158,ses-7mo,50,Right-Caudate,MI,0.0023592516417001
sub-657158,ses-7mo,50,Right-Caudate,NMI,0.6678826271550818
sub-657158,ses-7mo,31,Left-choroid-plexus,Dice,0.022085889570552148
sub-657158,ses-7mo,31,Left-choroid-plexus,IoU,0.011166253101736972
sub-657158,ses-7mo,31,Left-choroid-plexus,Hausdorff,9.055385138137417
sub-657158,ses-7mo,31,Left-choroid-plexus,HD95,6.5075847864150935
sub-657158,ses-7mo,31,Left-choroid-plexus,MI,1.0948192092109686e-05
sub-657158,ses-7mo,31,Left-choroid-plexus,NMI,0.009654809004556598
sub-657158,ses-7mo,28,Left-VentralDC,Dice,0.6574854180168503
sub-657158,ses-7mo,28,Left-VentralDC,IoU,0.4897417330436881
sub-657158,ses-7mo,28,Left-VentralDC,Hausdorff,10.099504938362077
sub-657158,ses-7mo,28,Left-VentralDC,HD95,4.979795932769748
sub-657158,ses-7mo,28,Left-VentralDC,MI,0.0020352250860033528
sub-657158,ses-7mo,28,Left-VentralDC,NMI,0.544006206471924
sub-657158,ses-7mo,15,4th-Ventricle,Dice,0.1288370082144401
sub-657158,ses-7mo,15,4th-Ventricle,IoU,0.0688539741219963
sub-657158,ses-7mo,15,4th-Ventricle,Hausdorff,27.53179979587241
sub-657158,ses-7mo,15,4th-Ventricle,HD95,19.70532608032226
sub-657158,ses-7mo,15,4th-Ventricle,MI,0.0002287783260773637
sub-657158,ses-7mo,15,4th-Ventricle,NMI,0.08032871048530876
sub-657158,ses-7mo,2,Left-Cerebral-White-Matter,Dice,0.515515404068519
sub-657158,ses-7mo,2,Left-Cerebral-White-Matter,IoU,0.3472689480789423
sub-657158,ses-7mo,2,Left-Cerebral-White-Matter,Hausdorff,24.71841418861655
sub-657158,ses-7mo,2,Left-Cerebral-White-Matter,HD95,7.681145668029785
sub-657158,ses-7mo,2,Left-Cerebral-White-Matter,MI,0.039952473672058925
sub-657158,ses-7mo,2,Left-Cerebral-White-Matter,NMI,0.33543178034253485
sub-657158,ses-7mo,41,Right-Cerebral-White-Matter,Dice,0.5130432931987593
sub-657158,ses-7mo,41,Right-Cerebral-White-Matter,IoU,0.34502907236783253
sub-657158,ses-7mo,41,Right-Cerebral-White-Matter,Hausdorff,21.563858652847824
sub-657158,ses-7mo,41,Right-Cerebral-White-Matter,HD95,6.928203105926514
sub-657158,ses-7mo,41,Right-Cerebral-White-Matter,MI,0.039807137976121246
sub-657158,ses-7mo,41,Right-Cerebral-White-Matter,NMI,0.3354005909690568
sub-657158,ses-7mo,14,3rd-Ventricle,Dice,0.7411444141689373
sub-657158,ses-7mo,14,3rd-Ventricle,IoU,0.5887445887445888
sub-657158,ses-7mo,14,3rd-Ventricle,Hausdorff,5.830951894845301
sub-657158,ses-7mo,14,3rd-Ventricle,HD95,3.0
sub-657158,ses-7mo,14,3rd-Ventricle,MI,0.0010014425035287406
sub-657158,ses-7mo,14,3rd-Ventricle,NMI,0.6730910321196462
sub-657158,ses-7mo,63,Right-choroid-plexus,Dice,0.2230563002680965
sub-657158,ses-7mo,63,Right-choroid-plexus,IoU,0.1255280627640314
sub-657158,ses-7mo,63,Right-choroid-plexus,Hausdorff,18.57417562100671
sub-657158,ses-7mo,63,Right-choroid-plexus,HD95,5.385164737701416
sub-657158,ses-7mo,63,Right-choroid-plexus,MI,0.0001978774364260905
sub-657158,ses-7mo,63,Right-choroid-plexus,NMI,0.15491089522904672
sub-657158,ses-7mo,26,Left-Accumbens-area,Dice,0.07497243660418963
sub-657158,ses-7mo,26,Left-Accumbens-area,IoU,0.038946162657502864
sub-657158,ses-7mo,26,Left-Accumbens-area,Hausdorff,7.681145747868608
sub-657158,ses-7mo,26,Left-Accumbens-area,HD95,6.4031243324279785
sub-657158,ses-7mo,26,Left-Accumbens-area,MI,2.9204782734834874e-05
sub-657158,ses-7mo,26,Left-Accumbens-area,NMI,0.04363487496533682
sub-657158,ses-7mo,46,Right-Cerebellum-White-Matter,Dice,0.08873404969778374
sub-657158,ses-7mo,46,Right-Cerebellum-White-Matter,IoU,0.046426845873413274
sub-657158,ses-7mo,46,Right-Cerebellum-White-Matter,Hausdorff,27.386127875258307
sub-657158,ses-7mo,46,Right-Cerebellum-White-Matter,HD95,14.764822959899902
sub-657158,ses-7mo,46,Right-Cerebellum-White-Matter,MI,0.0004559270738086242
sub-657158,ses-7mo,46,Right-Cerebellum-White-Matter,NMI,0.03736962533028765
sub-657158,ses-7mo,7,Left-Cerebellum-White-Matter,Dice,0.06484504270828675
sub-657158,ses-7mo,7,Left-Cerebellum-White-Matter,IoU,0.03350896653725273
sub-657158,ses-7mo,7,Left-Cerebellum-White-Matter,Hausdorff,26.832815729997478
sub-657158,ses-7mo,7,Left-Cerebellum-White-Matter,HD95,14.59451961517334
sub-657158,ses-7mo,7,Left-Cerebellum-White-Matter,MI,0.0002909982865828227
sub-657158,ses-7mo,7,Left-Cerebellum-White-Matter,NMI,0.025280912205687806
sub-684448,ses-2mo,51,Right-Putamen,Dice,0.1115088404382254
sub-684448,ses-2mo,51,Right-Putamen,IoU,0.05904652498564043
sub-684448,ses-2mo,51,Right-Putamen,Hausdorff,20.199009876724155
sub-684448,ses-2mo,51,Right-Putamen,HD95,16.5227108001709
sub-684448,ses-2mo,51,Right-Putamen,MI,0.00031611427553409764
sub-684448,ses-2mo,51,Right-Putamen,NMI,0.05973769803890518
sub-684448,ses-2mo,42,Right-Cerebral-Cortex,Dice,0.19961328778076615
sub-684448,ses-2mo,42,Right-Cerebral-Cortex,IoU,0.11087245113840807
sub-684448,ses-2mo,42,Right-Cerebral-Cortex,Hausdorff,47.644516998286385
sub-684448,ses-2mo,42,Right-Cerebral-Cortex,HD95,18.41195297241211
sub-684448,ses-2mo,42,Right-Cerebral-Cortex,MI,0.0068372128792967835
sub-684448,ses-2mo,42,Right-Cerebral-Cortex,NMI,0.06088426438472902
sub-684448,ses-2mo,43,Right-Lateral-Ventricle,Dice,0.38331597824829344
sub-684448,ses-2mo,43,Right-Lateral-Ventricle,IoU,0.23710012166320762
sub-684448,ses-2mo,43,Right-Lateral-Ventricle,Hausdorff,18.708286933869708
sub-684448,ses-2mo,43,Right-Lateral-Ventricle,HD95,12.004159450530983
sub-684448,ses-2mo,43,Right-Lateral-Ventricle,MI,0.0024749964850423675
sub-684448,ses-2mo,43,Right-Lateral-Ventricle,NMI,0.26938468910199215
sub-684448,ses-2mo,5,Left-Inf-Lat-Vent,Dice,0.0037735849056603774
sub-684448,ses-2mo,5,Left-Inf-Lat-Vent,IoU,0.001890359168241966
sub-684448,ses-2mo,5,Left-Inf-Lat-Vent,Hausdorff,31.064449134018133
sub-684448,ses-2mo,5,Left-Inf-Lat-Vent,HD95,25.52253723144531
sub-684448,ses-2mo,5,Left-Inf-Lat-Vent,MI,1.0824493580143095e-06
sub-684448,ses-2mo,5,Left-Inf-Lat-Vent,NMI,0.0009739686242507274
sub-684448,ses-2mo,58,Right-Accumbens-area,Dice,0.0
sub-684448,ses-2mo,58,Right-Accumbens-area,IoU,0.0
sub-684448,ses-2mo,58,Right-Accumbens-area,Hausdorff,20.85665361461421
sub-684448,ses-2mo,58,Right-Accumbens-area,HD95,18.883850860595704
sub-684448,ses-2mo,58,Right-Accumbens-area,MI,1.8709654048753525e-09
sub-684448,ses-2mo,58,Right-Accumbens-area,NMI,3.7656419268214947e-06
sub-684448,ses-2mo,17,Left-Hippocampus,Dice,0.06648089171974522
sub-684448,ses-2mo,17,Left-Hippocampus,IoU,0.0343833642165946
sub-684448,ses-2mo,17,Left-Hippocampus,Hausdorff,31.25699921617557
sub-684448,ses-2mo,17,Left-Hippocampus,HD95,26.68332862854004
sub-684448,ses-2mo,17,Left-Hippocampus,MI,0.00010253571239680795
sub-684448,ses-2mo,17,Left-Hippocampus,NMI,0.03306382460174145
sub-684448,ses-2mo,53,Right-Hippocampus,Dice,0.086344989255714
sub-684448,ses-2mo,53,Right-Hippocampus,IoU,0.04512045732952225
sub-684448,ses-2mo,53,Right-Hippocampus,Hausdorff,33.51119216023208
sub-684448,ses-2mo,53,Right-Hippocampus,HD95,29.27456283569336
sub-684448,ses-2mo,53,Right-Hippocampus,MI,0.00014433172324863805
sub-684448,ses-2mo,53,Right-Hippocampus,NMI,0.04581126018213673
sub-684448,ses-2mo,10,Left-Thalamus,Dice,0.2156086526226495
sub-684448,ses-2mo,10,Left-Thalamus,IoU,0.12083036209492116
sub-684448,ses-2mo,10,Left-Thalamus,Hausdorff,28.74021572639983
sub-684448,ses-2mo,10,Left-Thalamus,HD95,14.525838851928711
sub-684448,ses-2mo,10,Left-Thalamus,MI,0.000977985955102781
sub-684448,ses-2mo,10,Left-Thalamus,NMI,0.12594664591986562
sub-684448,ses-2mo,12,Left-Putamen,Dice,0.1352354442124797
sub-684448,ses-2mo,12,Left-Putamen,IoU,0.07252145789277273
sub-684448,ses-2mo,12,Left-Putamen,Hausdorff,20.248456731316587
sub-684448,ses-2mo,12,Left-Putamen,HD95,16.155494689941406
sub-684448,ses-2mo,12,Left-Putamen,MI,0.0003861916801730623
sub-684448,ses-2mo,12,Left-Putamen,NMI,0.07759426504120467
sub-684448,ses-2mo,52,Right-Pallidum,Dice,0.0
sub-684448,ses-2mo,52,Right-Pallidum,IoU,0.0
sub-684448,ses-2mo,52,Right-Pallidum,Hausdorff,23.0
sub-684448,ses-2mo,52,Right-Pallidum,HD95,19.131126403808594
sub-684448,ses-2mo,52,Right-Pallidum,MI,1.9665021428903664e-08
sub-684448,ses-2mo,52,Right-Pallidum,NMI,1.3648537356159852e-05
sub-684448,ses-2mo,8,Left-Cerebellum-Cortex,Dice,0.0
sub-684448,ses-2mo,8,Left-Cerebellum-Cortex,IoU,0.0
sub-684448,ses-2mo,8,Left-Cerebellum-Cortex,Hausdorff,57.18391382198319
sub-684448,ses-2mo,8,Left-Cerebellum-Cortex,HD95,48.11964225769043
sub-684448,ses-2mo,8,Left-Cerebellum-Cortex,MI,1.6231882621993085e-05
sub-684448,ses-2mo,8,Left-Cerebellum-Cortex,NMI,0.0005919960211128103
sub-684448,ses-2mo,11,Left-Caudate,Dice,0.28791666666666665
sub-684448,ses-2mo,11,Left-Caudate,IoU,0.16816743733268436
sub-684448,ses-2mo,11,Left-Caudate,Hausdorff,24.1039415863879
sub-684448,ses-2mo,11,Left-Caudate,HD95,10.188185596466074
sub-684448,ses-2mo,11,Left-Caudate,MI,0.0005823315660944119
sub-684448,ses-2mo,11,Left-Caudate,NMI,0.19448293477334253
sub-684448,ses-2mo,3,Left-Cerebral-Cortex,Dice,0.22474839440658076
sub-684448,ses-2mo,3,Left-Cerebral-Cortex,IoU,0.12660086812396001
sub-684448,ses-2mo,3,Left-Cerebral-Cortex,Hausdorff,52.820450584977024
sub-684448,ses-2mo,3,Left-Cerebral-Cortex,HD95,23.25940704345703
sub-684448,ses-2mo,3,Left-Cerebral-Cortex,MI,0.008445083837038292
sub-684448,ses-2mo,3,Left-Cerebral-Cortex,NMI,0.07485215143545898
sub-684448,ses-2mo,4,Left-Lateral-Ventricle,Dice,0.451536107017345
sub-684448,ses-2mo,4,Left-Lateral-Ventricle,IoU,0.291602606340142
sub-684448,ses-2mo,4,Left-Lateral-Ventricle,Hausdorff,50.28916384272063
sub-684448,ses-2mo,4,Left-Lateral-Ventricle,HD95,17.972200393676758
sub-684448,ses-2mo,4,Left-Lateral-Ventricle,MI,0.003062009420747122
sub-684448,ses-2mo,4,Left-Lateral-Ventricle,NMI,0.3263213026464688
sub-684448,ses-2mo,18,Left-Amygdala,Dice,0.0
sub-684448,ses-2mo,18,Left-Amygdala,IoU,0.0
sub-684448,ses-2mo,18,Left-Amygdala,Hausdorff,32.07802986469088
sub-684448,ses-2mo,18,Left-Amygdala,HD95,31.0
sub-684448,ses-2mo,18,Left-Amygdala,MI,1.4677440614621878e-08
sub-684448,ses-2mo,18,Left-Amygdala,NMI,1.1742444213161416e-05
sub-684448,ses-2mo,44,Right-Inf-Lat-Vent,Dice,0.0017064846416382253
sub-684448,ses-2mo,44,Right-Inf-Lat-Vent,IoU,0.0008539709649871904
sub-684448,ses-2mo,44,Right-Inf-Lat-Vent,Hausdorff,36.41428291206625
sub-684448,ses-2mo,44,Right-Inf-Lat-Vent,HD95,31.96169490814209
sub-684448,ses-2mo,44,Right-Inf-Lat-Vent,MI,2.9112582452333733e-07
sub-684448,ses-2mo,44,Right-Inf-Lat-Vent,NMI,0.00034443579202417333
sub-684448,ses-2mo,47,Right-Cerebellum-Cortex,Dice,0.0
sub-684448,ses-2mo,47,Right-Cerebellum-Cortex,IoU,0.0
sub-684448,ses-2mo,47,Right-Cerebellum-Cortex,Hausdorff,58.008620049092706
sub-684448,ses-2mo,47,Right-Cerebellum-Cortex,HD95,49.050994873046875
sub-684448,ses-2mo,47,Right-Cerebellum-Cortex,MI,1.9384870310593452e-05
sub-684448,ses-2mo,47,Right-Cerebellum-Cortex,NMI,0.0006395083189935305
sub-684448,ses-2mo,13,Left-Pallidum,Dice,0.0
sub-684448,ses-2mo,13,Left-Pallidum,IoU,0.0
sub-684448,ses-2mo,13,Left-Pallidum,Hausdorff,20.493901531919196
sub-684448,ses-2mo,13,Left-Pallidum,HD95,17.464248657226562
sub-684448,ses-2mo,13,Left-Pallidum,MI,1.9474451746527566e-08
sub-684448,ses-2mo,13,Left-Pallidum,NMI,1.3476841998434615e-05
sub-684448,ses-2mo,60,Right-VentralDC,Dice,0.0010595090941197245
sub-684448,ses-2mo,60,Right-VentralDC,IoU,0.0005300353356890459
sub-684448,ses-2mo,60,Right-VentralDC,Hausdorff,30.14962686336267
sub-684448,ses-2mo,60,Right-VentralDC,HD95,26.019224166870117
sub-684448,ses-2mo,60,Right-VentralDC,MI,2.5775691877195543e-07
sub-684448,ses-2mo,60,Right-VentralDC,NMI,7.573155195442936e-05
sub-684448,ses-2mo,49,Right-Thalamus,Dice,0.3369330453563715
sub-684448,ses-2mo,49,Right-Thalamus,IoU,0.2025974025974026
sub-684448,ses-2mo,49,Right-Thalamus,Hausdorff,21.118712081942874
sub-684448,ses-2mo,49,Right-Thalamus,HD95,14.03566837310791
sub-684448,ses-2mo,49,Right-Thalamus,MI,0.0016994935086680416
sub-684448,ses-2mo,49,Right-Thalamus,NMI,0.22239005231872447
sub-684448,ses-2mo,54,Right-Amygdala,Dice,0.0
sub-684448,ses-2mo,54,Right-Amygdala,IoU,0.0
sub-684448,ses-2mo,54,Right-Amygdala,Hausdorff,36.05551275463989
sub-684448,ses-2mo,54,Right-Amygdala,HD95,33.36164245605468
sub-684448,ses-2mo,54,Right-Amygdala,MI,1.5718678496182484e-08
sub-684448,ses-2mo,54,Right-Amygdala,NMI,1.2462015106512656e-05
sub-684448,ses-2mo,16,Brain-Stem,Dice,0.0
sub-684448,ses-2mo,16,Brain-Stem,IoU,0.0
sub-684448,ses-2mo,16,Brain-Stem,Hausdorff,54.35071296680477
sub-684448,ses-2mo,16,Brain-Stem,HD95,44.83302307128906
sub-684448,ses-2mo,16,Brain-Stem,MI,1.797222607791138e-06
sub-684448,ses-2mo,16,Brain-Stem,NMI,0.0001746727279886937
sub-684448,ses-2mo,50,Right-Caudate,Dice,0.1960698689956332
sub-684448,ses-2mo,50,Right-Caudate,IoU,0.10869038973614137
sub-684448,ses-2mo,50,Right-Caudate,Hausdorff,18.275666882497067
sub-684448,ses-2mo,50,Right-Caudate,HD95,10.049875259399414
sub-684448,ses-2mo,50,Right-Caudate,MI,0.00035089776928926236
sub-684448,ses-2mo,50,Right-Caudate,NMI,0.12220908813382078
sub-684448,ses-2mo,28,Left-VentralDC,Dice,0.0
sub-684448,ses-2mo,28,Left-VentralDC,IoU,0.0
sub-684448,ses-2mo,28,Left-VentralDC,Hausdorff,29.189039038652847
sub-684448,ses-2mo,28,Left-VentralDC,HD95,25.50588016510009
sub-684448,ses-2mo,28,Left-VentralDC,MI,9.996383015906281e-08
sub-684448,ses-2mo,28,Left-VentralDC,NMI,3.0398126249901104e-05
sub-684448,ses-2mo,15,4th-Ventricle,Dice,0.0
sub-684448,ses-2mo,15,4th-Ventricle,IoU,0.0
sub-684448,ses-2mo,15,4th-Ventricle,Hausdorff,57.7148161220323
sub-684448,ses-2mo,15,4th-Ventricle,HD95,42.98255157470703
sub-684448,ses-2mo,15,4th-Ventricle,MI,2.914538769956945e-08
sub-684448,ses-2mo,15,4th-Ventricle,NMI,1.656945671596873e-05
sub-684448,ses-2mo,2,Left-Cerebral-White-Matter,Dice,0.48405152144241687
sub-684448,ses-2mo,2,Left-Cerebral-White-Matter,IoU,0.31930605049519184
sub-684448,ses-2mo,2,Left-Cerebral-White-Matter,Hausdorff,54.08326913195984
sub-684448,ses-2mo,2,Left-Cerebral-White-Matter,HD95,24.124675750732422
sub-684448,ses-2mo,2,Left-Cerebral-White-Matter,MI,0.033543607848313006
sub-684448,ses-2mo,2,Left-Cerebral-White-Matter,NMI,0.2989261469743327
sub-684448,ses-2mo,41,Right-Cerebral-White-Matter,Dice,0.5021805364717128
sub-684448,ses-2mo,41,Right-Cerebral-White-Matter,IoU,0.33527440970006384
sub-684448,ses-2mo,41,Right-Cerebral-White-Matter,Hausdorff,48.60041152089147
sub-684448,ses-2mo,41,Right-Cerebral-White-Matter,HD95,15.842979431152344
sub-684448,ses-2mo,41,Right-Cerebral-White-Matter,MI,0.035717232201717755
sub-684448,ses-2mo,41,Right-Cerebral-White-Matter,NMI,0.31612320405790184
sub-684448,ses-2mo,14,3rd-Ventricle,Dice,0.25557564798071125
sub-684448,ses-2mo,14,3rd-Ventricle,IoU,0.1465100207325501
sub-684448,ses-2mo,14,3rd-Ventricle,Hausdorff,29.171904291629644
sub-684448,ses-2mo,14,3rd-Ventricle,HD95,24.020824432373047
sub-684448,ses-2mo,14,3rd-Ventricle,MI,0.00020690535716534633
sub-684448,ses-2mo,14,3rd-Ventricle,NMI,0.17921911963733542
sub-684448,ses-2mo,26,Left-Accumbens-area,Dice,0.0
sub-684448,ses-2mo,26,Left-Accumbens-area,IoU,0.0
sub-684448,ses-2mo,26,Left-Accumbens-area,Hausdorff,20.024984394500787
sub-684448,ses-2mo,26,Left-Accumbens-area,HD95,19.0
sub-684448,ses-2mo,26,Left-Accumbens-area,MI,2.064257354609275e-09
sub-684448,ses-2mo,26,Left-Accumbens-area,NMI,4.001928955779637e-06
sub-684448,ses-2mo,46,Right-Cerebellum-White-Matter,Dice,0.0
sub-684448,ses-2mo,46,Right-Cerebellum-White-Matter,IoU,0.0
sub-684448,ses-2mo,46,Right-Cerebellum-White-Matter,Hausdorff,50.6458290484024
sub-684448,ses-2mo,46,Right-Cerebellum-White-Matter,HD95,44.465153503417966
sub-684448,ses-2mo,46,Right-Cerebellum-White-Matter,MI,6.771526551915819e-07
sub-684448,ses-2mo,46,Right-Cerebellum-White-Matter,NMI,8.47256799512966e-05
sub-684448,ses-2mo,7,Left-Cerebellum-White-Matter,Dice,0.0
sub-684448,ses-2mo,7,Left-Cerebellum-White-Matter,IoU,0.0
sub-684448,ses-2mo,7,Left-Cerebellum-White-Matter,Hausdorff,48.12483766206386
sub-684448,ses-2mo,7,Left-Cerebellum-White-Matter,HD95,44.283180236816406
sub-684448,ses-2mo,7,Left-Cerebellum-White-Matter,MI,7.121981900177175e-07
sub-684448,ses-2mo,7,Left-Cerebellum-White-Matter,NMI,8.931567862623041e-05
sub-470437,ses-1mo,51,Right-Putamen,Dice,0.02412153542850516
sub-470437,ses-1mo,51,Right-Putamen,IoU,0.012208005634464138
sub-470437,ses-1mo,51,Right-Putamen,Hausdorff,17.46424919657298
sub-470437,ses-1mo,51,Right-Putamen,HD95,15.122811698913567
sub-470437,ses-1mo,51,Right-Putamen,MI,4.1636530387961556e-05
sub-470437,ses-1mo,51,Right-Putamen,NMI,0.008346780811058246
sub-470437,ses-1mo,42,Right-Cerebral-Cortex,Dice,0.14117011214700717
sub-470437,ses-1mo,42,Right-Cerebral-Cortex,IoU,0.07594568662227778
sub-470437,ses-1mo,42,Right-Cerebral-Cortex,Hausdorff,92.27133899537819
sub-470437,ses-1mo,42,Right-Cerebral-Cortex,HD95,10.770329475402832
sub-470437,ses-1mo,42,Right-Cerebral-Cortex,MI,0.0034519718844800984
sub-470437,ses-1mo,42,Right-Cerebral-Cortex,NMI,0.03861295123779486
sub-470437,ses-1mo,43,Right-Lateral-Ventricle,Dice,0.09744047210594936
sub-470437,ses-1mo,43,Right-Lateral-Ventricle,IoU,0.05121546562793046
sub-470437,ses-1mo,43,Right-Lateral-Ventricle,Hausdorff,19.209372712298546
sub-470437,ses-1mo,43,Right-Lateral-Ventricle,HD95,14.081880378723119
sub-470437,ses-1mo,43,Right-Lateral-Ventricle,MI,0.0004054299649704111
sub-470437,ses-1mo,43,Right-Lateral-Ventricle,NMI,0.052009779179437214
sub-470437,ses-1mo,85,Optic-Chiasm,Dice,0.0
sub-470437,ses-1mo,85,Optic-Chiasm,IoU,0.0
sub-470437,ses-1mo,85,Optic-Chiasm,Hausdorff,23.853720883753127
sub-470437,ses-1mo,85,Optic-Chiasm,HD95,22.203603744506836
sub-470437,ses-1mo,85,Optic-Chiasm,MI,9.151378829128651e-10
sub-470437,ses-1mo,85,Optic-Chiasm,NMI,1.8213769190777494e-06
sub-470437,ses-1mo,5,Left-Inf-Lat-Vent,Dice,0.015670910871694418
sub-470437,ses-1mo,5,Left-Inf-Lat-Vent,IoU,0.007897334649555774
sub-470437,ses-1mo,5,Left-Inf-Lat-Vent,Hausdorff,25.495097567963924
sub-470437,ses-1mo,5,Left-Inf-Lat-Vent,HD95,16.155494689941406
sub-470437,ses-1mo,5,Left-Inf-Lat-Vent,MI,5.401684060341894e-06
sub-470437,ses-1mo,5,Left-Inf-Lat-Vent,NMI,0.007372301119249209
sub-470437,ses-1mo,58,Right-Accumbens-area,Dice,0.0
sub-470437,ses-1mo,58,Right-Accumbens-area,IoU,0.0
sub-470437,ses-1mo,58,Right-Accumbens-area,Hausdorff,19.026297590440446
sub-470437,ses-1mo,58,Right-Accumbens-area,HD95,18.027755737304688
sub-470437,ses-1mo,58,Right-Accumbens-area,MI,7.800273065129834e-10
sub-470437,ses-1mo,58,Right-Accumbens-area,NMI,2.389328674563015e-06
sub-470437,ses-1mo,17,Left-Hippocampus,Dice,0.16961826052735143
sub-470437,ses-1mo,17,Left-Hippocampus,IoU,0.0926682433885186
sub-470437,ses-1mo,17,Left-Hippocampus,Hausdorff,25.573423705088842
sub-470437,ses-1mo,17,Left-Hippocampus,HD95,21.762335777282722
sub-470437,ses-1mo,17,Left-Hippocampus,MI,0.0003456750447115287
sub-470437,ses-1mo,17,Left-Hippocampus,NMI,0.11164744057039758
sub-470437,ses-1mo,53,Right-Hippocampus,Dice,0.15754215754215753
sub-470437,ses-1mo,53,Right-Hippocampus,IoU,0.08550651955867603
sub-470437,ses-1mo,53,Right-Hippocampus,Hausdorff,24.06241883103193
sub-470437,ses-1mo,53,Right-Hippocampus,HD95,19.851951217651365
sub-470437,ses-1mo,53,Right-Hippocampus,MI,0.000270386649607089
sub-470437,ses-1mo,53,Right-Hippocampus,NMI,0.10021412899290422
sub-470437,ses-1mo,10,Left-Thalamus,Dice,0.2745246572229377
sub-470437,ses-1mo,10,Left-Thalamus,IoU,0.15910088682061638
sub-470437,ses-1mo,10,Left-Thalamus,Hausdorff,22.93468988235943
sub-470437,ses-1mo,10,Left-Thalamus,HD95,12.328827857971191
sub-470437,ses-1mo,10,Left-Thalamus,MI,0.0012582537899950934
sub-470437,ses-1mo,10,Left-Thalamus,NMI,0.17216063218947397
sub-470437,ses-1mo,12,Left-Putamen,Dice,0.048264766720294186
sub-470437,ses-1mo,12,Left-Putamen,IoU,0.024729156853509186
sub-470437,ses-1mo,12,Left-Putamen,Hausdorff,20.12461179749811
sub-470437,ses-1mo,12,Left-Putamen,HD95,17.271358299255365
sub-470437,ses-1mo,12,Left-Putamen,MI,0.00010718473760333092
sub-470437,ses-1mo,12,Left-Putamen,NMI,0.021414387382759352
sub-470437,ses-1mo,52,Right-Pallidum,Dice,0.0
sub-470437,ses-1mo,52,Right-Pallidum,IoU,0.0
sub-470437,ses-1mo,52,Right-Pallidum,Hausdorff,17.74823934929885
sub-470437,ses-1mo,52,Right-Pallidum,HD95,15.572402954101562
sub-470437,ses-1mo,52,Right-Pallidum,MI,1.5817357259747828e-08
sub-470437,ses-1mo,52,Right-Pallidum,NMI,1.1732856149115331e-05
sub-470437,ses-1mo,8,Left-Cerebellum-Cortex,Dice,0.1462622707065803
sub-470437,ses-1mo,8,Left-Cerebellum-Cortex,IoU,0.07890127518865916
sub-470437,ses-1mo,8,Left-Cerebellum-Cortex,Hausdorff,30.215889859476256
sub-470437,ses-1mo,8,Left-Cerebellum-Cortex,HD95,24.617067337036133
sub-470437,ses-1mo,8,Left-Cerebellum-Cortex,MI,0.0020150031984572502
sub-470437,ses-1mo,8,Left-Cerebellum-Cortex,NMI,0.0707117039441441
sub-470437,ses-1mo,11,Left-Caudate,Dice,0.02567237163814181
sub-470437,ses-1mo,11,Left-Caudate,IoU,0.013003095975232198
sub-470437,ses-1mo,11,Left-Caudate,Hausdorff,17.97220075561143
sub-470437,ses-1mo,11,Left-Caudate,HD95,14.09605808258056
sub-470437,ses-1mo,11,Left-Caudate,MI,2.191084424271004e-05
sub-470437,ses-1mo,11,Left-Caudate,NMI,0.010298172466714097
sub-470437,ses-1mo,3,Left-Cerebral-Cortex,Dice,0.14002092149337184
sub-470437,ses-1mo,3,Left-Cerebral-Cortex,IoU,0.0752809120873522
sub-470437,ses-1mo,3,Left-Cerebral-Cortex,Hausdorff,49.98999899979995
sub-470437,ses-1mo,3,Left-Cerebral-Cortex,HD95,11.224971771240234
sub-470437,ses-1mo,3,Left-Cerebral-Cortex,MI,0.003496707041358328
sub-470437,ses-1mo,3,Left-Cerebral-Cortex,NMI,0.03740618945575982
sub-470437,ses-1mo,4,Left-Lateral-Ventricle,Dice,0.08909952606635071
sub-470437,ses-1mo,4,Left-Lateral-Ventricle,IoU,0.04662698412698413
sub-470437,ses-1mo,4,Left-Lateral-Ventricle,Hausdorff,33.34666400106613
sub-470437,ses-1mo,4,Left-Lateral-Ventricle,HD95,14.866068840026855
sub-470437,ses-1mo,4,Left-Lateral-Ventricle,MI,0.0003909259241475252
sub-470437,ses-1mo,4,Left-Lateral-Ventricle,NMI,0.046811175386644636
sub-470437,ses-1mo,18,Left-Amygdala,Dice,0.0
sub-470437,ses-1mo,18,Left-Amygdala,IoU,0.0
sub-470437,ses-1mo,18,Left-Amygdala,Hausdorff,25.553864678361276
sub-470437,ses-1mo,18,Left-Amygdala,HD95,24.22808265686035
sub-470437,ses-1mo,18,Left-Amygdala,MI,2.032552438277534e-08
sub-470437,ses-1mo,18,Left-Amygdala,NMI,1.167520371632764e-05
sub-470437,ses-1mo,44,Right-Inf-Lat-Vent,Dice,0.0
sub-470437,ses-1mo,44,Right-Inf-Lat-Vent,IoU,0.0
sub-470437,ses-1mo,44,Right-Inf-Lat-Vent,Hausdorff,24.1039415863879
sub-470437,ses-1mo,44,Right-Inf-Lat-Vent,HD95,18.001344585418693
sub-470437,ses-1mo,44,Right-Inf-Lat-Vent,MI,5.254786722316525e-09
sub-470437,ses-1mo,44,Right-Inf-Lat-Vent,NMI,5.911080671041027e-06
sub-470437,ses-1mo,47,Right-Cerebellum-Cortex,Dice,0.1632665008049173
sub-470437,ses-1mo,47,Right-Cerebellum-Cortex,IoU,0.08888959714431413
sub-470437,ses-1mo,47,Right-Cerebellum-Cortex,Hausdorff,30.01666203960727
sub-470437,ses-1mo,47,Right-Cerebellum-Cortex,HD95,24.718414306640625
sub-470437,ses-1mo,47,Right-Cerebellum-Cortex,MI,0.002418883364644217
sub-470437,ses-1mo,47,Right-Cerebellum-Cortex,NMI,0.08240403010434177
sub-470437,ses-1mo,13,Left-Pallidum,Dice,0.0
sub-470437,ses-1mo,13,Left-Pallidum,IoU,0.0
sub-470437,ses-1mo,13,Left-Pallidum,Hausdorff,19.6468827043885
sub-470437,ses-1mo,13,Left-Pallidum,HD95,16.94692115783691
sub-470437,ses-1mo,13,Left-Pallidum,MI,1.408247686366694e-08
sub-470437,ses-1mo,13,Left-Pallidum,NMI,1.0669728301968503e-05
sub-470437,ses-1mo,60,Right-VentralDC,Dice,0.05185021050299136
sub-470437,ses-1mo,60,Right-VentralDC,IoU,0.026615104640582348
sub-470437,ses-1mo,60,Right-VentralDC,Hausdorff,19.849433241279208
sub-470437,ses-1mo,60,Right-VentralDC,HD95,16.881942749023438
sub-470437,ses-1mo,60,Right-VentralDC,MI,7.463986904115511e-05
sub-470437,ses-1mo,60,Right-VentralDC,NMI,0.02686385556530153
sub-470437,ses-1mo,49,Right-Thalamus,Dice,0.2823412038576654
sub-470437,ses-1mo,49,Right-Thalamus,IoU,0.1643756050338819
sub-470437,ses-1mo,49,Right-Thalamus,Hausdorff,15.524174696260024
sub-470437,ses-1mo,49,Right-Thalamus,HD95,11.180339813232422
sub-470437,ses-1mo,49,Right-Thalamus,MI,0.0012090388319596888
sub-470437,ses-1mo,49,Right-Thalamus,NMI,0.1794440684143665
sub-470437,ses-1mo,54,Right-Amygdala,Dice,0.0
sub-470437,ses-1mo,54,Right-Amygdala,IoU,0.0
sub-470437,ses-1mo,54,Right-Amygdala,Hausdorff,25.80697580112788
sub-470437,ses-1mo,54,Right-Amygdala,HD95,22.63735580444336
sub-470437,ses-1mo,54,Right-Amygdala,MI,2.3066991897905797e-08
sub-470437,ses-1mo,54,Right-Amygdala,NMI,1.3058518195061862e-05
sub-470437,ses-1mo,16,Brain-Stem,Dice,0.27967209219436856
sub-470437,ses-1mo,16,Brain-Stem,IoU,0.16256906077348066
sub-470437,ses-1mo,16,Brain-Stem,Hausdorff,27.313000567495326
sub-470437,ses-1mo,16,Brain-Stem,HD95,23.790754318237305
sub-470437,ses-1mo,16,Brain-Stem,MI,0.0022578100224079824
sub-470437,ses-1mo,16,Brain-Stem,NMI,0.17756628622593154
sub-470437,ses-1mo,50,Right-Caudate,Dice,0.035939470365699874
sub-470437,ses-1mo,50,Right-Caudate,IoU,0.018298555377207062
sub-470437,ses-1mo,50,Right-Caudate,Hausdorff,16.881943016134134
sub-470437,ses-1mo,50,Right-Caudate,HD95,13.358505153655999
sub-470437,ses-1mo,50,Right-Caudate,MI,3.2696175783188014e-05
sub-470437,ses-1mo,50,Right-Caudate,NMI,0.015799322775211178
sub-470437,ses-1mo,31,Left-choroid-plexus,Dice,0.0
sub-470437,ses-1mo,31,Left-choroid-plexus,IoU,0.0
sub-470437,ses-1mo,31,Left-choroid-plexus,Hausdorff,35.62302626111375
sub-470437,ses-1mo,31,Left-choroid-plexus,HD95,34.426727294921875
sub-470437,ses-1mo,31,Left-choroid-plexus,MI,2.430078464775681e-11
sub-470437,ses-1mo,31,Left-choroid-plexus,NMI,1.5934758278413572e-07
sub-470437,ses-1mo,28,Left-VentralDC,Dice,0.04790687262144616
sub-470437,ses-1mo,28,Left-VentralDC,IoU,0.024541284403669726
sub-470437,ses-1mo,28,Left-VentralDC,Hausdorff,58.90670590009256
sub-470437,ses-1mo,28,Left-VentralDC,HD95,17.61531620025634
sub-470437,ses-1mo,28,Left-VentralDC,MI,6.765673966928809e-05
sub-470437,ses-1mo,28,Left-VentralDC,NMI,0.024605918327802647
sub-470437,ses-1mo,15,4th-Ventricle,Dice,0.0
sub-470437,ses-1mo,15,4th-Ventricle,IoU,0.0
sub-470437,ses-1mo,15,4th-Ventricle,Hausdorff,31.32091952673165
sub-470437,ses-1mo,15,4th-Ventricle,HD95,21.954498291015625
sub-470437,ses-1mo,15,4th-Ventricle,MI,1.0979466877743217e-08
sub-470437,ses-1mo,15,4th-Ventricle,NMI,9.822347769867037e-06
sub-470437,ses-1mo,2,Left-Cerebral-White-Matter,Dice,0.49071911493546405
sub-470437,ses-1mo,2,Left-Cerebral-White-Matter,IoU,0.3251343867079329
sub-470437,ses-1mo,2,Left-Cerebral-White-Matter,Hausdorff,45.12205669071391
sub-470437,ses-1mo,2,Left-Cerebral-White-Matter,HD95,8.185352325439453
sub-470437,ses-1mo,2,Left-Cerebral-White-Matter,MI,0.03236700262339827
sub-470437,ses-1mo,2,Left-Cerebral-White-Matter,NMI,0.3178599247084281
sub-470437,ses-1mo,41,Right-Cerebral-White-Matter,Dice,0.4773832394832726
sub-470437,ses-1mo,41,Right-Cerebral-White-Matter,IoU,0.3135281653679315
sub-470437,ses-1mo,41,Right-Cerebral-White-Matter,Hausdorff,89.71621926942753
sub-470437,ses-1mo,41,Right-Cerebral-White-Matter,HD95,8.124038696289062
sub-470437,ses-1mo,41,Right-Cerebral-White-Matter,MI,0.030037764215201327
sub-470437,ses-1mo,41,Right-Cerebral-White-Matter,NMI,0.300100862019615
sub-470437,ses-1mo,14,3rd-Ventricle,Dice,0.009823182711198428
sub-470437,ses-1mo,14,3rd-Ventricle,IoU,0.004935834155972359
sub-470437,ses-1mo,14,3rd-Ventricle,Hausdorff,20.346989949375804
sub-470437,ses-1mo,14,3rd-Ventricle,HD95,16.459012222290042
sub-470437,ses-1mo,14,3rd-Ventricle,MI,5.022354791579061e-06
sub-470437,ses-1mo,14,3rd-Ventricle,NMI,0.003669920513212061
sub-470437,ses-1mo,26,Left-Accumbens-area,Dice,0.0
sub-470437,ses-1mo,26,Left-Accumbens-area,IoU,0.0
sub-470437,ses-1mo,26,Left-Accumbens-area,Hausdorff,20.92844953645635
sub-470437,ses-1mo,26,Left-Accumbens-area,HD95,18.681541442871094
sub-470437,ses-1mo,26,Left-Accumbens-area,MI,9.92377551350108e-10
sub-470437,ses-1mo,26,Left-Accumbens-area,NMI,2.5675994098872603e-06
sub-470437,ses-1mo,46,Right-Cerebellum-White-Matter,Dice,0.027439528348669348
sub-470437,ses-1mo,46,Right-Cerebellum-White-Matter,IoU,0.013910614525139664
sub-470437,ses-1mo,46,Right-Cerebellum-White-Matter,Hausdorff,32.49615361854384
sub-470437,ses-1mo,46,Right-Cerebellum-White-Matter,HD95,27.82085609436035
sub-470437,ses-1mo,46,Right-Cerebellum-White-Matter,MI,0.00010519251381163792
sub-470437,ses-1mo,46,Right-Cerebellum-White-Matter,NMI,0.011394040331273671
sub-470437,ses-1mo,7,Left-Cerebellum-White-Matter,Dice,0.0025304807913503567
sub-470437,ses-1mo,7,Left-Cerebellum-White-Matter,IoU,0.001266843256938846
sub-470437,ses-1mo,7,Left-Cerebellum-White-Matter,Hausdorff,34.219877264537345
sub-470437,ses-1mo,7,Left-Cerebellum-White-Matter,HD95,27.03886013031003
sub-470437,ses-1mo,7,Left-Cerebellum-White-Matter,MI,2.2594247191923852e-06
sub-470437,ses-1mo,7,Left-Cerebellum-White-Matter,NMI,0.0002529391583703066
sub-801091,ses-3mo,51,Right-Putamen,Dice,0.2926889106967615
sub-801091,ses-3mo,51,Right-Putamen,IoU,0.17143267710878
sub-801091,ses-3mo,51,Right-Putamen,Hausdorff,15.329709716755891
sub-801091,ses-3mo,51,Right-Putamen,HD95,9.05538558959961
sub-801091,ses-3mo,51,Right-Putamen,MI,0.0009281763224187338
sub-801091,ses-3mo,51,Right-Putamen,NMI,0.19424311449021223
sub-801091,ses-3mo,42,Right-Cerebral-Cortex,Dice,0.23991127451725133
sub-801091,ses-3mo,42,Right-Cerebral-Cortex,IoU,0.13630635265358548
sub-801091,ses-3mo,42,Right-Cerebral-Cortex,Hausdorff,32.93933818400121
sub-801091,ses-3mo,42,Right-Cerebral-Cortex,HD95,9.110433578491211
sub-801091,ses-3mo,42,Right-Cerebral-Cortex,MI,0.009129207394174988
sub-801091,ses-3mo,42,Right-Cerebral-Cortex,NMI,0.08399017752861916
sub-801091,ses-3mo,43,Right-Lateral-Ventricle,Dice,0.6222367240394812
sub-801091,ses-3mo,43,Right-Lateral-Ventricle,IoU,0.45162818235642394
sub-801091,ses-3mo,43,Right-Lateral-Ventricle,Hausdorff,22.58317958127243
sub-801091,ses-3mo,43,Right-Lateral-Ventricle,HD95,7.0
sub-801091,ses-3mo,43,Right-Lateral-Ventricle,MI,0.00353729771696712
sub-801091,ses-3mo,43,Right-Lateral-Ventricle,NMI,0.5191659284157484
sub-801091,ses-3mo,5,Left-Inf-Lat-Vent,Dice,0.04521276595744681
sub-801091,ses-3mo,5,Left-Inf-Lat-Vent,IoU,0.02312925170068027
sub-801091,ses-3mo,5,Left-Inf-Lat-Vent,Hausdorff,22.02271554554524
sub-801091,ses-3mo,5,Left-Inf-Lat-Vent,HD95,20.02498435974121
sub-801091,ses-3mo,5,Left-Inf-Lat-Vent,MI,1.3775853012510822e-05
sub-801091,ses-3mo,5,Left-Inf-Lat-Vent,NMI,0.024395072364981212
sub-801091,ses-3mo,58,Right-Accumbens-area,Dice,0.0
sub-801091,ses-3mo,58,Right-Accumbens-area,IoU,0.0
sub-801091,ses-3mo,58,Right-Accumbens-area,Hausdorff,10.816653826391969
sub-801091,ses-3mo,58,Right-Accumbens-area,HD95,8.584828853607178
sub-801091,ses-3mo,58,Right-Accumbens-area,MI,2.818765244396522e-09
sub-801091,ses-3mo,58,Right-Accumbens-area,NMI,4.8897850992966636e-06
sub-801091,ses-3mo,17,Left-Hippocampus,Dice,0.0025152712899748474
sub-801091,ses-3mo,17,Left-Hippocampus,IoU,0.0012592192840438928
sub-801091,ses-3mo,17,Left-Hippocampus,Hausdorff,23.874672772626646
sub-801091,ses-3mo,17,Left-Hippocampus,HD95,17.291616439819336
sub-801091,ses-3mo,17,Left-Hippocampus,MI,1.0630421686258044e-06
sub-801091,ses-3mo,17,Left-Hippocampus,NMI,0.0003126029715386458
sub-801091,ses-3mo,53,Right-Hippocampus,Dice,0.027307482250136537
sub-801091,ses-3mo,53,Right-Hippocampus,IoU,0.013842746400885935
sub-801091,ses-3mo,53,Right-Hippocampus,Hausdorff,21.633307652783937
sub-801091,ses-3mo,53,Right-Hippocampus,HD95,15.165750503540039
sub-801091,ses-3mo,53,Right-Hippocampus,MI,3.51441388331859e-05
sub-801091,ses-3mo,53,Right-Hippocampus,NMI,0.010451375003917785
sub-801091,ses-3mo,10,Left-Thalamus,Dice,0.5350420013489484
sub-801091,ses-3mo,10,Left-Thalamus,IoU,0.3652268541771304
sub-801091,ses-3mo,10,Left-Thalamus,Hausdorff,15.264337522473747
sub-801091,ses-3mo,10,Left-Thalamus,HD95,10.630146026611328
sub-801091,ses-3mo,10,Left-Thalamus,MI,0.003531830293555113
sub-801091,ses-3mo,10,Left-Thalamus,NMI,0.4018907225802916
sub-801091,ses-3mo,12,Left-Putamen,Dice,0.38106708418643864
sub-801091,ses-3mo,12,Left-Putamen,IoU,0.2353816396369588
sub-801091,ses-3mo,12,Left-Putamen,Hausdorff,14.45683229480096
sub-801091,ses-3mo,12,Left-Putamen,HD95,9.899495124816895
sub-801091,ses-3mo,12,Left-Putamen,MI,0.0013375288370641408
sub-801091,ses-3mo,12,Left-Putamen,NMI,0.27653273218112956
sub-801091,ses-3mo,52,Right-Pallidum,Dice,0.12277227722772277
sub-801091,ses-3mo,52,Right-Pallidum,IoU,0.06540084388185655
sub-801091,ses-3mo,52,Right-Pallidum,Hausdorff,9.695359714832659
sub-801091,ses-3mo,52,Right-Pallidum,HD95,8.124038696289062
sub-801091,ses-3mo,52,Right-Pallidum,MI,0.00010265674892766149
sub-801091,ses-3mo,52,Right-Pallidum,NMI,0.07455774515722055
sub-801091,ses-3mo,8,Left-Cerebellum-Cortex,Dice,0.13464547582407635
sub-801091,ses-3mo,8,Left-Cerebellum-Cortex,IoU,0.07218224422167686
sub-801091,ses-3mo,8,Left-Cerebellum-Cortex,Hausdorff,36.11094017053558
sub-801091,ses-3mo,8,Left-Cerebellum-Cortex,HD95,26.134267807006836
sub-801091,ses-3mo,8,Left-Cerebellum-Cortex,MI,0.0017843897311351645
sub-801091,ses-3mo,8,Left-Cerebellum-Cortex,NMI,0.053817040454661444
sub-801091,ses-3mo,11,Left-Caudate,Dice,0.5716712677850924
sub-801091,ses-3mo,11,Left-Caudate,IoU,0.40023788284269995
sub-801091,ses-3mo,11,Left-Caudate,Hausdorff,7.810249675906654
sub-801091,ses-3mo,11,Left-Caudate,HD95,4.690415859222412
sub-801091,ses-3mo,11,Left-Caudate,MI,0.0013443893911366084
sub-801091,ses-3mo,11,Left-Caudate,NMI,0.45683724824424865
sub-801091,ses-3mo,3,Left-Cerebral-Cortex,Dice,0.22937639538033747
sub-801091,ses-3mo,3,Left-Cerebral-Cortex,IoU,0.1295455424754763
sub-801091,ses-3mo,3,Left-Cerebral-Cortex,Hausdorff,35.05709628591621
sub-801091,ses-3mo,3,Left-Cerebral-Cortex,HD95,10.29563045501709
sub-801091,ses-3mo,3,Left-Cerebral-Cortex,MI,0.008362006656659714
sub-801091,ses-3mo,3,Left-Cerebral-Cortex,NMI,0.07842805894184643
sub-801091,ses-3mo,4,Left-Lateral-Ventricle,Dice,0.6450643496439538
sub-801091,ses-3mo,4,Left-Lateral-Ventricle,IoU,0.47608486017357765
sub-801091,ses-3mo,4,Left-Lateral-Ventricle,Hausdorff,18.138357147217054
sub-801091,ses-3mo,4,Left-Lateral-Ventricle,HD95,11.224971771240234
sub-801091,ses-3mo,4,Left-Lateral-Ventricle,MI,0.00447561791107908
sub-801091,ses-3mo,4,Left-Lateral-Ventricle,NMI,0.5407839924794098
sub-801091,ses-3mo,18,Left-Amygdala,Dice,0.009020090200902008
sub-801091,ses-3mo,18,Left-Amygdala,IoU,0.004530477759472817
sub-801091,ses-3mo,18,Left-Amygdala,Hausdorff,24.186773244895647
sub-801091,ses-3mo,18,Left-Amygdala,HD95,20.822954559326163
sub-801091,ses-3mo,18,Left-Amygdala,MI,4.802221158494901e-06
sub-801091,ses-3mo,18,Left-Amygdala,NMI,0.002957185886596636
sub-801091,ses-3mo,44,Right-Inf-Lat-Vent,Dice,0.14855072463768115
sub-801091,ses-3mo,44,Right-Inf-Lat-Vent,IoU,0.08023483365949119
sub-801091,ses-3mo,44,Right-Inf-Lat-Vent,Hausdorff,20.322401432901575
sub-801091,ses-3mo,44,Right-Inf-Lat-Vent,HD95,18.641308784484863
sub-801091,ses-3mo,44,Right-Inf-Lat-Vent,MI,4.3541140936630566e-05
sub-801091,ses-3mo,44,Right-Inf-Lat-Vent,NMI,0.10285048829912825
sub-801091,ses-3mo,47,Right-Cerebellum-Cortex,Dice,0.1604028187315708
sub-801091,ses-3mo,47,Right-Cerebellum-Cortex,IoU,0.08719453387125256
sub-801091,ses-3mo,47,Right-Cerebellum-Cortex,Hausdorff,32.57299494980466
sub-801091,ses-3mo,47,Right-Cerebellum-Cortex,HD95,22.56102752685547
sub-801091,ses-3mo,47,Right-Cerebellum-Cortex,MI,0.00237384379541785
sub-801091,ses-3mo,47,Right-Cerebellum-Cortex,NMI,0.06969178303230594
sub-801091,ses-3mo,13,Left-Pallidum,Dice,0.2000800320128051
sub-801091,ses-3mo,13,Left-Pallidum,IoU,0.11116051578479325
sub-801091,ses-3mo,13,Left-Pallidum,Hausdorff,10.04987562112089
sub-801091,ses-3mo,13,Left-Pallidum,HD95,7.280109882354736
sub-801091,ses-3mo,13,Left-Pallidum,MI,0.00021707072450709313
sub-801091,ses-3mo,13,Left-Pallidum,NMI,0.1298454384222671
sub-801091,ses-3mo,60,Right-VentralDC,Dice,0.08125331917153479
sub-801091,ses-3mo,60,Right-VentralDC,IoU,0.042347079988928865
sub-801091,ses-3mo,60,Right-VentralDC,Hausdorff,16.401219466856727
sub-801091,ses-3mo,60,Right-VentralDC,HD95,12.806248664855957
sub-801091,ses-3mo,60,Right-VentralDC,MI,0.00010288704362246569
sub-801091,ses-3mo,60,Right-VentralDC,NMI,0.04270554991465786
sub-801091,ses-3mo,49,Right-Thalamus,Dice,0.5723117953691357
sub-801091,ses-3mo,49,Right-Thalamus,IoU,0.40086609493079733
sub-801091,ses-3mo,49,Right-Thalamus,Hausdorff,15.684387141358123
sub-801091,ses-3mo,49,Right-Thalamus,HD95,10.049875259399414
sub-801091,ses-3mo,49,Right-Thalamus,MI,0.003911924686387312
sub-801091,ses-3mo,49,Right-Thalamus,NMI,0.44092552522540945
sub-801091,ses-3mo,54,Right-Amygdala,Dice,0.022264875239923224
sub-801091,ses-3mo,54,Right-Amygdala,IoU,0.01125776397515528
sub-801091,ses-3mo,54,Right-Amygdala,Hausdorff,23.043437243605826
sub-801091,ses-3mo,54,Right-Amygdala,HD95,20.743661880493157
sub-801091,ses-3mo,54,Right-Amygdala,MI,1.6016344267174464e-05
sub-801091,ses-3mo,54,Right-Amygdala,NMI,0.009294302037510435
sub-801091,ses-3mo,24,CSF,Dice,0.00030249762203258233
sub-801091,ses-3mo,24,CSF,IoU,0.0001512716906796469
sub-801091,ses-3mo,24,CSF,Hausdorff,85.66212698736823
sub-801091,ses-3mo,24,CSF,HD95,73.7970199584961
sub-801091,ses-3mo,24,CSF,MI,9.883837347933735e-06
sub-801091,ses-3mo,24,CSF,NMI,0.00011500605159218341
sub-801091,ses-3mo,16,Brain-Stem,Dice,0.31786723453048854
sub-801091,ses-3mo,16,Brain-Stem,IoU,0.18896679326127178
sub-801091,ses-3mo,16,Brain-Stem,Hausdorff,33.823069050575526
sub-801091,ses-3mo,16,Brain-Stem,HD95,27.949059581756586
sub-801091,ses-3mo,16,Brain-Stem,MI,0.002498075414149492
sub-801091,ses-3mo,16,Brain-Stem,NMI,0.2006142215037
sub-801091,ses-3mo,50,Right-Caudate,Dice,0.5788920056100981
sub-801091,ses-3mo,50,Right-Caudate,IoU,0.4073525783370343
sub-801091,ses-3mo,50,Right-Caudate,Hausdorff,10.770329614269007
sub-801091,ses-3mo,50,Right-Caudate,HD95,4.123105525970459
sub-801091,ses-3mo,50,Right-Caudate,MI,0.0016275488826680497
sub-801091,ses-3mo,50,Right-Caudate,NMI,0.46725779208207247
sub-801091,ses-3mo,31,Left-choroid-plexus,Dice,0.0
sub-801091,ses-3mo,31,Left-choroid-plexus,IoU,0.0
sub-801091,ses-3mo,31,Left-choroid-plexus,Hausdorff,36.29049462324811
sub-801091,ses-3mo,31,Left-choroid-plexus,HD95,23.732830429077147
sub-801091,ses-3mo,31,Left-choroid-plexus,MI,8.365290700673147e-10
sub-801091,ses-3mo,31,Left-choroid-plexus,NMI,2.5193771137708163e-06
sub-801091,ses-3mo,28,Left-VentralDC,Dice,0.05951557093425606
sub-801091,ses-3mo,28,Left-VentralDC,IoU,0.030670470756062766
sub-801091,ses-3mo,28,Left-VentralDC,Hausdorff,16.792855623746664
sub-801091,ses-3mo,28,Left-VentralDC,HD95,12.328827857971191
sub-801091,ses-3mo,28,Left-VentralDC,MI,7.784453274057535e-05
sub-801091,ses-3mo,28,Left-VentralDC,NMI,0.028468241172279085
sub-801091,ses-3mo,15,4th-Ventricle,Dice,0.0
sub-801091,ses-3mo,15,4th-Ventricle,IoU,0.0
sub-801091,ses-3mo,15,4th-Ventricle,Hausdorff,34.0
sub-801091,ses-3mo,15,4th-Ventricle,HD95,26.341981124877933
sub-801091,ses-3mo,15,4th-Ventricle,MI,5.112179264155428e-08
sub-801091,ses-3mo,15,4th-Ventricle,NMI,1.9344893432255464e-05
sub-801091,ses-3mo,2,Left-Cerebral-White-Matter,Dice,0.5719745821563396
sub-801091,ses-3mo,2,Left-Cerebral-White-Matter,IoU,0.40053529510702246
sub-801091,ses-3mo,2,Left-Cerebral-White-Matter,Hausdorff,26.19160170741759
sub-801091,ses-3mo,2,Left-Cerebral-White-Matter,HD95,5.385164737701416
sub-801091,ses-3mo,2,Left-Cerebral-White-Matter,MI,0.04657051273352751
sub-801091,ses-3mo,2,Left-Cerebral-White-Matter,NMI,0.38461967826701104
sub-801091,ses-3mo,41,Right-Cerebral-White-Matter,Dice,0.5668312439327355
sub-801091,ses-3mo,41,Right-Cerebral-White-Matter,IoU,0.39550907144261793
sub-801091,ses-3mo,41,Right-Cerebral-White-Matter,Hausdorff,28.722813232690143
sub-801091,ses-3mo,41,Right-Cerebral-White-Matter,HD95,5.916079998016357
sub-801091,ses-3mo,41,Right-Cerebral-White-Matter,MI,0.04553484711726674
sub-801091,ses-3mo,41,Right-Cerebral-White-Matter,NMI,0.37566596721931267
sub-801091,ses-3mo,14,3rd-Ventricle,Dice,0.2785992217898833
sub-801091,ses-3mo,14,3rd-Ventricle,IoU,0.16184448462929477
sub-801091,ses-3mo,14,3rd-Ventricle,Hausdorff,11.180339887498949
sub-801091,ses-3mo,14,3rd-Ventricle,HD95,8.306623458862305
sub-801091,ses-3mo,14,3rd-Ventricle,MI,0.00035011494855974356
sub-801091,ses-3mo,14,3rd-Ventricle,NMI,0.20684743666430333
sub-801091,ses-3mo,63,Right-choroid-plexus,Dice,0.0380952380952381
sub-801091,ses-3mo,63,Right-choroid-plexus,IoU,0.019417475728155338
sub-801091,ses-3mo,63,Right-choroid-plexus,Hausdorff,51.95190083144215
sub-801091,ses-3mo,63,Right-choroid-plexus,HD95,48.425183105468754
sub-801091,ses-3mo,63,Right-choroid-plexus,MI,6.1426087273911914e-06
sub-801091,ses-3mo,63,Right-choroid-plexus,NMI,0.02467287602827946
sub-801091,ses-3mo,26,Left-Accumbens-area,Dice,0.0
sub-801091,ses-3mo,26,Left-Accumbens-area,IoU,0.0
sub-801091,ses-3mo,26,Left-Accumbens-area,Hausdorff,12.206555615733702
sub-801091,ses-3mo,26,Left-Accumbens-area,HD95,9.643651008605957
sub-801091,ses-3mo,26,Left-Accumbens-area,MI,2.745595595535634e-09
sub-801091,ses-3mo,26,Left-Accumbens-area,NMI,4.8198820902416435e-06
sub-801091,ses-3mo,46,Right-Cerebellum-White-Matter,Dice,0.014751163623344074
sub-801091,ses-3mo,46,Right-Cerebellum-White-Matter,IoU,0.007430385225797143
sub-801091,ses-3mo,46,Right-Cerebellum-White-Matter,Hausdorff,35.014282800023196
sub-801091,ses-3mo,46,Right-Cerebellum-White-Matter,HD95,23.777087020874013
sub-801091,ses-3mo,46,Right-Cerebellum-White-Matter,MI,2.666473131199092e-05
sub-801091,ses-3mo,46,Right-Cerebellum-White-Matter,NMI,0.0034875059863083047
sub-801091,ses-3mo,7,Left-Cerebellum-White-Matter,Dice,0.007426202116467604
sub-801091,ses-3mo,7,Left-Cerebellum-White-Matter,IoU,0.003726939561463445
sub-801091,ses-3mo,7,Left-Cerebellum-White-Matter,Hausdorff,34.942810419312295
sub-801091,ses-3mo,7,Left-Cerebellum-White-Matter,HD95,27.74887466430664
sub-801091,ses-3mo,7,Left-Cerebellum-White-Matter,MI,1.0361982602551142e-05
sub-801091,ses-3mo,7,Left-Cerebellum-White-Matter,NMI,0.0012043802695096137
sub-198549,ses-7mo,51,Right-Putamen,Dice,0.5601839080459771
sub-198549,ses-7mo,51,Right-Putamen,IoU,0.3890662919913143
sub-198549,ses-7mo,51,Right-Putamen,Hausdorff,10.246950765959598
sub-198549,ses-7mo,51,Right-Putamen,HD95,7.348469257354736
sub-198549,ses-7mo,51,Right-Putamen,MI,0.0027159203710473523
sub-198549,ses-7mo,51,Right-Putamen,NMI,0.44162370535540385
sub-198549,ses-7mo,42,Right-Cerebral-Cortex,Dice,0.33786874670107325
sub-198549,ses-7mo,42,Right-Cerebral-Cortex,IoU,0.2032744081013373
sub-198549,ses-7mo,42,Right-Cerebral-Cortex,Hausdorff,24.899799195977465
sub-198549,ses-7mo,42,Right-Cerebral-Cortex,HD95,8.774964332580566
sub-198549,ses-7mo,42,Right-Cerebral-Cortex,MI,0.01815373848974998
sub-198549,ses-7mo,42,Right-Cerebral-Cortex,NMI,0.1408337317769031
sub-198549,ses-7mo,43,Right-Lateral-Ventricle,Dice,0.5971456373662017
sub-198549,ses-7mo,43,Right-Lateral-Ventricle,IoU,0.4256647398843931
sub-198549,ses-7mo,43,Right-Lateral-Ventricle,Hausdorff,27.331300737432898
sub-198549,ses-7mo,43,Right-Lateral-Ventricle,HD95,7.0
sub-198549,ses-7mo,43,Right-Lateral-Ventricle,MI,0.0034787797866735843
sub-198549,ses-7mo,43,Right-Lateral-Ventricle,NMI,0.5097361420402883
sub-198549,ses-7mo,85,Optic-Chiasm,Dice,0.01642710472279261
sub-198549,ses-7mo,85,Optic-Chiasm,IoU,0.008281573498964804
sub-198549,ses-7mo,85,Optic-Chiasm,Hausdorff,17.11724276862369
sub-198549,ses-7mo,85,Optic-Chiasm,HD95,15.83666114807129
sub-198549,ses-7mo,85,Optic-Chiasm,MI,3.0224158431260377e-06
sub-198549,ses-7mo,85,Optic-Chiasm,NMI,0.008013850188842606
sub-198549,ses-7mo,62,Right-vessel,Dice,0.05319148936170213
sub-198549,ses-7mo,62,Right-vessel,IoU,0.0273224043715847
sub-198549,ses-7mo,62,Right-vessel,Hausdorff,12.806248474865697
sub-198549,ses-7mo,62,Right-vessel,HD95,12.342999076843261
sub-198549,ses-7mo,62,Right-vessel,MI,5.4591966543616756e-06
sub-198549,ses-7mo,62,Right-vessel,NMI,0.034818800068049244
sub-198549,ses-7mo,5,Left-Inf-Lat-Vent,Dice,0.10071942446043165
sub-198549,ses-7mo,5,Left-Inf-Lat-Vent,IoU,0.05303030303030303
sub-198549,ses-7mo,5,Left-Inf-Lat-Vent,Hausdorff,20.149441679609886
sub-198549,ses-7mo,5,Left-Inf-Lat-Vent,HD95,17.99257183074951
sub-198549,ses-7mo,5,Left-Inf-Lat-Vent,MI,2.1490026611067258e-05
sub-198549,ses-7mo,5,Left-Inf-Lat-Vent,NMI,0.06530071059966602
sub-198549,ses-7mo,58,Right-Accumbens-area,Dice,0.040632054176072234
sub-198549,ses-7mo,58,Right-Accumbens-area,IoU,0.020737327188940093
sub-198549,ses-7mo,58,Right-Accumbens-area,Hausdorff,8.602325267042627
sub-198549,ses-7mo,58,Right-Accumbens-area,HD95,7.183232879638673
sub-198549,ses-7mo,58,Right-Accumbens-area,MI,1.3812483673714011e-05
sub-198549,ses-7mo,58,Right-Accumbens-area,NMI,0.021046632087159883
sub-198549,ses-7mo,17,Left-Hippocampus,Dice,0.17806183115338883
sub-198549,ses-7mo,17,Left-Hippocampus,IoU,0.09773209332680698
sub-198549,ses-7mo,17,Left-Hippocampus,Hausdorff,14.071247279470288
sub-198549,ses-7mo,17,Left-Hippocampus,HD95,8.246211051940918
sub-198549,ses-7mo,17,Left-Hippocampus,MI,0.00043171699451210457
sub-198549,ses-7mo,17,Left-Hippocampus,NMI,0.1072024136963777
sub-198549,ses-7mo,53,Right-Hippocampus,Dice,0.13986435568952524
sub-198549,ses-7mo,53,Right-Hippocampus,IoU,0.07519040674120887
sub-198549,ses-7mo,53,Right-Hippocampus,Hausdorff,11.224972160321824
sub-198549,ses-7mo,53,Right-Hippocampus,HD95,9.063642787933354
sub-198549,ses-7mo,53,Right-Hippocampus,MI,0.0003161668177224066
sub-198549,ses-7mo,53,Right-Hippocampus,NMI,0.07943915591557152
sub-198549,ses-7mo,10,Left-Thalamus,Dice,0.745728056082956
sub-198549,ses-7mo,10,Left-Thalamus,IoU,0.5945505356311132
sub-198549,ses-7mo,10,Left-Thalamus,Hausdorff,8.12403840463596
sub-198549,ses-7mo,10,Left-Thalamus,HD95,4.690415859222412
sub-198549,ses-7mo,10,Left-Thalamus,MI,0.004765202155459072
sub-198549,ses-7mo,10,Left-Thalamus,NMI,0.6313648968038583
sub-198549,ses-7mo,12,Left-Putamen,Dice,0.5472448399924257
sub-198549,ses-7mo,12,Left-Putamen,IoU,0.3766944734098019
sub-198549,ses-7mo,12,Left-Putamen,Hausdorff,10.04987562112089
sub-198549,ses-7mo,12,Left-Putamen,HD95,7.348469257354736
sub-198549,ses-7mo,12,Left-Putamen,MI,0.002578192605839297
sub-198549,ses-7mo,12,Left-Putamen,NMI,0.43034798074638464
sub-198549,ses-7mo,52,Right-Pallidum,Dice,0.5568461809222105
sub-198549,ses-7mo,52,Right-Pallidum,IoU,0.3858536585365854
sub-198549,ses-7mo,52,Right-Pallidum,Hausdorff,6.4031242374328485
sub-198549,ses-7mo,52,Right-Pallidum,HD95,4.123105525970459
sub-198549,ses-7mo,52,Right-Pallidum,MI,0.0008388551958182363
sub-198549,ses-7mo,52,Right-Pallidum,NMI,0.44733817669590714
sub-198549,ses-7mo,8,Left-Cerebellum-Cortex,Dice,0.2078259329936456
sub-198549,ses-7mo,8,Left-Cerebellum-Cortex,IoU,0.11596302882609937
sub-198549,ses-7mo,8,Left-Cerebellum-Cortex,Hausdorff,29.68164415931166
sub-198549,ses-7mo,8,Left-Cerebellum-Cortex,HD95,22.226110458374023
sub-198549,ses-7mo,8,Left-Cerebellum-Cortex,MI,0.0039045484020096537
sub-198549,ses-7mo,8,Left-Cerebellum-Cortex,NMI,0.09342872469563124
sub-198549,ses-7mo,11,Left-Caudate,Dice,0.6728446136025154
sub-198549,ses-7mo,11,Left-Caudate,IoU,0.5069825436408978
sub-198549,ses-7mo,11,Left-Caudate,Hausdorff,4.47213595499958
sub-198549,ses-7mo,11,Left-Caudate,HD95,2.8284270763397217
sub-198549,ses-7mo,11,Left-Caudate,MI,0.002063030954042477
sub-198549,ses-7mo,11,Left-Caudate,NMI,0.5619502865119841
sub-198549,ses-7mo,3,Left-Cerebral-Cortex,Dice,0.3615103345489747
sub-198549,ses-7mo,3,Left-Cerebral-Cortex,IoU,0.22063632268895766
sub-198549,ses-7mo,3,Left-Cerebral-Cortex,Hausdorff,29.478805945967352
sub-198549,ses-7mo,3,Left-Cerebral-Cortex,HD95,9.539392471313477
sub-198549,ses-7mo,3,Left-Cerebral-Cortex,MI,0.020581647361424198
sub-198549,ses-7mo,3,Left-Cerebral-Cortex,NMI,0.15724698182219773
sub-198549,ses-7mo,77,WM-hypointensities,Dice,0.0
sub-198549,ses-7mo,77,WM-hypointensities,IoU,0.0
sub-198549,ses-7mo,77,WM-hypointensities,Hausdorff,81.4555093287127
sub-198549,ses-7mo,77,WM-hypointensities,HD95,71.2867446899414
sub-198549,ses-7mo,77,WM-hypointensities,MI,8.179921280765683e-11
sub-198549,ses-7mo,77,WM-hypointensities,NMI,1.3667991270142889e-07
sub-198549,ses-7mo,4,Left-Lateral-Ventricle,Dice,0.5584499461786867
sub-198549,ses-7mo,4,Left-Lateral-Ventricle,IoU,0.38739545997610514
sub-198549,ses-7mo,4,Left-Lateral-Ventricle,Hausdorff,19.44222209522358
sub-198549,ses-7mo,4,Left-Lateral-Ventricle,HD95,7.071067810058594
sub-198549,ses-7mo,4,Left-Lateral-Ventricle,MI,0.003548271860754411
sub-198549,ses-7mo,4,Left-Lateral-Ventricle,NMI,0.4679220295929507
sub-198549,ses-7mo,18,Left-Amygdala,Dice,0.20582120582120583
sub-198549,ses-7mo,18,Left-Amygdala,IoU,0.11471610660486674
sub-198549,ses-7mo,18,Left-Amygdala,Hausdorff,17.291616465790582
sub-198549,ses-7mo,18,Left-Amygdala,HD95,13.928388595581055
sub-198549,ses-7mo,18,Left-Amygdala,MI,0.00025652277816819136
sub-198549,ses-7mo,18,Left-Amygdala,NMI,0.1352951851921996
sub-198549,ses-7mo,44,Right-Inf-Lat-Vent,Dice,0.08478802992518704
sub-198549,ses-7mo,44,Right-Inf-Lat-Vent,IoU,0.044270833333333336
sub-198549,ses-7mo,44,Right-Inf-Lat-Vent,Hausdorff,17.11724276862369
sub-198549,ses-7mo,44,Right-Inf-Lat-Vent,HD95,8.602325439453125
sub-198549,ses-7mo,44,Right-Inf-Lat-Vent,MI,1.6885068781905666e-05
sub-198549,ses-7mo,44,Right-Inf-Lat-Vent,NMI,0.05304336976459121
sub-198549,ses-7mo,47,Right-Cerebellum-Cortex,Dice,0.19819648789748456
sub-198549,ses-7mo,47,Right-Cerebellum-Cortex,IoU,0.1099989463702455
sub-198549,ses-7mo,47,Right-Cerebellum-Cortex,Hausdorff,29.698484809834994
sub-198549,ses-7mo,47,Right-Cerebellum-Cortex,HD95,23.53720474243164
sub-198549,ses-7mo,47,Right-Cerebellum-Cortex,MI,0.003740480409516347
sub-198549,ses-7mo,47,Right-Cerebellum-Cortex,NMI,0.08695596283398763
sub-198549,ses-7mo,13,Left-Pallidum,Dice,0.5339485827290705
sub-198549,ses-7mo,13,Left-Pallidum,IoU,0.3642086330935252
sub-198549,ses-7mo,13,Left-Pallidum,Hausdorff,7.3484692283495345
sub-198549,ses-7mo,13,Left-Pallidum,HD95,4.582575798034668
sub-198549,ses-7mo,13,Left-Pallidum,MI,0.0008441261212612297
sub-198549,ses-7mo,13,Left-Pallidum,NMI,0.42457206028767375
sub-198549,ses-7mo,60,Right-VentralDC,Dice,0.38920762908978135
sub-198549,ses-7mo,60,Right-VentralDC,IoU,0.24162495186753946
sub-198549,ses-7mo,60,Right-VentralDC,Hausdorff,13.038404810405298
sub-198549,ses-7mo,60,Right-VentralDC,HD95,8.737806367874141
sub-198549,ses-7mo,60,Right-VentralDC,MI,0.00108274890797996
sub-198549,ses-7mo,60,Right-VentralDC,NMI,0.27832986329896175
sub-198549,ses-7mo,49,Right-Thalamus,Dice,0.6889987456651664
sub-198549,ses-7mo,49,Right-Thalamus,IoU,0.5255515533543449
sub-198549,ses-7mo,49,Right-Thalamus,Hausdorff,12.041594578792296
sub-198549,ses-7mo,49,Right-Thalamus,HD95,6.7082037925720215
sub-198549,ses-7mo,49,Right-Thalamus,MI,0.004231790417637609
sub-198549,ses-7mo,49,Right-Thalamus,NMI,0.5657444990164924
sub-198549,ses-7mo,54,Right-Amygdala,Dice,0.26671565025716387
sub-198549,ses-7mo,54,Right-Amygdala,IoU,0.15387876218736754
sub-198549,ses-7mo,54,Right-Amygdala,Hausdorff,10.677078252031311
sub-198549,ses-7mo,54,Right-Amygdala,HD95,7.874007701873779
sub-198549,ses-7mo,54,Right-Amygdala,MI,0.0003353550070063926
sub-198549,ses-7mo,54,Right-Amygdala,NMI,0.18662693731901753
sub-198549,ses-7mo,24,CSF,Dice,0.0015620076646100233
sub-198549,ses-7mo,24,CSF,IoU,0.0007816142760499909
sub-198549,ses-7mo,24,CSF,Hausdorff,86.59099260315706
sub-198549,ses-7mo,24,CSF,HD95,75.18643188476562
sub-198549,ses-7mo,24,CSF,MI,5.800457561907406e-05
sub-198549,ses-7mo,24,CSF,NMI,0.0005704317748155851
sub-198549,ses-7mo,16,Brain-Stem,Dice,0.3536352126713897
sub-198549,ses-7mo,16,Brain-Stem,IoU,0.2147976046336595
sub-198549,ses-7mo,16,Brain-Stem,Hausdorff,32.817678162843876
sub-198549,ses-7mo,16,Brain-Stem,HD95,27.6559198379516
sub-198549,ses-7mo,16,Brain-Stem,MI,0.004209132990878681
sub-198549,ses-7mo,16,Brain-Stem,NMI,0.23811592430860692
sub-198549,ses-7mo,50,Right-Caudate,Dice,0.7178845251134408
sub-198549,ses-7mo,50,Right-Caudate,IoU,0.5599218940688309
sub-198549,ses-7mo,50,Right-Caudate,Hausdorff,5.830951894845301
sub-198549,ses-7mo,50,Right-Caudate,HD95,2.4494898319244385
sub-198549,ses-7mo,50,Right-Caudate,MI,0.002355911791043937
sub-198549,ses-7mo,50,Right-Caudate,NMI,0.6105146949679073
sub-198549,ses-7mo,30,Left-vessel,Dice,0.0
sub-198549,ses-7mo,30,Left-vessel,IoU,0.0
sub-198549,ses-7mo,30,Left-vessel,Hausdorff,9.695359714832659
sub-198549,ses-7mo,30,Left-vessel,HD95,8.610957384109497
sub-198549,ses-7mo,30,Left-vessel,MI,3.390509516209856e-11
sub-198549,ses-7mo,30,Left-vessel,NMI,3.262849411966176e-07
sub-198549,ses-7mo,31,Left-choroid-plexus,Dice,0.014336917562724014
sub-198549,ses-7mo,31,Left-choroid-plexus,IoU,0.007220216606498195
sub-198549,ses-7mo,31,Left-choroid-plexus,Hausdorff,38.65229618017538
sub-198549,ses-7mo,31,Left-choroid-plexus,HD95,7.0
sub-198549,ses-7mo,31,Left-choroid-plexus,MI,3.7701487077531574e-06
sub-198549,ses-7mo,31,Left-choroid-plexus,NMI,0.006050368460108368
sub-198549,ses-7mo,28,Left-VentralDC,Dice,0.42972483110891413
sub-198549,ses-7mo,28,Left-VentralDC,IoU,0.2736621196222455
sub-198549,ses-7mo,28,Left-VentralDC,Hausdorff,12.165525060596439
sub-198549,ses-7mo,28,Left-VentralDC,HD95,7.031980514526354
sub-198549,ses-7mo,28,Left-VentralDC,MI,0.0011648809299398873
sub-198549,ses-7mo,28,Left-VentralDC,NMI,0.3160282290866599
sub-198549,ses-7mo,15,4th-Ventricle,Dice,0.055134925257231605
sub-198549,ses-7mo,15,4th-Ventricle,IoU,0.028348971850668796
sub-198549,ses-7mo,15,4th-Ventricle,Hausdorff,32.69556544854363
sub-198549,ses-7mo,15,4th-Ventricle,HD95,24.28373699188232
sub-198549,ses-7mo,15,4th-Ventricle,MI,9.171999695037827e-05
sub-198549,ses-7mo,15,4th-Ventricle,NMI,0.029497069300279313
sub-198549,ses-7mo,2,Left-Cerebral-White-Matter,Dice,0.5256710445929682
sub-198549,ses-7mo,2,Left-Cerebral-White-Matter,IoU,0.35654935939845345
sub-198549,ses-7mo,2,Left-Cerebral-White-Matter,Hausdorff,99.02524930541705
sub-198549,ses-7mo,2,Left-Cerebral-White-Matter,HD95,6.082762718200684
sub-198549,ses-7mo,2,Left-Cerebral-White-Matter,MI,0.04001926865529252
sub-198549,ses-7mo,2,Left-Cerebral-White-Matter,NMI,0.3316291715652147
sub-198549,ses-7mo,41,Right-Cerebral-White-Matter,Dice,0.5429459023021846
sub-198549,ses-7mo,41,Right-Cerebral-White-Matter,IoU,0.37263263125236995
sub-198549,ses-7mo,41,Right-Cerebral-White-Matter,Hausdorff,20.97617696340303
sub-198549,ses-7mo,41,Right-Cerebral-White-Matter,HD95,5.385164737701416
sub-198549,ses-7mo,41,Right-Cerebral-White-Matter,MI,0.04295566810791312
sub-198549,ses-7mo,41,Right-Cerebral-White-Matter,NMI,0.3436709525024561
sub-198549,ses-7mo,14,3rd-Ventricle,Dice,0.6186020913593836
sub-198549,ses-7mo,14,3rd-Ventricle,IoU,0.447808764940239
sub-198549,ses-7mo,14,3rd-Ventricle,Hausdorff,7.615773105863909
sub-198549,ses-7mo,14,3rd-Ventricle,HD95,4.582575798034668
sub-198549,ses-7mo,14,3rd-Ventricle,MI,0.0006820601652794545
sub-198549,ses-7mo,14,3rd-Ventricle,NMI,0.5466561434242899
sub-198549,ses-7mo,63,Right-choroid-plexus,Dice,0.09393346379647749
sub-198549,ses-7mo,63,Right-choroid-plexus,IoU,0.049281314168377825
sub-198549,ses-7mo,63,Right-choroid-plexus,Hausdorff,8.831760866327848
sub-198549,ses-7mo,63,Right-choroid-plexus,HD95,6.4031243324279785
sub-198549,ses-7mo,63,Right-choroid-plexus,MI,4.180238471260749e-05
sub-198549,ses-7mo,63,Right-choroid-plexus,NMI,0.055959915444809744
sub-198549,ses-7mo,26,Left-Accumbens-area,Dice,0.01276595744680851
sub-198549,ses-7mo,26,Left-Accumbens-area,IoU,0.006423982869379015
sub-198549,ses-7mo,26,Left-Accumbens-area,Hausdorff,9.433981132056603
sub-198549,ses-7mo,26,Left-Accumbens-area,HD95,7.771518564224234
sub-198549,ses-7mo,26,Left-Accumbens-area,MI,3.5928541182594874e-06
sub-198549,ses-7mo,26,Left-Accumbens-area,NMI,0.005194700276083883
sub-198549,ses-7mo,46,Right-Cerebellum-White-Matter,Dice,0.03360443292519439
sub-198549,ses-7mo,46,Right-Cerebellum-White-Matter,IoU,0.01708935551313517
sub-198549,ses-7mo,46,Right-Cerebellum-White-Matter,Hausdorff,30.116440692751194
sub-198549,ses-7mo,46,Right-Cerebellum-White-Matter,HD95,18.055469512939453
sub-198549,ses-7mo,46,Right-Cerebellum-White-Matter,MI,0.00011484150947343411
sub-198549,ses-7mo,46,Right-Cerebellum-White-Matter,NMI,0.009957208176952854
sub-198549,ses-7mo,7,Left-Cerebellum-White-Matter,Dice,0.035836828059473885
sub-198549,ses-7mo,7,Left-Cerebellum-White-Matter,IoU,0.018245341614906832
sub-198549,ses-7mo,7,Left-Cerebellum-White-Matter,Hausdorff,28.722813232690143
sub-198549,ses-7mo,7,Left-Cerebellum-White-Matter,HD95,17.0880069732666
sub-198549,ses-7mo,7,Left-Cerebellum-White-Matter,MI,0.00012112264294746218
sub-198549,ses-7mo,7,Left-Cerebellum-White-Matter,NMI,0.011099629210950817
sub-726893,ses-8mo,51,Right-Putamen,Dice,0.37354851407203304
sub-726893,ses-8mo,51,Right-Putamen,IoU,0.2296708615682478
sub-726893,ses-8mo,51,Right-Putamen,Hausdorff,17.74823934929885
sub-726893,ses-8mo,51,Right-Putamen,HD95,12.529964447021484
sub-726893,ses-8mo,51,Right-Putamen,MI,0.001533451130766857
sub-726893,ses-8mo,51,Right-Putamen,NMI,0.2650905568843272
sub-726893,ses-8mo,42,Right-Cerebral-Cortex,Dice,0.30337859600942546
sub-726893,ses-8mo,42,Right-Cerebral-Cortex,IoU,0.17881337303411202
sub-726893,ses-8mo,42,Right-Cerebral-Cortex,Hausdorff,37.3496987939662
sub-726893,ses-8mo,42,Right-Cerebral-Cortex,HD95,13.601470947265625
sub-726893,ses-8mo,42,Right-Cerebral-Cortex,MI,0.015134699930403284
sub-726893,ses-8mo,42,Right-Cerebral-Cortex,NMI,0.11659355088125778
sub-726893,ses-8mo,43,Right-Lateral-Ventricle,Dice,0.38785757760194767
sub-726893,ses-8mo,43,Right-Lateral-Ventricle,IoU,0.24058518168947618
sub-726893,ses-8mo,43,Right-Lateral-Ventricle,Hausdorff,29.816103031751148
sub-726893,ses-8mo,43,Right-Lateral-Ventricle,HD95,14.899664878845215
sub-726893,ses-8mo,43,Right-Lateral-Ventricle,MI,0.0022771202851579156
sub-726893,ses-8mo,43,Right-Lateral-Ventricle,NMI,0.3201426330085084
sub-726893,ses-8mo,85,Optic-Chiasm,Dice,0.0
sub-726893,ses-8mo,85,Optic-Chiasm,IoU,0.0
sub-726893,ses-8mo,85,Optic-Chiasm,Hausdorff,24.413111231467404
sub-726893,ses-8mo,85,Optic-Chiasm,HD95,22.221609115600586
sub-726893,ses-8mo,85,Optic-Chiasm,MI,9.335762428419082e-10
sub-726893,ses-8mo,85,Optic-Chiasm,NMI,2.2627560224690653e-06
sub-726893,ses-8mo,62,Right-vessel,Dice,0.0
sub-726893,ses-8mo,62,Right-vessel,IoU,0.0
sub-726893,ses-8mo,62,Right-vessel,Hausdorff,14.966629547095765
sub-726893,ses-8mo,62,Right-vessel,HD95,13.992838859558105
sub-726893,ses-8mo,62,Right-vessel,MI,9.464474808325405e-11
sub-726893,ses-8mo,62,Right-vessel,NMI,7.259603881313807e-07
sub-726893,ses-8mo,5,Left-Inf-Lat-Vent,Dice,0.0
sub-726893,ses-8mo,5,Left-Inf-Lat-Vent,IoU,0.0
sub-726893,ses-8mo,5,Left-Inf-Lat-Vent,Hausdorff,25.019992006393608
sub-726893,ses-8mo,5,Left-Inf-Lat-Vent,HD95,21.22262649536133
sub-726893,ses-8mo,5,Left-Inf-Lat-Vent,MI,4.038018370714066e-09
sub-726893,ses-8mo,5,Left-Inf-Lat-Vent,NMI,5.910540642712199e-06
sub-726893,ses-8mo,58,Right-Accumbens-area,Dice,0.0
sub-726893,ses-8mo,58,Right-Accumbens-area,IoU,0.0
sub-726893,ses-8mo,58,Right-Accumbens-area,Hausdorff,16.64331697709324
sub-726893,ses-8mo,58,Right-Accumbens-area,HD95,14.142135620117188
sub-726893,ses-8mo,58,Right-Accumbens-area,MI,1.949563968540926e-09
sub-726893,ses-8mo,58,Right-Accumbens-area,NMI,3.9316205260744795e-06
sub-726893,ses-8mo,17,Left-Hippocampus,Dice,0.0
sub-726893,ses-8mo,17,Left-Hippocampus,IoU,0.0
sub-726893,ses-8mo,17,Left-Hippocampus,Hausdorff,24.698178070456937
sub-726893,ses-8mo,17,Left-Hippocampus,HD95,19.892194938659664
sub-726893,ses-8mo,17,Left-Hippocampus,MI,1.4679627298127586e-07
sub-726893,ses-8mo,17,Left-Hippocampus,NMI,4.172150538273464e-05
sub-726893,ses-8mo,53,Right-Hippocampus,Dice,0.0
sub-726893,ses-8mo,53,Right-Hippocampus,IoU,0.0
sub-726893,ses-8mo,53,Right-Hippocampus,Hausdorff,24.43358344574123
sub-726893,ses-8mo,53,Right-Hippocampus,HD95,17.973590373992913
sub-726893,ses-8mo,53,Right-Hippocampus,MI,1.601777103351883e-07
sub-726893,ses-8mo,53,Right-Hippocampus,NMI,4.3941236063818224e-05
sub-726893,ses-8mo,10,Left-Thalamus,Dice,0.37293035479632064
sub-726893,ses-8mo,10,Left-Thalamus,IoU,0.22920368276530448
sub-726893,ses-8mo,10,Left-Thalamus,Hausdorff,23.45207879911715
sub-726893,ses-8mo,10,Left-Thalamus,HD95,14.788501071929925
sub-726893,ses-8mo,10,Left-Thalamus,MI,0.00212769924729044
sub-726893,ses-8mo,10,Left-Thalamus,NMI,0.2581497271445673
sub-726893,ses-8mo,12,Left-Putamen,Dice,0.3321432214628175
sub-726893,ses-8mo,12,Left-Putamen,IoU,0.19914373088685014
sub-726893,ses-8mo,12,Left-Putamen,Hausdorff,19.4164878389476
sub-726893,ses-8mo,12,Left-Putamen,HD95,13.638181686401367
sub-726893,ses-8mo,12,Left-Putamen,MI,0.001279143711364993
sub-726893,ses-8mo,12,Left-Putamen,NMI,0.22809502509259022
sub-726893,ses-8mo,52,Right-Pallidum,Dice,0.07472359893252002
sub-726893,ses-8mo,52,Right-Pallidum,IoU,0.03881188118811881
sub-726893,ses-8mo,52,Right-Pallidum,Hausdorff,12.529964086141668
sub-726893,ses-8mo,52,Right-Pallidum,HD95,11.46293106079102
sub-726893,ses-8mo,52,Right-Pallidum,MI,6.919572698124496e-05
sub-726893,ses-8mo,52,Right-Pallidum,NMI,0.039630965712351585
sub-726893,ses-8mo,8,Left-Cerebellum-Cortex,Dice,0.13855313007396716
sub-726893,ses-8mo,8,Left-Cerebellum-Cortex,IoU,0.07443302965691026
sub-726893,ses-8mo,8,Left-Cerebellum-Cortex,Hausdorff,33.61547262794322
sub-726893,ses-8mo,8,Left-Cerebellum-Cortex,HD95,25.70992088317871
sub-726893,ses-8mo,8,Left-Cerebellum-Cortex,MI,0.001725635158519122
sub-726893,ses-8mo,8,Left-Cerebellum-Cortex,NMI,0.05491646090076396
sub-726893,ses-8mo,11,Left-Caudate,Dice,0.512163416898793
sub-726893,ses-8mo,11,Left-Caudate,IoU,0.34423364952571145
sub-726893,ses-8mo,11,Left-Caudate,Hausdorff,13.96424004376894
sub-726893,ses-8mo,11,Left-Caudate,HD95,5.4772257804870605
sub-726893,ses-8mo,11,Left-Caudate,MI,0.0013122960037096631
sub-726893,ses-8mo,11,Left-Caudate,NMI,0.3958562809272995
sub-726893,ses-8mo,3,Left-Cerebral-Cortex,Dice,0.3029607297093912
sub-726893,ses-8mo,3,Left-Cerebral-Cortex,IoU,0.17852311081611613
sub-726893,ses-8mo,3,Left-Cerebral-Cortex,Hausdorff,41.291645644125154
sub-726893,ses-8mo,3,Left-Cerebral-Cortex,HD95,16.67333221435547
sub-726893,ses-8mo,3,Left-Cerebral-Cortex,MI,0.015181431489828798
sub-726893,ses-8mo,3,Left-Cerebral-Cortex,NMI,0.11602165327936065
sub-726893,ses-8mo,77,WM-hypointensities,Dice,0.006254886630179828
sub-726893,ses-8mo,77,WM-hypointensities,IoU,0.003137254901960784
sub-726893,ses-8mo,77,WM-hypointensities,Hausdorff,58.73670062235365
sub-726893,ses-8mo,77,WM-hypointensities,HD95,48.73909454345703
sub-726893,ses-8mo,77,WM-hypointensities,MI,2.8574216010897582e-06
sub-726893,ses-8mo,77,WM-hypointensities,NMI,0.0032894643889844013
sub-726893,ses-8mo,4,Left-Lateral-Ventricle,Dice,0.42490600883846713
sub-726893,ses-8mo,4,Left-Lateral-Ventricle,IoU,0.26976549413735346
sub-726893,ses-8mo,4,Left-Lateral-Ventricle,Hausdorff,26.68332812825267
sub-726893,ses-8mo,4,Left-Lateral-Ventricle,HD95,15.842979431152344
sub-726893,ses-8mo,4,Left-Lateral-Ventricle,MI,0.0028194226807096803
sub-726893,ses-8mo,4,Left-Lateral-Ventricle,NMI,0.348749867244772
sub-726893,ses-8mo,18,Left-Amygdala,Dice,0.0
sub-726893,ses-8mo,18,Left-Amygdala,IoU,0.0
sub-726893,ses-8mo,18,Left-Amygdala,Hausdorff,27.2213151776324
sub-726893,ses-8mo,18,Left-Amygdala,HD95,24.515300750732422
sub-726893,ses-8mo,18,Left-Amygdala,MI,2.8406041697450965e-08
sub-726893,ses-8mo,18,Left-Amygdala,NMI,1.659823065787032e-05
sub-726893,ses-8mo,44,Right-Inf-Lat-Vent,Dice,0.0
sub-726893,ses-8mo,44,Right-Inf-Lat-Vent,IoU,0.0
sub-726893,ses-8mo,44,Right-Inf-Lat-Vent,Hausdorff,22.58317958127243
sub-726893,ses-8mo,44,Right-Inf-Lat-Vent,HD95,18.270191192626953
sub-726893,ses-8mo,44,Right-Inf-Lat-Vent,MI,2.066711777464012e-09
sub-726893,ses-8mo,44,Right-Inf-Lat-Vent,NMI,3.972995919310307e-06
sub-726893,ses-8mo,47,Right-Cerebellum-Cortex,Dice,0.13136599188216375
sub-726893,ses-8mo,47,Right-Cerebellum-Cortex,IoU,0.07030054644808743
sub-726893,ses-8mo,47,Right-Cerebellum-Cortex,Hausdorff,31.32091952673165
sub-726893,ses-8mo,47,Right-Cerebellum-Cortex,HD95,24.820354270935045
sub-726893,ses-8mo,47,Right-Cerebellum-Cortex,MI,0.0016870135958214749
sub-726893,ses-8mo,47,Right-Cerebellum-Cortex,NMI,0.05008729790887034
sub-726893,ses-8mo,13,Left-Pallidum,Dice,0.042837078651685394
sub-726893,ses-8mo,13,Left-Pallidum,IoU,0.021887334050950842
sub-726893,ses-8mo,13,Left-Pallidum,Hausdorff,14.628738838327793
sub-726893,ses-8mo,13,Left-Pallidum,HD95,12.727922439575195
sub-726893,ses-8mo,13,Left-Pallidum,MI,3.74297706394354e-05
sub-726893,ses-8mo,13,Left-Pallidum,NMI,0.019916294066471104
sub-726893,ses-8mo,60,Right-VentralDC,Dice,0.001417685628211944
sub-726893,ses-8mo,60,Right-VentralDC,IoU,0.0007093456286575634
sub-726893,ses-8mo,60,Right-VentralDC,Hausdorff,21.118712081942874
sub-726893,ses-8mo,60,Right-VentralDC,HD95,16.401220321655273
sub-726893,ses-8mo,60,Right-VentralDC,MI,3.1375938035118653e-07
sub-726893,ses-8mo,60,Right-VentralDC,NMI,9.077155473940196e-05
sub-726893,ses-8mo,49,Right-Thalamus,Dice,0.3676092544987147
sub-726893,ses-8mo,49,Right-Thalamus,IoU,0.2251968503937008
sub-726893,ses-8mo,49,Right-Thalamus,Hausdorff,22.0
sub-726893,ses-8mo,49,Right-Thalamus,HD95,15.81138801574707
sub-726893,ses-8mo,49,Right-Thalamus,MI,0.002036212696849362
sub-726893,ses-8mo,49,Right-Thalamus,NMI,0.2533424121656261
sub-726893,ses-8mo,54,Right-Amygdala,Dice,0.0
sub-726893,ses-8mo,54,Right-Amygdala,IoU,0.0
sub-726893,ses-8mo,54,Right-Amygdala,Hausdorff,26.739483914241877
sub-726893,ses-8mo,54,Right-Amygdala,HD95,22.230600643157956
sub-726893,ses-8mo,54,Right-Amygdala,MI,2.8510706821566374e-08
sub-726893,ses-8mo,54,Right-Amygdala,NMI,1.623514336300819e-05
sub-726893,ses-8mo,24,CSF,Dice,0.0006351343626744238
sub-726893,ses-8mo,24,CSF,IoU,0.00031766806228835363
sub-726893,ses-8mo,24,CSF,Hausdorff,88.75246475450696
sub-726893,ses-8mo,24,CSF,HD95,74.55199432373047
sub-726893,ses-8mo,24,CSF,MI,1.1445937159493491e-05
sub-726893,ses-8mo,24,CSF,NMI,0.00012734979613553582
sub-726893,ses-8mo,16,Brain-Stem,Dice,0.22188833873996927
sub-726893,ses-8mo,16,Brain-Stem,IoU,0.12478875403287755
sub-726893,ses-8mo,16,Brain-Stem,Hausdorff,35.369478367654786
sub-726893,ses-8mo,16,Brain-Stem,HD95,28.44292449951172
sub-726893,ses-8mo,16,Brain-Stem,MI,0.0018206934040413771
sub-726893,ses-8mo,16,Brain-Stem,NMI,0.12540280555106453
sub-726893,ses-8mo,50,Right-Caudate,Dice,0.6078224101479915
sub-726893,ses-8mo,50,Right-Caudate,IoU,0.43659832953682615
sub-726893,ses-8mo,50,Right-Caudate,Hausdorff,12.409673645990857
sub-726893,ses-8mo,50,Right-Caudate,HD95,5.0
sub-726893,ses-8mo,50,Right-Caudate,MI,0.001707433569030808
sub-726893,ses-8mo,50,Right-Caudate,NMI,0.49149401971193785
sub-726893,ses-8mo,30,Left-vessel,Dice,0.0
sub-726893,ses-8mo,30,Left-vessel,IoU,0.0
sub-726893,ses-8mo,30,Left-vessel,Hausdorff,17.72004514666935
sub-726893,ses-8mo,30,Left-vessel,HD95,17.022039890289307
sub-726893,ses-8mo,30,Left-vessel,MI,1.1905830406164176e-10
sub-726893,ses-8mo,30,Left-vessel,NMI,6.458659258833372e-07
sub-726893,ses-8mo,31,Left-choroid-plexus,Dice,0.0
sub-726893,ses-8mo,31,Left-choroid-plexus,IoU,0.0
sub-726893,ses-8mo,31,Left-choroid-plexus,Hausdorff,17.146428199482248
sub-726893,ses-8mo,31,Left-choroid-plexus,HD95,15.29705810546875
sub-726893,ses-8mo,31,Left-choroid-plexus,MI,3.671033589689853e-09
sub-726893,ses-8mo,31,Left-choroid-plexus,NMI,5.208292231952771e-06
sub-726893,ses-8mo,28,Left-VentralDC,Dice,0.00034311202607651396
sub-726893,ses-8mo,28,Left-VentralDC,IoU,0.00017158544955387783
sub-726893,ses-8mo,28,Left-VentralDC,Hausdorff,23.259406699226016
sub-726893,ses-8mo,28,Left-VentralDC,HD95,18.384777069091797
sub-726893,ses-8mo,28,Left-VentralDC,MI,1.3891911074655761e-09
sub-726893,ses-8mo,28,Left-VentralDC,NMI,3.909948819766555e-07
sub-726893,ses-8mo,15,4th-Ventricle,Dice,0.0
sub-726893,ses-8mo,15,4th-Ventricle,IoU,0.0
sub-726893,ses-8mo,15,4th-Ventricle,Hausdorff,34.79942528261063
sub-726893,ses-8mo,15,4th-Ventricle,HD95,27.304759120941156
sub-726893,ses-8mo,15,4th-Ventricle,MI,5.41763996656907e-08
sub-726893,ses-8mo,15,4th-Ventricle,NMI,2.1782111587426933e-05
sub-726893,ses-8mo,2,Left-Cerebral-White-Matter,Dice,0.4756446245944673
sub-726893,ses-8mo,2,Left-Cerebral-White-Matter,IoU,0.3120300110254336
sub-726893,ses-8mo,2,Left-Cerebral-White-Matter,Hausdorff,33.436506994600975
sub-726893,ses-8mo,2,Left-Cerebral-White-Matter,HD95,12.961481094360352
sub-726893,ses-8mo,2,Left-Cerebral-White-Matter,MI,0.036038863096719415
sub-726893,ses-8mo,2,Left-Cerebral-White-Matter,NMI,0.29911048155858344
sub-726893,ses-8mo,41,Right-Cerebral-White-Matter,Dice,0.49366580976863755
sub-726893,ses-8mo,41,Right-Cerebral-White-Matter,IoU,0.32772661801748915
sub-726893,ses-8mo,41,Right-Cerebral-White-Matter,Hausdorff,78.86063656856949
sub-726893,ses-8mo,41,Right-Cerebral-White-Matter,HD95,10.049875259399414
sub-726893,ses-8mo,41,Right-Cerebral-White-Matter,MI,0.03816009809821941
sub-726893,ses-8mo,41,Right-Cerebral-White-Matter,NMI,0.3132100949613172
sub-726893,ses-8mo,14,3rd-Ventricle,Dice,0.06958849113415858
sub-726893,ses-8mo,14,3rd-Ventricle,IoU,0.03604852686308492
sub-726893,ses-8mo,14,3rd-Ventricle,Hausdorff,14.89966442575134
sub-726893,ses-8mo,14,3rd-Ventricle,HD95,11.401754379272461
sub-726893,ses-8mo,14,3rd-Ventricle,MI,7.773022319416592e-05
sub-726893,ses-8mo,14,3rd-Ventricle,NMI,0.04045127887042948
sub-726893,ses-8mo,63,Right-choroid-plexus,Dice,0.002834868887313962
sub-726893,ses-8mo,63,Right-choroid-plexus,IoU,0.0014194464158978
sub-726893,ses-8mo,63,Right-choroid-plexus,Hausdorff,28.231188426986208
sub-726893,ses-8mo,63,Right-choroid-plexus,HD95,13.490737915039062
sub-726893,ses-8mo,63,Right-choroid-plexus,MI,7.337710225329156e-07
sub-726893,ses-8mo,63,Right-choroid-plexus,NMI,0.0007422839981074675
sub-726893,ses-8mo,26,Left-Accumbens-area,Dice,0.0
sub-726893,ses-8mo,26,Left-Accumbens-area,IoU,0.0
sub-726893,ses-8mo,26,Left-Accumbens-area,Hausdorff,17.46424919657298
sub-726893,ses-8mo,26,Left-Accumbens-area,HD95,15.459489345550537
sub-726893,ses-8mo,26,Left-Accumbens-area,MI,2.6552899635989835e-09
sub-726893,ses-8mo,26,Left-Accumbens-area,NMI,4.555551642500987e-06
sub-726893,ses-8mo,46,Right-Cerebellum-White-Matter,Dice,0.0008737439930100481
sub-726893,ses-8mo,46,Right-Cerebellum-White-Matter,IoU,0.00043706293706293706
sub-726893,ses-8mo,46,Right-Cerebellum-White-Matter,Hausdorff,32.09361307176243
sub-726893,ses-8mo,46,Right-Cerebellum-White-Matter,HD95,27.147743225097656
sub-726893,ses-8mo,46,Right-Cerebellum-White-Matter,MI,1.3637984282132e-07
sub-726893,ses-8mo,46,Right-Cerebellum-White-Matter,NMI,1.2706967274727683e-05
sub-726893,ses-8mo,7,Left-Cerebellum-White-Matter,Dice,0.0005578800557880056
sub-726893,ses-8mo,7,Left-Cerebellum-White-Matter,IoU,0.00027901785714285713
sub-726893,ses-8mo,7,Left-Cerebellum-White-Matter,Hausdorff,37.73592452822641
sub-726893,ses-8mo,7,Left-Cerebellum-White-Matter,HD95,29.983327865600586
sub-726893,ses-8mo,7,Left-Cerebellum-White-Matter,MI,4.259071816870082e-07
sub-726893,ses-8mo,7,Left-Cerebellum-White-Matter,NMI,3.836956236509019e-05
sub-993015,ses-2mo,51,Right-Putamen,Dice,0.006305004597399186
sub-993015,ses-2mo,51,Right-Putamen,IoU,0.0031624719989458427
sub-993015,ses-2mo,51,Right-Putamen,Hausdorff,18.973665961010276
sub-993015,ses-2mo,51,Right-Putamen,HD95,15.239744186401367
sub-993015,ses-2mo,51,Right-Putamen,MI,5.548519946587421e-06
sub-993015,ses-2mo,51,Right-Putamen,NMI,0.001238855880746665
sub-993015,ses-2mo,42,Right-Cerebral-Cortex,Dice,0.2032875273522976
sub-993015,ses-2mo,42,Right-Cerebral-Cortex,IoU,0.11314416215563168
sub-993015,ses-2mo,42,Right-Cerebral-Cortex,Hausdorff,49.33558553417604
sub-993015,ses-2mo,42,Right-Cerebral-Cortex,HD95,23.958297729492188
sub-993015,ses-2mo,42,Right-Cerebral-Cortex,MI,0.006634527288912943
sub-993015,ses-2mo,42,Right-Cerebral-Cortex,NMI,0.06852110335311756
sub-993015,ses-2mo,43,Right-Lateral-Ventricle,Dice,0.11835786212238575
sub-993015,ses-2mo,43,Right-Lateral-Ventricle,IoU,0.0629013667050881
sub-993015,ses-2mo,43,Right-Lateral-Ventricle,Hausdorff,25.92296279363144
sub-993015,ses-2mo,43,Right-Lateral-Ventricle,HD95,18.027755737304688
sub-993015,ses-2mo,43,Right-Lateral-Ventricle,MI,0.0004539773111683263
sub-993015,ses-2mo,43,Right-Lateral-Ventricle,NMI,0.06421608177839991
sub-993015,ses-2mo,5,Left-Inf-Lat-Vent,Dice,0.0
sub-993015,ses-2mo,5,Left-Inf-Lat-Vent,IoU,0.0
sub-993015,ses-2mo,5,Left-Inf-Lat-Vent,Hausdorff,39.331920878594275
sub-993015,ses-2mo,5,Left-Inf-Lat-Vent,HD95,33.23702354431152
sub-993015,ses-2mo,5,Left-Inf-Lat-Vent,MI,5.515674519982611e-09
sub-993015,ses-2mo,5,Left-Inf-Lat-Vent,NMI,7.0232383456450355e-06
sub-993015,ses-2mo,58,Right-Accumbens-area,Dice,0.0
sub-993015,ses-2mo,58,Right-Accumbens-area,IoU,0.0
sub-993015,ses-2mo,58,Right-Accumbens-area,Hausdorff,23.53720459187964
sub-993015,ses-2mo,58,Right-Accumbens-area,HD95,21.354156494140625
sub-993015,ses-2mo,58,Right-Accumbens-area,MI,1.2233434369408446e-09
sub-993015,ses-2mo,58,Right-Accumbens-area,NMI,3.0915828273502573e-06
sub-993015,ses-2mo,17,Left-Hippocampus,Dice,0.04468371467025572
sub-993015,ses-2mo,17,Left-Hippocampus,IoU,0.022852422907488987
sub-993015,ses-2mo,17,Left-Hippocampus,Hausdorff,38.3275357934736
sub-993015,ses-2mo,17,Left-Hippocampus,HD95,34.20526123046875
sub-993015,ses-2mo,17,Left-Hippocampus,MI,4.990273115451993e-05
sub-993015,ses-2mo,17,Left-Hippocampus,NMI,0.02107720769770465
sub-993015,ses-2mo,53,Right-Hippocampus,Dice,0.08832188420019627
sub-993015,ses-2mo,53,Right-Hippocampus,IoU,0.04620123203285421
sub-993015,ses-2mo,53,Right-Hippocampus,Hausdorff,38.19685850956856
sub-993015,ses-2mo,53,Right-Hippocampus,HD95,33.261838340759276
sub-993015,ses-2mo,53,Right-Hippocampus,MI,0.00012438949909719205
sub-993015,ses-2mo,53,Right-Hippocampus,NMI,0.048393241926941506
sub-993015,ses-2mo,10,Left-Thalamus,Dice,0.32198047205350966
sub-993015,ses-2mo,10,Left-Thalamus,IoU,0.19188124255475122
sub-993015,ses-2mo,10,Left-Thalamus,Hausdorff,17.578395831246947
sub-993015,ses-2mo,10,Left-Thalamus,HD95,12.631238842010488
sub-993015,ses-2mo,10,Left-Thalamus,MI,0.0015211340363411202
sub-993015,ses-2mo,10,Left-Thalamus,NMI,0.21082074251163865
sub-993015,ses-2mo,12,Left-Putamen,Dice,0.013333333333333334
sub-993015,ses-2mo,12,Left-Putamen,IoU,0.006711409395973154
sub-993015,ses-2mo,12,Left-Putamen,Hausdorff,23.2163735324878
sub-993015,ses-2mo,12,Left-Putamen,HD95,17.966632080078117
sub-993015,ses-2mo,12,Left-Putamen,MI,1.5819847271208832e-05
sub-993015,ses-2mo,12,Left-Putamen,NMI,0.0039357593707814095
sub-993015,ses-2mo,52,Right-Pallidum,Dice,0.0
sub-993015,ses-2mo,52,Right-Pallidum,IoU,0.0
sub-993015,ses-2mo,52,Right-Pallidum,Hausdorff,18.81488772222678
sub-993015,ses-2mo,52,Right-Pallidum,HD95,16.34010601043701
sub-993015,ses-2mo,52,Right-Pallidum,MI,1.6983967648822977e-08
sub-993015,ses-2mo,52,Right-Pallidum,NMI,1.2680075868021586e-05
sub-993015,ses-2mo,8,Left-Cerebellum-Cortex,Dice,0.0
sub-993015,ses-2mo,8,Left-Cerebellum-Cortex,IoU,0.0
sub-993015,ses-2mo,8,Left-Cerebellum-Cortex,Hausdorff,53.749418601506754
sub-993015,ses-2mo,8,Left-Cerebellum-Cortex,HD95,46.188742828369115
sub-993015,ses-2mo,8,Left-Cerebellum-Cortex,MI,1.6195757328510765e-05
sub-993015,ses-2mo,8,Left-Cerebellum-Cortex,NMI,0.0005780687951616874
sub-993015,ses-2mo,11,Left-Caudate,Dice,0.005111167901865576
sub-993015,ses-2mo,11,Left-Caudate,IoU,0.0025621316935690495
sub-993015,ses-2mo,11,Left-Caudate,Hausdorff,17.578395831246947
sub-993015,ses-2mo,11,Left-Caudate,HD95,14.071247100830078
sub-993015,ses-2mo,11,Left-Caudate,MI,2.771490591380875e-06
sub-993015,ses-2mo,11,Left-Caudate,NMI,0.0011106287317608225
sub-993015,ses-2mo,3,Left-Cerebral-Cortex,Dice,0.20909173867568914
sub-993015,ses-2mo,3,Left-Cerebral-Cortex,IoU,0.116751786337215
sub-993015,ses-2mo,3,Left-Cerebral-Cortex,Hausdorff,97.09273917240156
sub-993015,ses-2mo,3,Left-Cerebral-Cortex,HD95,22.38079490661608
sub-993015,ses-2mo,3,Left-Cerebral-Cortex,MI,0.006905328780108921
sub-993015,ses-2mo,3,Left-Cerebral-Cortex,NMI,0.07138965296274173
sub-993015,ses-2mo,4,Left-Lateral-Ventricle,Dice,0.07909156928764773
sub-993015,ses-2mo,4,Left-Lateral-Ventricle,IoU,0.041174044542205114
sub-993015,ses-2mo,4,Left-Lateral-Ventricle,Hausdorff,45.09988913511872
sub-993015,ses-2mo,4,Left-Lateral-Ventricle,HD95,18.439088821411133
sub-993015,ses-2mo,4,Left-Lateral-Ventricle,MI,0.00030515555086812725
sub-993015,ses-2mo,4,Left-Lateral-Ventricle,NMI,0.037553662358621676
sub-993015,ses-2mo,18,Left-Amygdala,Dice,0.0
sub-993015,ses-2mo,18,Left-Amygdala,IoU,0.0
sub-993015,ses-2mo,18,Left-Amygdala,Hausdorff,39.21734310225516
sub-993015,ses-2mo,18,Left-Amygdala,HD95,36.545860290527344
sub-993015,ses-2mo,18,Left-Amygdala,MI,6.902776058132507e-09
sub-993015,ses-2mo,18,Left-Amygdala,NMI,7.864609656005436e-06
sub-993015,ses-2mo,44,Right-Inf-Lat-Vent,Dice,0.0
sub-993015,ses-2mo,44,Right-Inf-Lat-Vent,IoU,0.0
sub-993015,ses-2mo,44,Right-Inf-Lat-Vent,Hausdorff,36.701498607005135
sub-993015,ses-2mo,44,Right-Inf-Lat-Vent,HD95,31.681221389770506
sub-993015,ses-2mo,44,Right-Inf-Lat-Vent,MI,2.4117485245217854e-09
sub-993015,ses-2mo,44,Right-Inf-Lat-Vent,NMI,4.281358342663366e-06
sub-993015,ses-2mo,47,Right-Cerebellum-Cortex,Dice,0.0
sub-993015,ses-2mo,47,Right-Cerebellum-Cortex,IoU,0.0
sub-993015,ses-2mo,47,Right-Cerebellum-Cortex,Hausdorff,53.72150407425317
sub-993015,ses-2mo,47,Right-Cerebellum-Cortex,HD95,46.85456199645994
sub-993015,ses-2mo,47,Right-Cerebellum-Cortex,MI,1.371522707012407e-05
sub-993015,ses-2mo,47,Right-Cerebellum-Cortex,NMI,0.0005240600609252677
sub-993015,ses-2mo,13,Left-Pallidum,Dice,0.0
sub-993015,ses-2mo,13,Left-Pallidum,IoU,0.0
sub-993015,ses-2mo,13,Left-Pallidum,Hausdorff,22.22611077089287
sub-993015,ses-2mo,13,Left-Pallidum,HD95,17.230784606933593
sub-993015,ses-2mo,13,Left-Pallidum,MI,1.4016605995119912e-08
sub-993015,ses-2mo,13,Left-Pallidum,NMI,1.1218228966149729e-05
sub-993015,ses-2mo,60,Right-VentralDC,Dice,0.0
sub-993015,ses-2mo,60,Right-VentralDC,IoU,0.0
sub-993015,ses-2mo,60,Right-VentralDC,Hausdorff,31.63858403911275
sub-993015,ses-2mo,60,Right-VentralDC,HD95,26.851442337036133
sub-993015,ses-2mo,60,Right-VentralDC,MI,7.22606268864414e-08
sub-993015,ses-2mo,60,Right-VentralDC,NMI,2.3709953105578997e-05
sub-993015,ses-2mo,49,Right-Thalamus,Dice,0.2626178359889881
sub-993015,ses-2mo,49,Right-Thalamus,IoU,0.15115720733698262
sub-993015,ses-2mo,49,Right-Thalamus,Hausdorff,15.427248620541512
sub-993015,ses-2mo,49,Right-Thalamus,HD95,11.445523262023926
sub-993015,ses-2mo,49,Right-Thalamus,MI,0.0011005580837966996
sub-993015,ses-2mo,49,Right-Thalamus,NMI,0.16383632308258456
sub-993015,ses-2mo,54,Right-Amygdala,Dice,0.0
sub-993015,ses-2mo,54,Right-Amygdala,IoU,0.0
sub-993015,ses-2mo,54,Right-Amygdala,Hausdorff,37.21558813185679
sub-993015,ses-2mo,54,Right-Amygdala,HD95,33.74609661102294
sub-993015,ses-2mo,54,Right-Amygdala,MI,9.003749829581721e-09
sub-993015,ses-2mo,54,Right-Amygdala,NMI,9.135300904761292e-06
sub-993015,ses-2mo,16,Brain-Stem,Dice,0.0
sub-993015,ses-2mo,16,Brain-Stem,IoU,0.0
sub-993015,ses-2mo,16,Brain-Stem,Hausdorff,43.749285708454714
sub-993015,ses-2mo,16,Brain-Stem,HD95,39.408119201660156
sub-993015,ses-2mo,16,Brain-Stem,MI,1.6096667306082953e-06
sub-993015,ses-2mo,16,Brain-Stem,NMI,0.0001641308666152886
sub-993015,ses-2mo,50,Right-Caudate,Dice,0.10257831993346271
sub-993015,ses-2mo,50,Right-Caudate,IoU,0.05406195207481005
sub-993015,ses-2mo,50,Right-Caudate,Hausdorff,14.866068747318506
sub-993015,ses-2mo,50,Right-Caudate,HD95,10.954451560974121
sub-993015,ses-2mo,50,Right-Caudate,MI,0.00013146532520011916
sub-993015,ses-2mo,50,Right-Caudate,NMI,0.056644940820929385
sub-993015,ses-2mo,31,Left-choroid-plexus,Dice,0.0
sub-993015,ses-2mo,31,Left-choroid-plexus,IoU,0.0
sub-993015,ses-2mo,31,Left-choroid-plexus,Hausdorff,57.905094767213704
sub-993015,ses-2mo,31,Left-choroid-plexus,HD95,44.283180236816406
sub-993015,ses-2mo,31,Left-choroid-plexus,MI,9.113676675853201e-10
sub-993015,ses-2mo,31,Left-choroid-plexus,NMI,2.2073154382918925e-06
sub-993015,ses-2mo,28,Left-VentralDC,Dice,0.0
sub-993015,ses-2mo,28,Left-VentralDC,IoU,0.0
sub-993015,ses-2mo,28,Left-VentralDC,Hausdorff,30.822070014844883
sub-993015,ses-2mo,28,Left-VentralDC,HD95,25.955729866027827
sub-993015,ses-2mo,28,Left-VentralDC,MI,7.329385014794715e-08
sub-993015,ses-2mo,28,Left-VentralDC,NMI,2.416651766786226e-05
sub-993015,ses-2mo,15,4th-Ventricle,Dice,0.0
sub-993015,ses-2mo,15,4th-Ventricle,IoU,0.0
sub-993015,ses-2mo,15,4th-Ventricle,Hausdorff,55.98214000911362
sub-993015,ses-2mo,15,4th-Ventricle,HD95,52.42709197998046
sub-993015,ses-2mo,15,4th-Ventricle,MI,1.0371934756371604e-08
sub-993015,ses-2mo,15,4th-Ventricle,NMI,8.972552135841535e-06
sub-993015,ses-2mo,2,Left-Cerebral-White-Matter,Dice,0.4829203657989612
sub-993015,ses-2mo,2,Left-Cerebral-White-Matter,IoU,0.31832235758229555
sub-993015,ses-2mo,2,Left-Cerebral-White-Matter,Hausdorff,49.60846701924985
sub-993015,ses-2mo,2,Left-Cerebral-White-Matter,HD95,21.470911026000977
sub-993015,ses-2mo,2,Left-Cerebral-White-Matter,MI,0.029494395427198606
sub-993015,ses-2mo,2,Left-Cerebral-White-Matter,NMI,0.30188780569598966
sub-993015,ses-2mo,41,Right-Cerebral-White-Matter,Dice,0.47696699326350916
sub-993015,ses-2mo,41,Right-Cerebral-White-Matter,IoU,0.3131691770000045
sub-993015,ses-2mo,41,Right-Cerebral-White-Matter,Hausdorff,50.68530358989675
sub-993015,ses-2mo,41,Right-Cerebral-White-Matter,HD95,23.55843734741211
sub-993015,ses-2mo,41,Right-Cerebral-White-Matter,MI,0.02872707832987032
sub-993015,ses-2mo,41,Right-Cerebral-White-Matter,NMI,0.2956010939509931
sub-993015,ses-2mo,14,3rd-Ventricle,Dice,0.04052443384982122
sub-993015,ses-2mo,14,3rd-Ventricle,IoU,0.02068126520681265
sub-993015,ses-2mo,14,3rd-Ventricle,Hausdorff,30.01666203960727
sub-993015,ses-2mo,14,3rd-Ventricle,HD95,24.020824432373047
sub-993015,ses-2mo,14,3rd-Ventricle,MI,2.3167507719220606e-05
sub-993015,ses-2mo,14,3rd-Ventricle,NMI,0.019841139576245167
sub-993015,ses-2mo,63,Right-choroid-plexus,Dice,0.0
sub-993015,ses-2mo,63,Right-choroid-plexus,IoU,0.0
sub-993015,ses-2mo,63,Right-choroid-plexus,Hausdorff,58.47221562417487
sub-993015,ses-2mo,63,Right-choroid-plexus,HD95,44.347490310668945
sub-993015,ses-2mo,63,Right-choroid-plexus,MI,8.910403368107573e-10
sub-993015,ses-2mo,63,Right-choroid-plexus,NMI,2.0978597453289603e-06
sub-993015,ses-2mo,26,Left-Accumbens-area,Dice,0.0
sub-993015,ses-2mo,26,Left-Accumbens-area,IoU,0.0
sub-993015,ses-2mo,26,Left-Accumbens-area,Hausdorff,25.03996805109783
sub-993015,ses-2mo,26,Left-Accumbens-area,HD95,23.424336624145507
sub-993015,ses-2mo,26,Left-Accumbens-area,MI,1.5828172830571752e-09
sub-993015,ses-2mo,26,Left-Accumbens-area,NMI,3.5615586208993044e-06
sub-993015,ses-2mo,46,Right-Cerebellum-White-Matter,Dice,0.0
sub-993015,ses-2mo,46,Right-Cerebellum-White-Matter,IoU,0.0
sub-993015,ses-2mo,46,Right-Cerebellum-White-Matter,Hausdorff,48.342527861087284
sub-993015,ses-2mo,46,Right-Cerebellum-White-Matter,HD95,44.236861038208005
sub-993015,ses-2mo,46,Right-Cerebellum-White-Matter,MI,4.658313463125948e-07
sub-993015,ses-2mo,46,Right-Cerebellum-White-Matter,NMI,6.630487409824322e-05
sub-993015,ses-2mo,7,Left-Cerebellum-White-Matter,Dice,0.0
sub-993015,ses-2mo,7,Left-Cerebellum-White-Matter,IoU,0.0
sub-993015,ses-2mo,7,Left-Cerebellum-White-Matter,Hausdorff,45.803929962395145
sub-993015,ses-2mo,7,Left-Cerebellum-White-Matter,HD95,41.28377246856689
sub-993015,ses-2mo,7,Left-Cerebellum-White-Matter,MI,4.265468827827513e-07
sub-993015,ses-2mo,7,Left-Cerebellum-White-Matter,NMI,6.230202077829238e-05
sub-710922,ses-7mo,51,Right-Putamen,Dice,0.658881488915245
sub-710922,ses-7mo,51,Right-Putamen,IoU,0.4912925170068027
sub-710922,ses-7mo,51,Right-Putamen,Hausdorff,9.433981132056603
sub-710922,ses-7mo,51,Right-Putamen,HD95,5.4772257804870605
sub-710922,ses-7mo,51,Right-Putamen,MI,0.0034058120825075653
sub-710922,ses-7mo,51,Right-Putamen,NMI,0.5500048106182085
sub-710922,ses-7mo,42,Right-Cerebral-Cortex,Dice,0.3793093767546322
sub-710922,ses-7mo,42,Right-Cerebral-Cortex,IoU,0.2340418160716451
sub-710922,ses-7mo,42,Right-Cerebral-Cortex,Hausdorff,21.400934559032695
sub-710922,ses-7mo,42,Right-Cerebral-Cortex,HD95,6.4031243324279785
sub-710922,ses-7mo,42,Right-Cerebral-Cortex,MI,0.02455015600659622
sub-710922,ses-7mo,42,Right-Cerebral-Cortex,NMI,0.16361771886051663
sub-710922,ses-7mo,43,Right-Lateral-Ventricle,Dice,0.7287163652404058
sub-710922,ses-7mo,43,Right-Lateral-Ventricle,IoU,0.5732130464954892
sub-710922,ses-7mo,43,Right-Lateral-Ventricle,Hausdorff,18.33030277982336
sub-710922,ses-7mo,43,Right-Lateral-Ventricle,HD95,5.385164737701416
sub-710922,ses-7mo,43,Right-Lateral-Ventricle,MI,0.006075382563851471
sub-710922,ses-7mo,43,Right-Lateral-Ventricle,NMI,0.6322255832412543
sub-710922,ses-7mo,85,Optic-Chiasm,Dice,0.24390243902439024
sub-710922,ses-7mo,85,Optic-Chiasm,IoU,0.1388888888888889
sub-710922,ses-7mo,85,Optic-Chiasm,Hausdorff,14.317821063276353
sub-710922,ses-7mo,85,Optic-Chiasm,HD95,13.0
sub-710922,ses-7mo,85,Optic-Chiasm,MI,6.271000486974507e-05
sub-710922,ses-7mo,85,Optic-Chiasm,NMI,0.17657101728386038
sub-710922,ses-7mo,62,Right-vessel,Dice,0.4857142857142857
sub-710922,ses-7mo,62,Right-vessel,IoU,0.32075471698113206
sub-710922,ses-7mo,62,Right-vessel,Hausdorff,5.0990195135927845
sub-710922,ses-7mo,62,Right-vessel,HD95,3.0973666191101064
sub-710922,ses-7mo,62,Right-vessel,MI,2.628729911152597e-05
sub-710922,ses-7mo,62,Right-vessel,NMI,0.4101731148707249
sub-710922,ses-7mo,5,Left-Inf-Lat-Vent,Dice,0.6039035591274398
sub-710922,ses-7mo,5,Left-Inf-Lat-Vent,IoU,0.43256578947368424
sub-710922,ses-7mo,5,Left-Inf-Lat-Vent,Hausdorff,8.774964387392123
sub-710922,ses-7mo,5,Left-Inf-Lat-Vent,HD95,4.242640495300293
sub-710922,ses-7mo,5,Left-Inf-Lat-Vent,MI,0.0003293879905356947
sub-710922,ses-7mo,5,Left-Inf-Lat-Vent,NMI,0.5100981675424912
sub-710922,ses-7mo,58,Right-Accumbens-area,Dice,0.018583042973286876
sub-710922,ses-7mo,58,Right-Accumbens-area,IoU,0.009378663540445486
sub-710922,ses-7mo,58,Right-Accumbens-area,Hausdorff,9.433981132056603
sub-710922,ses-7mo,58,Right-Accumbens-area,HD95,7.0
sub-710922,ses-7mo,58,Right-Accumbens-area,MI,5.318831473699417e-06
sub-710922,ses-7mo,58,Right-Accumbens-area,NMI,0.008330538658375573
sub-710922,ses-7mo,17,Left-Hippocampus,Dice,0.5453145057766368
sub-710922,ses-7mo,17,Left-Hippocampus,IoU,0.3748676314860572
sub-710922,ses-7mo,17,Left-Hippocampus,Hausdorff,12.165525060596439
sub-710922,ses-7mo,17,Left-Hippocampus,HD95,5.656854152679443
sub-710922,ses-7mo,17,Left-Hippocampus,MI,0.0019669771195637547
sub-710922,ses-7mo,17,Left-Hippocampus,NMI,0.4286732825241066
sub-710922,ses-7mo,53,Right-Hippocampus,Dice,0.5323779193205945
sub-710922,ses-7mo,53,Right-Hippocampus,IoU,0.362748643761302
sub-710922,ses-7mo,53,Right-Hippocampus,Hausdorff,7.54983443527075
sub-710922,ses-7mo,53,Right-Hippocampus,HD95,4.898979663848877
sub-710922,ses-7mo,53,Right-Hippocampus,MI,0.0018440494102925787
sub-710922,ses-7mo,53,Right-Hippocampus,NMI,0.41344592491543775
sub-710922,ses-7mo,10,Left-Thalamus,Dice,0.8337313432835821
sub-710922,ses-7mo,10,Left-Thalamus,IoU,0.7148707448169951
sub-710922,ses-7mo,10,Left-Thalamus,Hausdorff,5.656854249492381
sub-710922,ses-7mo,10,Left-Thalamus,HD95,3.0
sub-710922,ses-7mo,10,Left-Thalamus,MI,0.005532116324301295
sub-710922,ses-7mo,10,Left-Thalamus,NMI,0.7474324003575139
sub-710922,ses-7mo,12,Left-Putamen,Dice,0.6295527458010945
sub-710922,ses-7mo,12,Left-Putamen,IoU,0.4593775819333517
sub-710922,ses-7mo,12,Left-Putamen,Hausdorff,10.295630140987
sub-710922,ses-7mo,12,Left-Putamen,HD95,6.324555397033691
sub-710922,ses-7mo,12,Left-Putamen,MI,0.0030923525696784993
sub-710922,ses-7mo,12,Left-Putamen,NMI,0.5140166021006117
sub-710922,ses-7mo,52,Right-Pallidum,Dice,0.7549868272487769
sub-710922,ses-7mo,52,Right-Pallidum,IoU,0.6064087061668681
sub-710922,ses-7mo,52,Right-Pallidum,Hausdorff,8.06225774829855
sub-710922,ses-7mo,52,Right-Pallidum,HD95,3.0
sub-710922,ses-7mo,52,Right-Pallidum,MI,0.0011681471686041404
sub-710922,ses-7mo,52,Right-Pallidum,NMI,0.6613851516548068
sub-710922,ses-7mo,8,Left-Cerebellum-Cortex,Dice,0.3421643870086453
sub-710922,ses-7mo,8,Left-Cerebellum-Cortex,IoU,0.2063922287151577
sub-710922,ses-7mo,8,Left-Cerebellum-Cortex,Hausdorff,24.289915602982237
sub-710922,ses-7mo,8,Left-Cerebellum-Cortex,HD95,18.599731063842697
sub-710922,ses-7mo,8,Left-Cerebellum-Cortex,MI,0.008623894909657195
sub-710922,ses-7mo,8,Left-Cerebellum-Cortex,NMI,0.19178325225687823
sub-710922,ses-7mo,11,Left-Caudate,Dice,0.7111334002006018
sub-710922,ses-7mo,11,Left-Caudate,IoU,0.551750972762646
sub-710922,ses-7mo,11,Left-Caudate,Hausdorff,5.0
sub-710922,ses-7mo,11,Left-Caudate,HD95,2.8284270763397217
sub-710922,ses-7mo,11,Left-Caudate,MI,0.0021947769693875826
sub-710922,ses-7mo,11,Left-Caudate,NMI,0.6030044855102905
sub-710922,ses-7mo,3,Left-Cerebral-Cortex,Dice,0.39768532254711403
sub-710922,ses-7mo,3,Left-Cerebral-Cortex,IoU,0.2481942705407237
sub-710922,ses-7mo,3,Left-Cerebral-Cortex,Hausdorff,65.1536645170477
sub-710922,ses-7mo,3,Left-Cerebral-Cortex,HD95,6.082762718200684
sub-710922,ses-7mo,3,Left-Cerebral-Cortex,MI,0.02658019467152089
sub-710922,ses-7mo,3,Left-Cerebral-Cortex,NMI,0.1780151902454597
sub-710922,ses-7mo,77,WM-hypointensities,Dice,0.014629049111807733
sub-710922,ses-7mo,77,WM-hypointensities,IoU,0.007368421052631579
sub-710922,ses-7mo,77,WM-hypointensities,Hausdorff,55.937465083787984
sub-710922,ses-7mo,77,WM-hypointensities,HD95,48.268000793457034
sub-710922,ses-7mo,77,WM-hypointensities,MI,5.391418150655528e-06
sub-710922,ses-7mo,77,WM-hypointensities,NMI,0.007952572708869158
sub-710922,ses-7mo,4,Left-Lateral-Ventricle,Dice,0.6444718895988831
sub-710922,ses-7mo,4,Left-Lateral-Ventricle,IoU,0.4754397084455712
sub-710922,ses-7mo,4,Left-Lateral-Ventricle,Hausdorff,22.045407685048602
sub-710922,ses-7mo,4,Left-Lateral-Ventricle,HD95,4.582575798034668
sub-710922,ses-7mo,4,Left-Lateral-Ventricle,MI,0.0053249836073008296
sub-710922,ses-7mo,4,Left-Lateral-Ventricle,NMI,0.54295664948025
sub-710922,ses-7mo,18,Left-Amygdala,Dice,0.337508698677801
sub-710922,ses-7mo,18,Left-Amygdala,IoU,0.2030138133110088
sub-710922,ses-7mo,18,Left-Amygdala,Hausdorff,14.071247279470288
sub-710922,ses-7mo,18,Left-Amygdala,HD95,11.180339813232422
sub-710922,ses-7mo,18,Left-Amygdala,MI,0.00046785016146361924
sub-710922,ses-7mo,18,Left-Amygdala,NMI,0.2480822385763374
sub-710922,ses-7mo,44,Right-Inf-Lat-Vent,Dice,0.611764705882353
sub-710922,ses-7mo,44,Right-Inf-Lat-Vent,IoU,0.4406779661016949
sub-710922,ses-7mo,44,Right-Inf-Lat-Vent,Hausdorff,7.280109889280518
sub-710922,ses-7mo,44,Right-Inf-Lat-Vent,HD95,3.570188820362091
sub-710922,ses-7mo,44,Right-Inf-Lat-Vent,MI,0.0003261358126779264
sub-710922,ses-7mo,44,Right-Inf-Lat-Vent,NMI,0.5160175947533064
sub-710922,ses-7mo,47,Right-Cerebellum-Cortex,Dice,0.31657238082708417
sub-710922,ses-7mo,47,Right-Cerebellum-Cortex,IoU,0.18805226742247416
sub-710922,ses-7mo,47,Right-Cerebellum-Cortex,Hausdorff,23.0
sub-710922,ses-7mo,47,Right-Cerebellum-Cortex,HD95,18.0
sub-710922,ses-7mo,47,Right-Cerebellum-Cortex,MI,0.00784613034541307
sub-710922,ses-7mo,47,Right-Cerebellum-Cortex,NMI,0.1710538026573674
sub-710922,ses-7mo,13,Left-Pallidum,Dice,0.6840390879478827
sub-710922,ses-7mo,13,Left-Pallidum,IoU,0.5198019801980198
sub-710922,ses-7mo,13,Left-Pallidum,Hausdorff,6.708203932499369
sub-710922,ses-7mo,13,Left-Pallidum,HD95,4.242640495300293
sub-710922,ses-7mo,13,Left-Pallidum,MI,0.0011655353334495975
sub-710922,ses-7mo,13,Left-Pallidum,NMI,0.5798676493786503
sub-710922,ses-7mo,60,Right-VentralDC,Dice,0.7586317648948129
sub-710922,ses-7mo,60,Right-VentralDC,IoU,0.6111254851228978
sub-710922,ses-7mo,60,Right-VentralDC,Hausdorff,7.0
sub-710922,ses-7mo,60,Right-VentralDC,HD95,3.1622776985168457
sub-710922,ses-7mo,60,Right-VentralDC,MI,0.0024803092861954775
sub-710922,ses-7mo,60,Right-VentralDC,NMI,0.6576495914682252
sub-710922,ses-7mo,49,Right-Thalamus,Dice,0.8283387121561395
sub-710922,ses-7mo,49,Right-Thalamus,IoU,0.7069779643231899
sub-710922,ses-7mo,49,Right-Thalamus,Hausdorff,4.123105625617661
sub-710922,ses-7mo,49,Right-Thalamus,HD95,2.8284270763397217
sub-710922,ses-7mo,49,Right-Thalamus,MI,0.005352365839315553
sub-710922,ses-7mo,49,Right-Thalamus,NMI,0.741967231790387
sub-710922,ses-7mo,54,Right-Amygdala,Dice,0.4681470695303968
sub-710922,ses-7mo,54,Right-Amygdala,IoU,0.3056083650190114
sub-710922,ses-7mo,54,Right-Amygdala,Hausdorff,11.357816691600547
sub-710922,ses-7mo,54,Right-Amygdala,HD95,7.348469257354736
sub-710922,ses-7mo,54,Right-Amygdala,MI,0.0006665665428502453
sub-710922,ses-7mo,54,Right-Amygdala,NMI,0.3673719429023279
sub-710922,ses-7mo,24,CSF,Dice,0.0024762346394620913
sub-710922,ses-7mo,24,CSF,IoU,0.0012396521545340162
sub-710922,ses-7mo,24,CSF,Hausdorff,84.8351342310484
sub-710922,ses-7mo,24,CSF,HD95,73.38937377929688
sub-710922,ses-7mo,24,CSF,MI,0.00012389155409614288
sub-710922,ses-7mo,24,CSF,NMI,0.0010908430655172366
sub-710922,ses-7mo,16,Brain-Stem,Dice,0.651960949903726
sub-710922,ses-7mo,16,Brain-Stem,IoU,0.4836365458828246
sub-710922,ses-7mo,16,Brain-Stem,Hausdorff,25.179356624028344
sub-710922,ses-7mo,16,Brain-Stem,HD95,18.357559204101562
sub-710922,ses-7mo,16,Brain-Stem,MI,0.007842763276828
sub-710922,ses-7mo,16,Brain-Stem,NMI,0.5348089414327251
sub-710922,ses-7mo,50,Right-Caudate,Dice,0.7718140929535232
sub-710922,ses-7mo,50,Right-Caudate,IoU,0.62841796875
sub-710922,ses-7mo,50,Right-Caudate,Hausdorff,7.681145747868608
sub-710922,ses-7mo,50,Right-Caudate,HD95,2.2360680103302
sub-710922,ses-7mo,50,Right-Caudate,MI,0.0026969510024269713
sub-710922,ses-7mo,50,Right-Caudate,NMI,0.6729121806428735
sub-710922,ses-7mo,30,Left-vessel,Dice,0.43037974683544306
sub-710922,ses-7mo,30,Left-vessel,IoU,0.27419354838709675
sub-710922,ses-7mo,30,Left-vessel,Hausdorff,6.708203932499369
sub-710922,ses-7mo,30,Left-vessel,HD95,5.210586452484132
sub-710922,ses-7mo,30,Left-vessel,MI,2.5769941795527324e-05
sub-710922,ses-7mo,30,Left-vessel,NMI,0.3603575128206784
sub-710922,ses-7mo,31,Left-choroid-plexus,Dice,0.1012448132780083
sub-710922,ses-7mo,31,Left-choroid-plexus,IoU,0.05332167832167832
sub-710922,ses-7mo,31,Left-choroid-plexus,Hausdorff,11.0
sub-710922,ses-7mo,31,Left-choroid-plexus,HD95,6.557438373565674
sub-710922,ses-7mo,31,Left-choroid-plexus,MI,5.258836221240619e-05
sub-710922,ses-7mo,31,Left-choroid-plexus,NMI,0.06070235783703968
sub-710922,ses-7mo,28,Left-VentralDC,Dice,0.7159424771918973
sub-710922,ses-7mo,28,Left-VentralDC,IoU,0.5575626204238922
sub-710922,ses-7mo,28,Left-VentralDC,Hausdorff,7.0
sub-710922,ses-7mo,28,Left-VentralDC,HD95,3.316624879837036
sub-710922,ses-7mo,28,Left-VentralDC,MI,0.0023656052902088563
sub-710922,ses-7mo,28,Left-VentralDC,NMI,0.6064670180870054
sub-710922,ses-7mo,15,4th-Ventricle,Dice,0.4889211768979295
sub-710922,ses-7mo,15,4th-Ventricle,IoU,0.3235576923076923
sub-710922,ses-7mo,15,4th-Ventricle,Hausdorff,24.1039415863879
sub-710922,ses-7mo,15,4th-Ventricle,HD95,16.94092025756834
sub-710922,ses-7mo,15,4th-Ventricle,MI,0.0007156632223929503
sub-710922,ses-7mo,15,4th-Ventricle,NMI,0.39468257664092377
sub-710922,ses-7mo,2,Left-Cerebral-White-Matter,Dice,0.5468058522813979
sub-710922,ses-7mo,2,Left-Cerebral-White-Matter,IoU,0.3762785950795625
sub-710922,ses-7mo,2,Left-Cerebral-White-Matter,Hausdorff,39.50949253027682
sub-710922,ses-7mo,2,Left-Cerebral-White-Matter,HD95,4.242640495300293
sub-710922,ses-7mo,2,Left-Cerebral-White-Matter,MI,0.0469342024277325
sub-710922,ses-7mo,2,Left-Cerebral-White-Matter,NMI,0.362416877703828
sub-710922,ses-7mo,41,Right-Cerebral-White-Matter,Dice,0.5454651578153564
sub-710922,ses-7mo,41,Right-Cerebral-White-Matter,IoU,0.375010032070523
sub-710922,ses-7mo,41,Right-Cerebral-White-Matter,Hausdorff,96.77809669548166
sub-710922,ses-7mo,41,Right-Cerebral-White-Matter,HD95,4.242640495300293
sub-710922,ses-7mo,41,Right-Cerebral-White-Matter,MI,0.04763721910288801
sub-710922,ses-7mo,41,Right-Cerebral-White-Matter,NMI,0.36212383273311427
sub-710922,ses-7mo,14,3rd-Ventricle,Dice,0.7542814594192108
sub-710922,ses-7mo,14,3rd-Ventricle,IoU,0.6054991034070532
sub-710922,ses-7mo,14,3rd-Ventricle,Hausdorff,6.324555320336759
sub-710922,ses-7mo,14,3rd-Ventricle,HD95,3.0
sub-710922,ses-7mo,14,3rd-Ventricle,MI,0.0012214944864773296
sub-710922,ses-7mo,14,3rd-Ventricle,NMI,0.6868832977816505
sub-710922,ses-7mo,63,Right-choroid-plexus,Dice,0.13556618819776714
sub-710922,ses-7mo,63,Right-choroid-plexus,IoU,0.07271171941830624
sub-710922,ses-7mo,63,Right-choroid-plexus,Hausdorff,20.346989949375804
sub-710922,ses-7mo,63,Right-choroid-plexus,HD95,9.896963262557986
sub-710922,ses-7mo,63,Right-choroid-plexus,MI,7.683000697864377e-05
sub-710922,ses-7mo,63,Right-choroid-plexus,NMI,0.08558872912198512
sub-710922,ses-7mo,26,Left-Accumbens-area,Dice,0.0018726591760299626
sub-710922,ses-7mo,26,Left-Accumbens-area,IoU,0.0009372071227741331
sub-710922,ses-7mo,26,Left-Accumbens-area,Hausdorff,10.344080432788601
sub-710922,ses-7mo,26,Left-Accumbens-area,HD95,8.062257766723633
sub-710922,ses-7mo,26,Left-Accumbens-area,MI,3.1663460088821167e-07
sub-710922,ses-7mo,26,Left-Accumbens-area,NMI,0.00040758314197339625
sub-710922,ses-7mo,46,Right-Cerebellum-White-Matter,Dice,0.20764852080493867
sub-710922,ses-7mo,46,Right-Cerebellum-White-Matter,IoU,0.1158525675433888
sub-710922,ses-7mo,46,Right-Cerebellum-White-Matter,Hausdorff,12.36931687685298
sub-710922,ses-7mo,46,Right-Cerebellum-White-Matter,HD95,9.110433578491211
sub-710922,ses-7mo,46,Right-Cerebellum-White-Matter,MI,0.0014893260820813357
sub-710922,ses-7mo,46,Right-Cerebellum-White-Matter,NMI,0.11796083973960979
sub-710922,ses-7mo,7,Left-Cerebellum-White-Matter,Dice,0.1567090243377127
sub-710922,ses-7mo,7,Left-Cerebellum-White-Matter,IoU,0.08501589082071415
sub-710922,ses-7mo,7,Left-Cerebellum-White-Matter,Hausdorff,17.663521732655695
sub-710922,ses-7mo,7,Left-Cerebellum-White-Matter,HD95,10.488088607788086
sub-710922,ses-7mo,7,Left-Cerebellum-White-Matter,MI,0.0009785446451238172
sub-710922,ses-7mo,7,Left-Cerebellum-White-Matter,NMI,0.08250121507022255
sub-981664,ses-2mo,51,Right-Putamen,Dice,0.21600890758381788
sub-981664,ses-2mo,51,Right-Putamen,IoU,0.12108183079056865
sub-981664,ses-2mo,51,Right-Putamen,Hausdorff,16.792855623746664
sub-981664,ses-2mo,51,Right-Putamen,HD95,12.328827857971191
sub-981664,ses-2mo,51,Right-Putamen,MI,0.000632899178278276
sub-981664,ses-2mo,51,Right-Putamen,NMI,0.13349654266321948
sub-981664,ses-2mo,42,Right-Cerebral-Cortex,Dice,0.24069602366958115
sub-981664,ses-2mo,42,Right-Cerebral-Cortex,IoU,0.13681320960328203
sub-981664,ses-2mo,42,Right-Cerebral-Cortex,Hausdorff,34.307433596816885
sub-981664,ses-2mo,42,Right-Cerebral-Cortex,HD95,12.704315567016373
sub-981664,ses-2mo,42,Right-Cerebral-Cortex,MI,0.008872251026142159
sub-981664,ses-2mo,42,Right-Cerebral-Cortex,NMI,0.08754531650429773
sub-981664,ses-2mo,43,Right-Lateral-Ventricle,Dice,0.04141561049934206
sub-981664,ses-2mo,43,Right-Lateral-Ventricle,IoU,0.021145685997171145
sub-981664,ses-2mo,43,Right-Lateral-Ventricle,Hausdorff,16.881943016134134
sub-981664,ses-2mo,43,Right-Lateral-Ventricle,HD95,12.328827857971191
sub-981664,ses-2mo,43,Right-Lateral-Ventricle,MI,0.0001283801638458163
sub-981664,ses-2mo,43,Right-Lateral-Ventricle,NMI,0.01652575140438581
sub-981664,ses-2mo,5,Left-Inf-Lat-Vent,Dice,0.0
sub-981664,ses-2mo,5,Left-Inf-Lat-Vent,IoU,0.0
sub-981664,ses-2mo,5,Left-Inf-Lat-Vent,Hausdorff,24.269322199023193
sub-981664,ses-2mo,5,Left-Inf-Lat-Vent,HD95,16.18641471862793
sub-981664,ses-2mo,5,Left-Inf-Lat-Vent,MI,6.392782223778402e-09
sub-981664,ses-2mo,5,Left-Inf-Lat-Vent,NMI,7.175855802171354e-06
sub-981664,ses-2mo,58,Right-Accumbens-area,Dice,0.0
sub-981664,ses-2mo,58,Right-Accumbens-area,IoU,0.0
sub-981664,ses-2mo,58,Right-Accumbens-area,Hausdorff,16.1245154965971
sub-981664,ses-2mo,58,Right-Accumbens-area,HD95,13.84902877807617
sub-981664,ses-2mo,58,Right-Accumbens-area,MI,1.5141167312857562e-09
sub-981664,ses-2mo,58,Right-Accumbens-area,NMI,3.478189518919405e-06
sub-981664,ses-2mo,17,Left-Hippocampus,Dice,0.0
sub-981664,ses-2mo,17,Left-Hippocampus,IoU,0.0
sub-981664,ses-2mo,17,Left-Hippocampus,Hausdorff,27.202941017470888
sub-981664,ses-2mo,17,Left-Hippocampus,HD95,21.94082717895508
sub-981664,ses-2mo,17,Left-Hippocampus,MI,8.207037209930542e-08
sub-981664,ses-2mo,17,Left-Hippocampus,NMI,2.9623258394528333e-05
sub-981664,ses-2mo,53,Right-Hippocampus,Dice,0.0
sub-981664,ses-2mo,53,Right-Hippocampus,IoU,0.0
sub-981664,ses-2mo,53,Right-Hippocampus,Hausdorff,24.919871588754223
sub-981664,ses-2mo,53,Right-Hippocampus,HD95,18.472949028015137
sub-981664,ses-2mo,53,Right-Hippocampus,MI,8.299788577237604e-08
sub-981664,ses-2mo,53,Right-Hippocampus,NMI,3.052153582657091e-05
sub-981664,ses-2mo,10,Left-Thalamus,Dice,0.16633335632025378
sub-981664,ses-2mo,10,Left-Thalamus,IoU,0.09071079353140278
sub-981664,ses-2mo,10,Left-Thalamus,Hausdorff,18.33030277982336
sub-981664,ses-2mo,10,Left-Thalamus,HD95,13.638181686401367
sub-981664,ses-2mo,10,Left-Thalamus,MI,0.000717516838114266
sub-981664,ses-2mo,10,Left-Thalamus,NMI,0.09044691133981292
sub-981664,ses-2mo,12,Left-Putamen,Dice,0.17517684887459808
sub-981664,ses-2mo,12,Left-Putamen,IoU,0.09599661685931773
sub-981664,ses-2mo,12,Left-Putamen,Hausdorff,17.88854381999832
sub-981664,ses-2mo,12,Left-Putamen,HD95,13.827406883239757
sub-981664,ses-2mo,12,Left-Putamen,MI,0.00047539834417078153
sub-981664,ses-2mo,12,Left-Putamen,NMI,0.10389454638911898
sub-981664,ses-2mo,52,Right-Pallidum,Dice,0.005305039787798408
sub-981664,ses-2mo,52,Right-Pallidum,IoU,0.0026595744680851063
sub-981664,ses-2mo,52,Right-Pallidum,Hausdorff,12.12435565298214
sub-981664,ses-2mo,52,Right-Pallidum,HD95,10.862780570983887
sub-981664,ses-2mo,52,Right-Pallidum,MI,1.915788834555808e-06
sub-981664,ses-2mo,52,Right-Pallidum,NMI,0.001478493057217081
sub-981664,ses-2mo,8,Left-Cerebellum-Cortex,Dice,0.13443244403118518
sub-981664,ses-2mo,8,Left-Cerebellum-Cortex,IoU,0.07205981021757883
sub-981664,ses-2mo,8,Left-Cerebellum-Cortex,Hausdorff,34.36568055487916
sub-981664,ses-2mo,8,Left-Cerebellum-Cortex,HD95,27.673090362548816
sub-981664,ses-2mo,8,Left-Cerebellum-Cortex,MI,0.0014434748058990005
sub-981664,ses-2mo,8,Left-Cerebellum-Cortex,NMI,0.05713473761688187
sub-981664,ses-2mo,11,Left-Caudate,Dice,0.20603585205355116
sub-981664,ses-2mo,11,Left-Caudate,IoU,0.11484948140652669
sub-981664,ses-2mo,11,Left-Caudate,Hausdorff,18.788294228055936
sub-981664,ses-2mo,11,Left-Caudate,HD95,12.389495372772217
sub-981664,ses-2mo,11,Left-Caudate,MI,0.0003627781063749383
sub-981664,ses-2mo,11,Left-Caudate,NMI,0.130904085559558
sub-981664,ses-2mo,3,Left-Cerebral-Cortex,Dice,0.2503350597046087
sub-981664,ses-2mo,3,Left-Cerebral-Cortex,IoU,0.14307599926094722
sub-981664,ses-2mo,3,Left-Cerebral-Cortex,Hausdorff,35.86084215408221
sub-981664,ses-2mo,3,Left-Cerebral-Cortex,HD95,14.317821502685547
sub-981664,ses-2mo,3,Left-Cerebral-Cortex,MI,0.009496417407920687
sub-981664,ses-2mo,3,Left-Cerebral-Cortex,NMI,0.09496583009110869
sub-981664,ses-2mo,4,Left-Lateral-Ventricle,Dice,0.03514545215216533
sub-981664,ses-2mo,4,Left-Lateral-Ventricle,IoU,0.017887050311516044
sub-981664,ses-2mo,4,Left-Lateral-Ventricle,Hausdorff,19.313207915827967
sub-981664,ses-2mo,4,Left-Lateral-Ventricle,HD95,13.638181686401367
sub-981664,ses-2mo,4,Left-Lateral-Ventricle,MI,0.00010237389525447933
sub-981664,ses-2mo,4,Left-Lateral-Ventricle,NMI,0.012530861538353283
sub-981664,ses-2mo,18,Left-Amygdala,Dice,0.0
sub-981664,ses-2mo,18,Left-Amygdala,IoU,0.0
sub-981664,ses-2mo,18,Left-Amygdala,Hausdorff,26.645825188948457
sub-981664,ses-2mo,18,Left-Amygdala,HD95,24.719425296783445
sub-981664,ses-2mo,18,Left-Amygdala,MI,1.955702296109604e-08
sub-981664,ses-2mo,18,Left-Amygdala,NMI,1.298646314028543e-05
sub-981664,ses-2mo,44,Right-Inf-Lat-Vent,Dice,0.0
sub-981664,ses-2mo,44,Right-Inf-Lat-Vent,IoU,0.0
sub-981664,ses-2mo,44,Right-Inf-Lat-Vent,Hausdorff,20.396078054371138
sub-981664,ses-2mo,44,Right-Inf-Lat-Vent,HD95,15.165750503540039
sub-981664,ses-2mo,44,Right-Inf-Lat-Vent,MI,4.388445570721296e-09
sub-981664,ses-2mo,44,Right-Inf-Lat-Vent,NMI,5.430033940512262e-06
sub-981664,ses-2mo,47,Right-Cerebellum-Cortex,Dice,0.1235019858400967
sub-981664,ses-2mo,47,Right-Cerebellum-Cortex,IoU,0.06581514337247396
sub-981664,ses-2mo,47,Right-Cerebellum-Cortex,Hausdorff,32.29551052391029
sub-981664,ses-2mo,47,Right-Cerebellum-Cortex,HD95,25.01999282836914
sub-981664,ses-2mo,47,Right-Cerebellum-Cortex,MI,0.0013315290126819455
sub-981664,ses-2mo,47,Right-Cerebellum-Cortex,NMI,0.051322178611809356
sub-981664,ses-2mo,13,Left-Pallidum,Dice,0.0
sub-981664,ses-2mo,13,Left-Pallidum,IoU,0.0
sub-981664,ses-2mo,13,Left-Pallidum,Hausdorff,15.0
sub-981664,ses-2mo,13,Left-Pallidum,HD95,12.206555366516113
sub-981664,ses-2mo,13,Left-Pallidum,MI,1.6803790180066475e-08
sub-981664,ses-2mo,13,Left-Pallidum,NMI,1.2890348219792948e-05
sub-981664,ses-2mo,60,Right-VentralDC,Dice,0.0
sub-981664,ses-2mo,60,Right-VentralDC,IoU,0.0
sub-981664,ses-2mo,60,Right-VentralDC,Hausdorff,21.97726097583591
sub-981664,ses-2mo,60,Right-VentralDC,HD95,17.233688354492188
sub-981664,ses-2mo,60,Right-VentralDC,MI,6.374322558081336e-08
sub-981664,ses-2mo,60,Right-VentralDC,NMI,2.548118833183365e-05
sub-981664,ses-2mo,49,Right-Thalamus,Dice,0.19140996561059487
sub-981664,ses-2mo,49,Right-Thalamus,IoU,0.10583380532405534
sub-981664,ses-2mo,49,Right-Thalamus,Hausdorff,18.788294228055936
sub-981664,ses-2mo,49,Right-Thalamus,HD95,13.379088401794434
sub-981664,ses-2mo,49,Right-Thalamus,MI,0.0008183995899612912
sub-981664,ses-2mo,49,Right-Thalamus,NMI,0.10861378526963739
sub-981664,ses-2mo,54,Right-Amygdala,Dice,0.0
sub-981664,ses-2mo,54,Right-Amygdala,IoU,0.0
sub-981664,ses-2mo,54,Right-Amygdala,Hausdorff,26.627053911388696
sub-981664,ses-2mo,54,Right-Amygdala,HD95,23.51595115661621
sub-981664,ses-2mo,54,Right-Amygdala,MI,1.9133212202635842e-08
sub-981664,ses-2mo,54,Right-Amygdala,NMI,1.3172503831821973e-05
sub-981664,ses-2mo,16,Brain-Stem,Dice,0.1673136018114184
sub-981664,ses-2mo,16,Brain-Stem,IoU,0.09129417994087279
sub-981664,ses-2mo,16,Brain-Stem,Hausdorff,38.52272056851645
sub-981664,ses-2mo,16,Brain-Stem,HD95,31.843366622924805
sub-981664,ses-2mo,16,Brain-Stem,MI,0.001111366133888089
sub-981664,ses-2mo,16,Brain-Stem,NMI,0.08861388890487958
sub-981664,ses-2mo,50,Right-Caudate,Dice,0.2248547161376844
sub-981664,ses-2mo,50,Right-Caudate,IoU,0.1266683455049106
sub-981664,ses-2mo,50,Right-Caudate,Hausdorff,15.84297951775486
sub-981664,ses-2mo,50,Right-Caudate,HD95,10.042393970489497
sub-981664,ses-2mo,50,Right-Caudate,MI,0.0004063297511415065
sub-981664,ses-2mo,50,Right-Caudate,NMI,0.1444689547802396
sub-981664,ses-2mo,31,Left-choroid-plexus,Dice,0.0
sub-981664,ses-2mo,31,Left-choroid-plexus,IoU,0.0
sub-981664,ses-2mo,31,Left-choroid-plexus,Hausdorff,58.05170109479997
sub-981664,ses-2mo,31,Left-choroid-plexus,HD95,50.95586166381836
sub-981664,ses-2mo,31,Left-choroid-plexus,MI,1.5293487914058105e-09
sub-981664,ses-2mo,31,Left-choroid-plexus,NMI,2.2150260277748404e-06
sub-981664,ses-2mo,28,Left-VentralDC,Dice,0.0
sub-981664,ses-2mo,28,Left-VentralDC,IoU,0.0
sub-981664,ses-2mo,28,Left-VentralDC,Hausdorff,22.494443758403985
sub-981664,ses-2mo,28,Left-VentralDC,HD95,17.916473388671875
sub-981664,ses-2mo,28,Left-VentralDC,MI,5.6623003101162125e-08
sub-981664,ses-2mo,28,Left-VentralDC,NMI,2.3488185356404036e-05
sub-981664,ses-2mo,15,4th-Ventricle,Dice,0.0
sub-981664,ses-2mo,15,4th-Ventricle,IoU,0.0
sub-981664,ses-2mo,15,4th-Ventricle,Hausdorff,32.817678162843876
sub-981664,ses-2mo,15,4th-Ventricle,HD95,26.77685546875
sub-981664,ses-2mo,15,4th-Ventricle,MI,6.970299200754473e-09
sub-981664,ses-2mo,15,4th-Ventricle,NMI,8.012056394966966e-06
sub-981664,ses-2mo,2,Left-Cerebral-White-Matter,Dice,0.5523274816645335
sub-981664,ses-2mo,2,Left-Cerebral-White-Matter,IoU,0.38152791786059426
sub-981664,ses-2mo,2,Left-Cerebral-White-Matter,Hausdorff,31.20897306865447
sub-981664,ses-2mo,2,Left-Cerebral-White-Matter,HD95,9.380831718444824
sub-981664,ses-2mo,2,Left-Cerebral-White-Matter,MI,0.03827858334047315
sub-981664,ses-2mo,2,Left-Cerebral-White-Matter,NMI,0.3562316762748216
sub-981664,ses-2mo,41,Right-Cerebral-White-Matter,Dice,0.5073558770232501
sub-981664,ses-2mo,41,Right-Cerebral-White-Matter,IoU,0.3399041132533591
sub-981664,ses-2mo,41,Right-Cerebral-White-Matter,Hausdorff,27.2213151776324
sub-981664,ses-2mo,41,Right-Cerebral-White-Matter,HD95,8.83176040649414
sub-981664,ses-2mo,41,Right-Cerebral-White-Matter,MI,0.03406223765184707
sub-981664,ses-2mo,41,Right-Cerebral-White-Matter,NMI,0.3195745554187037
sub-981664,ses-2mo,14,3rd-Ventricle,Dice,0.006389776357827476
sub-981664,ses-2mo,14,3rd-Ventricle,IoU,0.003205128205128205
sub-981664,ses-2mo,14,3rd-Ventricle,Hausdorff,15.652475842498529
sub-981664,ses-2mo,14,3rd-Ventricle,HD95,12.041594505310059
sub-981664,ses-2mo,14,3rd-Ventricle,MI,1.5836681307477742e-06
sub-981664,ses-2mo,14,3rd-Ventricle,NMI,0.0023101260462530912
sub-981664,ses-2mo,63,Right-choroid-plexus,Dice,0.0
sub-981664,ses-2mo,63,Right-choroid-plexus,IoU,0.0
sub-981664,ses-2mo,63,Right-choroid-plexus,Hausdorff,72.86288492778748
sub-981664,ses-2mo,63,Right-choroid-plexus,HD95,44.11008987426758
sub-981664,ses-2mo,63,Right-choroid-plexus,MI,2.2577835200390806e-09
sub-981664,ses-2mo,63,Right-choroid-plexus,NMI,3.1523705365243226e-06
sub-981664,ses-2mo,26,Left-Accumbens-area,Dice,0.0
sub-981664,ses-2mo,26,Left-Accumbens-area,IoU,0.0
sub-981664,ses-2mo,26,Left-Accumbens-area,Hausdorff,15.684387141358123
sub-981664,ses-2mo,26,Left-Accumbens-area,HD95,14.896305274963378
sub-981664,ses-2mo,26,Left-Accumbens-area,MI,2.183394161216906e-09
sub-981664,ses-2mo,26,Left-Accumbens-area,NMI,4.253041793361253e-06
sub-981664,ses-2mo,46,Right-Cerebellum-White-Matter,Dice,0.00013813108640099454
sub-981664,ses-2mo,46,Right-Cerebellum-White-Matter,IoU,6.907031357922365e-05
sub-981664,ses-2mo,46,Right-Cerebellum-White-Matter,Hausdorff,34.68429039204925
sub-981664,ses-2mo,46,Right-Cerebellum-White-Matter,HD95,25.729360580444336
sub-981664,ses-2mo,46,Right-Cerebellum-White-Matter,MI,4.137377454023834e-07
sub-981664,ses-2mo,46,Right-Cerebellum-White-Matter,NMI,5.294035041344333e-05
sub-981664,ses-2mo,7,Left-Cerebellum-White-Matter,Dice,0.0
sub-981664,ses-2mo,7,Left-Cerebellum-White-Matter,IoU,0.0
sub-981664,ses-2mo,7,Left-Cerebellum-White-Matter,Hausdorff,36.89173349139343
sub-981664,ses-2mo,7,Left-Cerebellum-White-Matter,HD95,30.0
sub-981664,ses-2mo,7,Left-Cerebellum-White-Matter,MI,6.735364953777169e-07
sub-981664,ses-2mo,7,Left-Cerebellum-White-Matter,NMI,8.738209727444803e-05
sub-295081,ses-5mo,51,Right-Putamen,Dice,0.09710720363017583
sub-295081,ses-5mo,51,Right-Putamen,IoU,0.05103135805413139
sub-295081,ses-5mo,51,Right-Putamen,Hausdorff,21.95449840010015
sub-295081,ses-5mo,51,Right-Putamen,HD95,14.352700233459473
sub-295081,ses-5mo,51,Right-Putamen,MI,0.0002510817362099283
sub-295081,ses-5mo,51,Right-Putamen,NMI,0.04912367116397683
sub-295081,ses-5mo,42,Right-Cerebral-Cortex,Dice,0.23243659507482886
sub-295081,ses-5mo,42,Right-Cerebral-Cortex,IoU,0.13150113564648558
sub-295081,ses-5mo,42,Right-Cerebral-Cortex,Hausdorff,70.97887009526144
sub-295081,ses-5mo,42,Right-Cerebral-Cortex,HD95,17.0
sub-295081,ses-5mo,42,Right-Cerebral-Cortex,MI,0.009070461727082611
sub-295081,ses-5mo,42,Right-Cerebral-Cortex,NMI,0.07915089596555423
sub-295081,ses-5mo,43,Right-Lateral-Ventricle,Dice,0.00818968364044647
sub-295081,ses-5mo,43,Right-Lateral-Ventricle,IoU,0.004111678493268784
sub-295081,ses-5mo,43,Right-Lateral-Ventricle,Hausdorff,29.03446228191595
sub-295081,ses-5mo,43,Right-Lateral-Ventricle,HD95,18.920886993408203
sub-295081,ses-5mo,43,Right-Lateral-Ventricle,MI,1.46980830876899e-05
sub-295081,ses-5mo,43,Right-Lateral-Ventricle,NMI,0.0018391916421463743
sub-295081,ses-5mo,85,Optic-Chiasm,Dice,0.0
sub-295081,ses-5mo,85,Optic-Chiasm,IoU,0.0
sub-295081,ses-5mo,85,Optic-Chiasm,Hausdorff,31.20897306865447
sub-295081,ses-5mo,85,Optic-Chiasm,HD95,29.422779083251953
sub-295081,ses-5mo,85,Optic-Chiasm,MI,3.559547795914679e-11
sub-295081,ses-5mo,85,Optic-Chiasm,NMI,1.027234739649586e-07
sub-295081,ses-5mo,62,Right-vessel,Dice,0.0
sub-295081,ses-5mo,62,Right-vessel,IoU,0.0
sub-295081,ses-5mo,62,Right-vessel,Hausdorff,16.881943016134134
sub-295081,ses-5mo,62,Right-vessel,HD95,15.850688123703
sub-295081,ses-5mo,62,Right-vessel,MI,3.1701815712749815e-10
sub-295081,ses-5mo,62,Right-vessel,NMI,1.169940201339666e-06
sub-295081,ses-5mo,5,Left-Inf-Lat-Vent,Dice,0.0
sub-295081,ses-5mo,5,Left-Inf-Lat-Vent,IoU,0.0
sub-295081,ses-5mo,5,Left-Inf-Lat-Vent,Hausdorff,32.817678162843876
sub-295081,ses-5mo,5,Left-Inf-Lat-Vent,HD95,24.093560695648193
sub-295081,ses-5mo,5,Left-Inf-Lat-Vent,MI,4.94703644471654e-09
sub-295081,ses-5mo,5,Left-Inf-Lat-Vent,NMI,6.482390317250492e-06
sub-295081,ses-5mo,58,Right-Accumbens-area,Dice,0.0
sub-295081,ses-5mo,58,Right-Accumbens-area,IoU,0.0
sub-295081,ses-5mo,58,Right-Accumbens-area,Hausdorff,17.916472867168917
sub-295081,ses-5mo,58,Right-Accumbens-area,HD95,15.779733657836914
sub-295081,ses-5mo,58,Right-Accumbens-area,MI,2.2926412067089154e-09
sub-295081,ses-5mo,58,Right-Accumbens-area,NMI,4.2904930900599e-06
sub-295081,ses-5mo,17,Left-Hippocampus,Dice,0.0
sub-295081,ses-5mo,17,Left-Hippocampus,IoU,0.0
sub-295081,ses-5mo,17,Left-Hippocampus,Hausdorff,31.874754901018456
sub-295081,ses-5mo,17,Left-Hippocampus,HD95,26.944387435913086
sub-295081,ses-5mo,17,Left-Hippocampus,MI,1.1045131169580297e-07
sub-295081,ses-5mo,17,Left-Hippocampus,NMI,3.4360069893674476e-05
sub-295081,ses-5mo,53,Right-Hippocampus,Dice,0.0
sub-295081,ses-5mo,53,Right-Hippocampus,IoU,0.0
sub-295081,ses-5mo,53,Right-Hippocampus,Hausdorff,32.2490309931942
sub-295081,ses-5mo,53,Right-Hippocampus,HD95,25.43029060363769
sub-295081,ses-5mo,53,Right-Hippocampus,MI,1.0631206510687118e-07
sub-295081,ses-5mo,53,Right-Hippocampus,NMI,3.364027272197967e-05
sub-295081,ses-5mo,10,Left-Thalamus,Dice,0.04021271945800248
sub-295081,ses-5mo,10,Left-Thalamus,IoU,0.020518920526354918
sub-295081,ses-5mo,10,Left-Thalamus,Hausdorff,27.331300737432898
sub-295081,ses-5mo,10,Left-Thalamus,HD95,20.615528106689453
sub-295081,ses-5mo,10,Left-Thalamus,MI,0.00010834266568830048
sub-295081,ses-5mo,10,Left-Thalamus,NMI,0.014347160989276924
sub-295081,ses-5mo,12,Left-Putamen,Dice,0.05371577574967405
sub-295081,ses-5mo,12,Left-Putamen,IoU,0.02759914255091104
sub-295081,ses-5mo,12,Left-Putamen,Hausdorff,24.43358344574123
sub-295081,ses-5mo,12,Left-Putamen,HD95,17.492855072021484
sub-295081,ses-5mo,12,Left-Putamen,MI,0.0001061318321895185
sub-295081,ses-5mo,12,Left-Putamen,NMI,0.02345147438896937
sub-295081,ses-5mo,52,Right-Pallidum,Dice,0.0
sub-295081,ses-5mo,52,Right-Pallidum,IoU,0.0
sub-295081,ses-5mo,52,Right-Pallidum,Hausdorff,16.186414056238647
sub-295081,ses-5mo,52,Right-Pallidum,HD95,13.928388595581055
sub-295081,ses-5mo,52,Right-Pallidum,MI,1.933927576912818e-08
sub-295081,ses-5mo,52,Right-Pallidum,NMI,1.404362429712328e-05
sub-295081,ses-5mo,8,Left-Cerebellum-Cortex,Dice,0.012473569182110556
sub-295081,ses-5mo,8,Left-Cerebellum-Cortex,IoU,0.0062759261908167645
sub-295081,ses-5mo,8,Left-Cerebellum-Cortex,Hausdorff,37.656340767525464
sub-295081,ses-5mo,8,Left-Cerebellum-Cortex,HD95,30.870698928833008
sub-295081,ses-5mo,8,Left-Cerebellum-Cortex,MI,2.343017614531536e-05
sub-295081,ses-5mo,8,Left-Cerebellum-Cortex,NMI,0.0009185820763219932
sub-295081,ses-5mo,11,Left-Caudate,Dice,0.060181368507831824
sub-295081,ses-5mo,11,Left-Caudate,IoU,0.03102422439439014
sub-295081,ses-5mo,11,Left-Caudate,Hausdorff,17.146428199482248
sub-295081,ses-5mo,11,Left-Caudate,HD95,11.445523262023926
sub-295081,ses-5mo,11,Left-Caudate,MI,8.648606256307127e-05
sub-295081,ses-5mo,11,Left-Caudate,NMI,0.028642713130813385
sub-295081,ses-5mo,3,Left-Cerebral-Cortex,Dice,0.24794284730590463
sub-295081,ses-5mo,3,Left-Cerebral-Cortex,IoU,0.1415152735883353
sub-295081,ses-5mo,3,Left-Cerebral-Cortex,Hausdorff,41.97618372363071
sub-295081,ses-5mo,3,Left-Cerebral-Cortex,HD95,21.97726058959961
sub-295081,ses-5mo,3,Left-Cerebral-Cortex,MI,0.010106208777222174
sub-295081,ses-5mo,3,Left-Cerebral-Cortex,NMI,0.0891387664657793
sub-295081,ses-5mo,4,Left-Lateral-Ventricle,Dice,0.02076416973501539
sub-295081,ses-5mo,4,Left-Lateral-Ventricle,IoU,0.010491003354681306
sub-295081,ses-5mo,4,Left-Lateral-Ventricle,Hausdorff,31.400636936215164
sub-295081,ses-5mo,4,Left-Lateral-Ventricle,HD95,20.639766693115234
sub-295081,ses-5mo,4,Left-Lateral-Ventricle,MI,5.8724239602108244e-05
sub-295081,ses-5mo,4,Left-Lateral-Ventricle,NMI,0.006774804833134907
sub-295081,ses-5mo,18,Left-Amygdala,Dice,0.0
sub-295081,ses-5mo,18,Left-Amygdala,IoU,0.0
sub-295081,ses-5mo,18,Left-Amygdala,Hausdorff,32.449961479175904
sub-295081,ses-5mo,18,Left-Amygdala,HD95,29.086078643798828
sub-295081,ses-5mo,18,Left-Amygdala,MI,2.9354210554898702e-08
sub-295081,ses-5mo,18,Left-Amygdala,NMI,1.688521246676451e-05
sub-295081,ses-5mo,44,Right-Inf-Lat-Vent,Dice,0.0
sub-295081,ses-5mo,44,Right-Inf-Lat-Vent,IoU,0.0
sub-295081,ses-5mo,44,Right-Inf-Lat-Vent,Hausdorff,30.033314835362415
sub-295081,ses-5mo,44,Right-Inf-Lat-Vent,HD95,23.35807952880859
sub-295081,ses-5mo,44,Right-Inf-Lat-Vent,MI,4.048155167687712e-09
sub-295081,ses-5mo,44,Right-Inf-Lat-Vent,NMI,5.13329876911807e-06
sub-295081,ses-5mo,47,Right-Cerebellum-Cortex,Dice,0.033724689467415345
sub-295081,ses-5mo,47,Right-Cerebellum-Cortex,IoU,0.017151560255456135
sub-295081,ses-5mo,47,Right-Cerebellum-Cortex,Hausdorff,38.88444419044716
sub-295081,ses-5mo,47,Right-Cerebellum-Cortex,HD95,30.789608001708984
sub-295081,ses-5mo,47,Right-Cerebellum-Cortex,MI,0.00017343672435469852
sub-295081,ses-5mo,47,Right-Cerebellum-Cortex,NMI,0.006555718868373959
sub-295081,ses-5mo,13,Left-Pallidum,Dice,0.0
sub-295081,ses-5mo,13,Left-Pallidum,IoU,0.0
sub-295081,ses-5mo,13,Left-Pallidum,Hausdorff,18.894443627691185
sub-295081,ses-5mo,13,Left-Pallidum,HD95,15.29705810546875
sub-295081,ses-5mo,13,Left-Pallidum,MI,2.7116321729366878e-08
sub-295081,ses-5mo,13,Left-Pallidum,NMI,1.686172818169853e-05
sub-295081,ses-5mo,60,Right-VentralDC,Dice,0.0
sub-295081,ses-5mo,60,Right-VentralDC,IoU,0.0
sub-295081,ses-5mo,60,Right-VentralDC,Hausdorff,25.787593916455254
sub-295081,ses-5mo,60,Right-VentralDC,HD95,21.839160060882573
sub-295081,ses-5mo,60,Right-VentralDC,MI,1.427317134440262e-07
sub-295081,ses-5mo,60,Right-VentralDC,NMI,4.229617668433836e-05
sub-295081,ses-5mo,49,Right-Thalamus,Dice,0.05177256509527063
sub-295081,ses-5mo,49,Right-Thalamus,IoU,0.02657418952618454
sub-295081,ses-5mo,49,Right-Thalamus,Hausdorff,28.0
sub-295081,ses-5mo,49,Right-Thalamus,HD95,20.47924575805663
sub-295081,ses-5mo,49,Right-Thalamus,MI,0.00014819729748285408
sub-295081,ses-5mo,49,Right-Thalamus,NMI,0.02034862695491552
sub-295081,ses-5mo,54,Right-Amygdala,Dice,0.0
sub-295081,ses-5mo,54,Right-Amygdala,IoU,0.0
sub-295081,ses-5mo,54,Right-Amygdala,Hausdorff,31.32091952673165
sub-295081,ses-5mo,54,Right-Amygdala,HD95,27.36786460876465
sub-295081,ses-5mo,54,Right-Amygdala,MI,2.9382130282192692e-08
sub-295081,ses-5mo,54,Right-Amygdala,NMI,1.6783227053300273e-05
sub-295081,ses-5mo,24,CSF,Dice,0.0030755294512992467
sub-295081,ses-5mo,24,CSF,IoU,0.0015401330879851328
sub-295081,ses-5mo,24,CSF,Hausdorff,90.44335243676011
sub-295081,ses-5mo,24,CSF,HD95,74.41773986816406
sub-295081,ses-5mo,24,CSF,MI,0.00014047350917385066
sub-295081,ses-5mo,24,CSF,NMI,0.0017358003343691255
sub-295081,ses-5mo,16,Brain-Stem,Dice,0.06912167798832082
sub-295081,ses-5mo,16,Brain-Stem,IoU,0.03579804962350327
sub-295081,ses-5mo,16,Brain-Stem,Hausdorff,37.429934544425805
sub-295081,ses-5mo,16,Brain-Stem,HD95,32.69556427001953
sub-295081,ses-5mo,16,Brain-Stem,MI,0.00034288658356979983
sub-295081,ses-5mo,16,Brain-Stem,NMI,0.02688415184084997
sub-295081,ses-5mo,50,Right-Caudate,Dice,0.1550553769203287
sub-295081,ses-5mo,50,Right-Caudate,IoU,0.08404337722695585
sub-295081,ses-5mo,50,Right-Caudate,Hausdorff,14.177446878757825
sub-295081,ses-5mo,50,Right-Caudate,HD95,9.321864557266215
sub-295081,ses-5mo,50,Right-Caudate,MI,0.00031186336051967564
sub-295081,ses-5mo,50,Right-Caudate,NMI,0.09099385925374487
sub-295081,ses-5mo,30,Left-vessel,Dice,0.0
sub-295081,ses-5mo,30,Left-vessel,IoU,0.0
sub-295081,ses-5mo,30,Left-vessel,Hausdorff,18.24828759089466
sub-295081,ses-5mo,30,Left-vessel,HD95,17.220599460601807
sub-295081,ses-5mo,30,Left-vessel,MI,7.383516664215338e-11
sub-295081,ses-5mo,30,Left-vessel,NMI,4.5642281935967953e-07
sub-295081,ses-5mo,31,Left-choroid-plexus,Dice,0.0
sub-295081,ses-5mo,31,Left-choroid-plexus,IoU,0.0
sub-295081,ses-5mo,31,Left-choroid-plexus,Hausdorff,42.555845661906424
sub-295081,ses-5mo,31,Left-choroid-plexus,HD95,30.430248260498047
sub-295081,ses-5mo,31,Left-choroid-plexus,MI,8.261647916403981e-09
sub-295081,ses-5mo,31,Left-choroid-plexus,NMI,6.418005155648377e-06
sub-295081,ses-5mo,28,Left-VentralDC,Dice,0.0
sub-295081,ses-5mo,28,Left-VentralDC,IoU,0.0
sub-295081,ses-5mo,28,Left-VentralDC,Hausdorff,27.09243436828813
sub-295081,ses-5mo,28,Left-VentralDC,HD95,22.912878036499023
sub-295081,ses-5mo,28,Left-VentralDC,MI,1.4728277786832476e-07
sub-295081,ses-5mo,28,Left-VentralDC,NMI,4.314293583721432e-05
sub-295081,ses-5mo,15,4th-Ventricle,Dice,0.0
sub-295081,ses-5mo,15,4th-Ventricle,IoU,0.0
sub-295081,ses-5mo,15,4th-Ventricle,Hausdorff,37.12142238654117
sub-295081,ses-5mo,15,4th-Ventricle,HD95,33.689746856689446
sub-295081,ses-5mo,15,4th-Ventricle,MI,5.439649766351496e-09
sub-295081,ses-5mo,15,4th-Ventricle,NMI,6.89989356230478e-06
sub-295081,ses-5mo,2,Left-Cerebral-White-Matter,Dice,0.5225346385181917
sub-295081,ses-5mo,2,Left-Cerebral-White-Matter,IoU,0.3536696372997341
sub-295081,ses-5mo,2,Left-Cerebral-White-Matter,Hausdorff,98.55962662266938
sub-295081,ses-5mo,2,Left-Cerebral-White-Matter,HD95,18.275667190551758
sub-295081,ses-5mo,2,Left-Cerebral-White-Matter,MI,0.03949344854431532
sub-295081,ses-5mo,2,Left-Cerebral-White-Matter,NMI,0.3309850734341384
sub-295081,ses-5mo,41,Right-Cerebral-White-Matter,Dice,0.5318002309253279
sub-295081,ses-5mo,41,Right-Cerebral-White-Matter,IoU,0.3622124469209617
sub-295081,ses-5mo,41,Right-Cerebral-White-Matter,Hausdorff,34.88552708502482
sub-295081,ses-5mo,41,Right-Cerebral-White-Matter,HD95,12.649110794067383
sub-295081,ses-5mo,41,Right-Cerebral-White-Matter,MI,0.04070930166538124
sub-295081,ses-5mo,41,Right-Cerebral-White-Matter,NMI,0.34211827668812894
sub-295081,ses-5mo,14,3rd-Ventricle,Dice,0.04923599320882852
sub-295081,ses-5mo,14,3rd-Ventricle,IoU,0.025239338555265448
sub-295081,ses-5mo,14,3rd-Ventricle,Hausdorff,18.027756377319946
sub-295081,ses-5mo,14,3rd-Ventricle,HD95,15.0
sub-295081,ses-5mo,14,3rd-Ventricle,MI,2.200753094965789e-05
sub-295081,ses-5mo,14,3rd-Ventricle,NMI,0.025937973572663545
sub-295081,ses-5mo,63,Right-choroid-plexus,Dice,0.007662835249042145
sub-295081,ses-5mo,63,Right-choroid-plexus,IoU,0.0038461538461538464
sub-295081,ses-5mo,63,Right-choroid-plexus,Hausdorff,43.840620433565945
sub-295081,ses-5mo,63,Right-choroid-plexus,HD95,26.248809814453125
sub-295081,ses-5mo,63,Right-choroid-plexus,MI,3.5458444475178344e-06
sub-295081,ses-5mo,63,Right-choroid-plexus,NMI,0.002874246841219893
sub-295081,ses-5mo,26,Left-Accumbens-area,Dice,0.0
sub-295081,ses-5mo,26,Left-Accumbens-area,IoU,0.0
sub-295081,ses-5mo,26,Left-Accumbens-area,Hausdorff,18.788294228055936
sub-295081,ses-5mo,26,Left-Accumbens-area,HD95,17.08507843017578
sub-295081,ses-5mo,26,Left-Accumbens-area,MI,3.2252445951718453e-09
sub-295081,ses-5mo,26,Left-Accumbens-area,NMI,5.079709401747254e-06
sub-295081,ses-5mo,46,Right-Cerebellum-White-Matter,Dice,0.0
sub-295081,ses-5mo,46,Right-Cerebellum-White-Matter,IoU,0.0
sub-295081,ses-5mo,46,Right-Cerebellum-White-Matter,Hausdorff,41.12177038990418
sub-295081,ses-5mo,46,Right-Cerebellum-White-Matter,HD95,33.544745445251465
sub-295081,ses-5mo,46,Right-Cerebellum-White-Matter,MI,1.437476094068215e-06
sub-295081,ses-5mo,46,Right-Cerebellum-White-Matter,NMI,0.00015191958648771102
sub-295081,ses-5mo,7,Left-Cerebellum-White-Matter,Dice,0.0
sub-295081,ses-5mo,7,Left-Cerebellum-White-Matter,IoU,0.0
sub-295081,ses-5mo,7,Left-Cerebellum-White-Matter,Hausdorff,41.80908992073375
sub-295081,ses-5mo,7,Left-Cerebellum-White-Matter,HD95,35.2845573425293
sub-295081,ses-5mo,7,Left-Cerebellum-White-Matter,MI,1.297346158064816e-06
sub-295081,ses-5mo,7,Left-Cerebellum-White-Matter,NMI,0.0001427810138783232
sub-943541,ses-1mo,51,Right-Putamen,Dice,0.04450867052023121
sub-943541,ses-1mo,51,Right-Putamen,IoU,0.02276086313922554
sub-943541,ses-1mo,51,Right-Putamen,Hausdorff,21.0
sub-943541,ses-1mo,51,Right-Putamen,HD95,15.264337539672852
sub-943541,ses-1mo,51,Right-Putamen,MI,7.72316361099238e-05
sub-943541,ses-1mo,51,Right-Putamen,NMI,0.01868445282624121
sub-943541,ses-1mo,42,Right-Cerebral-Cortex,Dice,0.18138926361029575
sub-943541,ses-1mo,42,Right-Cerebral-Cortex,IoU,0.09974056568608448
sub-943541,ses-1mo,42,Right-Cerebral-Cortex,Hausdorff,92.21713506718802
sub-943541,ses-1mo,42,Right-Cerebral-Cortex,HD95,13.601470947265625
sub-943541,ses-1mo,42,Right-Cerebral-Cortex,MI,0.0055701915836253064
sub-943541,ses-1mo,42,Right-Cerebral-Cortex,NMI,0.056131006424112694
sub-943541,ses-1mo,43,Right-Lateral-Ventricle,Dice,0.030815044992555187
sub-943541,ses-1mo,43,Right-Lateral-Ventricle,IoU,0.015648629101190085
sub-943541,ses-1mo,43,Right-Lateral-Ventricle,Hausdorff,17.52141546793523
sub-943541,ses-1mo,43,Right-Lateral-Ventricle,HD95,12.041594505310059
sub-943541,ses-1mo,43,Right-Lateral-Ventricle,MI,9.053333264248437e-05
sub-943541,ses-1mo,43,Right-Lateral-Ventricle,NMI,0.010998493042624218
sub-943541,ses-1mo,5,Left-Inf-Lat-Vent,Dice,0.0
sub-943541,ses-1mo,5,Left-Inf-Lat-Vent,IoU,0.0
sub-943541,ses-1mo,5,Left-Inf-Lat-Vent,Hausdorff,31.827660925679098
sub-943541,ses-1mo,5,Left-Inf-Lat-Vent,HD95,24.257985496520995
sub-943541,ses-1mo,5,Left-Inf-Lat-Vent,MI,4.231414846685372e-09
sub-943541,ses-1mo,5,Left-Inf-Lat-Vent,NMI,5.916628091634616e-06
sub-943541,ses-1mo,58,Right-Accumbens-area,Dice,0.0
sub-943541,ses-1mo,58,Right-Accumbens-area,IoU,0.0
sub-943541,ses-1mo,58,Right-Accumbens-area,Hausdorff,16.673332000533065
sub-943541,ses-1mo,58,Right-Accumbens-area,HD95,14.401353549957275
sub-943541,ses-1mo,58,Right-Accumbens-area,MI,1.6230952623054982e-09
sub-943541,ses-1mo,58,Right-Accumbens-area,NMI,3.4992583892038718e-06
sub-943541,ses-1mo,17,Left-Hippocampus,Dice,0.0
sub-943541,ses-1mo,17,Left-Hippocampus,IoU,0.0
sub-943541,ses-1mo,17,Left-Hippocampus,Hausdorff,29.171904291629644
sub-943541,ses-1mo,17,Left-Hippocampus,HD95,22.829803085327143
sub-943541,ses-1mo,17,Left-Hippocampus,MI,6.452529481158677e-08
sub-943541,ses-1mo,17,Left-Hippocampus,NMI,2.487535324900095e-05
sub-943541,ses-1mo,53,Right-Hippocampus,Dice,0.0
sub-943541,ses-1mo,53,Right-Hippocampus,IoU,0.0
sub-943541,ses-1mo,53,Right-Hippocampus,Hausdorff,27.294688127912362
sub-943541,ses-1mo,53,Right-Hippocampus,HD95,21.931713104248047
sub-943541,ses-1mo,53,Right-Hippocampus,MI,8.817169706138404e-08
sub-943541,ses-1mo,53,Right-Hippocampus,NMI,3.116313031238216e-05
sub-943541,ses-1mo,10,Left-Thalamus,Dice,0.1892252894033838
sub-943541,ses-1mo,10,Left-Thalamus,IoU,0.10449963117777232
sub-943541,ses-1mo,10,Left-Thalamus,Hausdorff,19.748417658131498
sub-943541,ses-1mo,10,Left-Thalamus,HD95,14.177447319030762
sub-943541,ses-1mo,10,Left-Thalamus,MI,0.000798468624292761
sub-943541,ses-1mo,10,Left-Thalamus,NMI,0.10730254523095485
sub-943541,ses-1mo,12,Left-Putamen,Dice,0.03137003841229193
sub-943541,ses-1mo,12,Left-Putamen,IoU,0.015934959349593495
sub-943541,ses-1mo,12,Left-Putamen,Hausdorff,21.095023109728988
sub-943541,ses-1mo,12,Left-Putamen,HD95,15.02996692657471
sub-943541,ses-1mo,12,Left-Putamen,MI,4.567522208877227e-05
sub-943541,ses-1mo,12,Left-Putamen,NMI,0.01209716038324371
sub-943541,ses-1mo,52,Right-Pallidum,Dice,0.0
sub-943541,ses-1mo,52,Right-Pallidum,IoU,0.0
sub-943541,ses-1mo,52,Right-Pallidum,Hausdorff,15.652475842498529
sub-943541,ses-1mo,52,Right-Pallidum,HD95,13.928388595581055
sub-943541,ses-1mo,52,Right-Pallidum,MI,1.4040120671518453e-08
sub-943541,ses-1mo,52,Right-Pallidum,NMI,1.163934495420923e-05
sub-943541,ses-1mo,8,Left-Cerebellum-Cortex,Dice,0.09884848808443235
sub-943541,ses-1mo,8,Left-Cerebellum-Cortex,IoU,0.05199400861261936
sub-943541,ses-1mo,8,Left-Cerebellum-Cortex,Hausdorff,36.0416425818802
sub-943541,ses-1mo,8,Left-Cerebellum-Cortex,HD95,28.896366119384766
sub-943541,ses-1mo,8,Left-Cerebellum-Cortex,MI,0.0009782011270477813
sub-943541,ses-1mo,8,Left-Cerebellum-Cortex,NMI,0.03885697190481739
sub-943541,ses-1mo,11,Left-Caudate,Dice,0.03618248557944415
sub-943541,ses-1mo,11,Left-Caudate,IoU,0.01842456608811749
sub-943541,ses-1mo,11,Left-Caudate,Hausdorff,61.0163912403872
sub-943541,ses-1mo,11,Left-Caudate,HD95,12.12435531616211
sub-943541,ses-1mo,11,Left-Caudate,MI,3.7941948876724056e-05
sub-943541,ses-1mo,11,Left-Caudate,NMI,0.01555624386812707
sub-943541,ses-1mo,3,Left-Cerebral-Cortex,Dice,0.18469233318414913
sub-943541,ses-1mo,3,Left-Cerebral-Cortex,IoU,0.10174161469174511
sub-943541,ses-1mo,3,Left-Cerebral-Cortex,Hausdorff,52.820450584977024
sub-943541,ses-1mo,3,Left-Cerebral-Cortex,HD95,15.29705810546875
sub-943541,ses-1mo,3,Left-Cerebral-Cortex,MI,0.00577589983609212
sub-943541,ses-1mo,3,Left-Cerebral-Cortex,NMI,0.05863524844454946
sub-943541,ses-1mo,4,Left-Lateral-Ventricle,Dice,0.007024342981712487
sub-943541,ses-1mo,4,Left-Lateral-Ventricle,IoU,0.003524550315994166
sub-943541,ses-1mo,4,Left-Lateral-Ventricle,Hausdorff,20.049937655763422
sub-943541,ses-1mo,4,Left-Lateral-Ventricle,HD95,13.03840446472168
sub-943541,ses-1mo,4,Left-Lateral-Ventricle,MI,9.113298561327224e-06
sub-943541,ses-1mo,4,Left-Lateral-Ventricle,NMI,0.0010364301126341389
sub-943541,ses-1mo,18,Left-Amygdala,Dice,0.0
sub-943541,ses-1mo,18,Left-Amygdala,IoU,0.0
sub-943541,ses-1mo,18,Left-Amygdala,Hausdorff,33.301651610693426
sub-943541,ses-1mo,18,Left-Amygdala,HD95,27.118210220336906
sub-943541,ses-1mo,18,Left-Amygdala,MI,1.5380106898883576e-08
sub-943541,ses-1mo,18,Left-Amygdala,NMI,1.1067166752876136e-05
sub-943541,ses-1mo,44,Right-Inf-Lat-Vent,Dice,0.0
sub-943541,ses-1mo,44,Right-Inf-Lat-Vent,IoU,0.0
sub-943541,ses-1mo,44,Right-Inf-Lat-Vent,Hausdorff,27.586228448267445
sub-943541,ses-1mo,44,Right-Inf-Lat-Vent,HD95,17.477121543884277
sub-943541,ses-1mo,44,Right-Inf-Lat-Vent,MI,1.923212878123144e-09
sub-943541,ses-1mo,44,Right-Inf-Lat-Vent,NMI,3.201594263482512e-06
sub-943541,ses-1mo,47,Right-Cerebellum-Cortex,Dice,0.10369229641036923
sub-943541,ses-1mo,47,Right-Cerebellum-Cortex,IoU,0.054681155497118994
sub-943541,ses-1mo,47,Right-Cerebellum-Cortex,Hausdorff,35.52463933666322
sub-943541,ses-1mo,47,Right-Cerebellum-Cortex,HD95,29.000861835479725
sub-943541,ses-1mo,47,Right-Cerebellum-Cortex,MI,0.0010284034840061978
sub-943541,ses-1mo,47,Right-Cerebellum-Cortex,NMI,0.04189004484334185
sub-943541,ses-1mo,13,Left-Pallidum,Dice,0.0
sub-943541,ses-1mo,13,Left-Pallidum,IoU,0.0
sub-943541,ses-1mo,13,Left-Pallidum,Hausdorff,15.811388300841896
sub-943541,ses-1mo,13,Left-Pallidum,HD95,14.028525543212888
sub-943541,ses-1mo,13,Left-Pallidum,MI,1.1880472779060396e-08
sub-943541,ses-1mo,13,Left-Pallidum,NMI,1.0567853004428375e-05
sub-943541,ses-1mo,60,Right-VentralDC,Dice,0.0
sub-943541,ses-1mo,60,Right-VentralDC,IoU,0.0
sub-943541,ses-1mo,60,Right-VentralDC,Hausdorff,22.22611077089287
sub-943541,ses-1mo,60,Right-VentralDC,HD95,17.11724281311035
sub-943541,ses-1mo,60,Right-VentralDC,MI,4.716273106097511e-08
sub-943541,ses-1mo,60,Right-VentralDC,NMI,2.1487997416480242e-05
sub-943541,ses-1mo,49,Right-Thalamus,Dice,0.195891137897051
sub-943541,ses-1mo,49,Right-Thalamus,IoU,0.10858055298764602
sub-943541,ses-1mo,49,Right-Thalamus,Hausdorff,20.149441679609886
sub-943541,ses-1mo,49,Right-Thalamus,HD95,14.352700233459473
sub-943541,ses-1mo,49,Right-Thalamus,MI,0.0008196987826481438
sub-943541,ses-1mo,49,Right-Thalamus,NMI,0.11221013148124179
sub-943541,ses-1mo,54,Right-Amygdala,Dice,0.0
sub-943541,ses-1mo,54,Right-Amygdala,IoU,0.0
sub-943541,ses-1mo,54,Right-Amygdala,Hausdorff,28.460498941515414
sub-943541,ses-1mo,54,Right-Amygdala,HD95,25.95476655960083
sub-943541,ses-1mo,54,Right-Amygdala,MI,1.910105035371392e-08
sub-943541,ses-1mo,54,Right-Amygdala,NMI,1.2784269017116258e-05
sub-943541,ses-1mo,16,Brain-Stem,Dice,0.17866588304437261
sub-943541,ses-1mo,16,Brain-Stem,IoU,0.09809616005162956
sub-943541,ses-1mo,16,Brain-Stem,Hausdorff,32.7566787083184
sub-943541,ses-1mo,16,Brain-Stem,HD95,28.347838973999014
sub-943541,ses-1mo,16,Brain-Stem,MI,0.0011823333776883804
sub-943541,ses-1mo,16,Brain-Stem,NMI,0.09746000222305666
sub-943541,ses-1mo,50,Right-Caudate,Dice,0.05347015933027275
sub-943541,ses-1mo,50,Right-Caudate,IoU,0.02746947835738069
sub-943541,ses-1mo,50,Right-Caudate,Hausdorff,16.822603841260722
sub-943541,ses-1mo,50,Right-Caudate,HD95,11.357816696166992
sub-943541,ses-1mo,50,Right-Caudate,MI,6.030967195037743e-05
sub-943541,ses-1mo,50,Right-Caudate,NMI,0.02537753108986778
sub-943541,ses-1mo,31,Left-choroid-plexus,Dice,0.007476635514018692
sub-943541,ses-1mo,31,Left-choroid-plexus,IoU,0.00375234521575985
sub-943541,ses-1mo,31,Left-choroid-plexus,Hausdorff,49.33558553417604
sub-943541,ses-1mo,31,Left-choroid-plexus,HD95,36.35721797943114
sub-943541,ses-1mo,31,Left-choroid-plexus,MI,2.013745350702986e-06
sub-943541,ses-1mo,31,Left-choroid-plexus,NMI,0.0025865300972727715
sub-943541,ses-1mo,28,Left-VentralDC,Dice,0.0
sub-943541,ses-1mo,28,Left-VentralDC,IoU,0.0
sub-943541,ses-1mo,28,Left-VentralDC,Hausdorff,21.400934559032695
sub-943541,ses-1mo,28,Left-VentralDC,HD95,17.262676239013672
sub-943541,ses-1mo,28,Left-VentralDC,MI,4.4670272801117326e-08
sub-943541,ses-1mo,28,Left-VentralDC,NMI,2.0773746840943983e-05
sub-943541,ses-1mo,15,4th-Ventricle,Dice,0.0
sub-943541,ses-1mo,15,4th-Ventricle,IoU,0.0
sub-943541,ses-1mo,15,4th-Ventricle,Hausdorff,35.52463933666322
sub-943541,ses-1mo,15,4th-Ventricle,HD95,32.4499626159668
sub-943541,ses-1mo,15,4th-Ventricle,MI,7.866027604719762e-09
sub-943541,ses-1mo,15,4th-Ventricle,NMI,8.541833618498383e-06
sub-943541,ses-1mo,2,Left-Cerebral-White-Matter,Dice,0.518302900907387
sub-943541,ses-1mo,2,Left-Cerebral-White-Matter,IoU,0.34980354704399036
sub-943541,ses-1mo,2,Left-Cerebral-White-Matter,Hausdorff,51.51698748956503
sub-943541,ses-1mo,2,Left-Cerebral-White-Matter,HD95,10.488088607788086
sub-943541,ses-1mo,2,Left-Cerebral-White-Matter,MI,0.03469979452481138
sub-943541,ses-1mo,2,Left-Cerebral-White-Matter,NMI,0.3277738684718719
sub-943541,ses-1mo,41,Right-Cerebral-White-Matter,Dice,0.5148056934830413
sub-943541,ses-1mo,41,Right-Cerebral-White-Matter,IoU,0.3466251460998063
sub-943541,ses-1mo,41,Right-Cerebral-White-Matter,Hausdorff,91.67878707749138
sub-943541,ses-1mo,41,Right-Cerebral-White-Matter,HD95,9.486832618713379
sub-943541,ses-1mo,41,Right-Cerebral-White-Matter,MI,0.03524640209455919
sub-943541,ses-1mo,41,Right-Cerebral-White-Matter,NMI,0.33065326701504494
sub-943541,ses-1mo,14,3rd-Ventricle,Dice,0.0
sub-943541,ses-1mo,14,3rd-Ventricle,IoU,0.0
sub-943541,ses-1mo,14,3rd-Ventricle,Hausdorff,17.4928556845359
sub-943541,ses-1mo,14,3rd-Ventricle,HD95,12.083045959472656
sub-943541,ses-1mo,14,3rd-Ventricle,MI,2.901410059121456e-09
sub-943541,ses-1mo,14,3rd-Ventricle,NMI,4.952942767479976e-06
sub-943541,ses-1mo,63,Right-choroid-plexus,Dice,0.0
sub-943541,ses-1mo,63,Right-choroid-plexus,IoU,0.0
sub-943541,ses-1mo,63,Right-choroid-plexus,Hausdorff,74.19568720619817
sub-943541,ses-1mo,63,Right-choroid-plexus,HD95,44.274122619628905
sub-943541,ses-1mo,63,Right-choroid-plexus,MI,4.766661871962417e-09
sub-943541,ses-1mo,63,Right-choroid-plexus,NMI,6.441876998922736e-06
sub-943541,ses-1mo,26,Left-Accumbens-area,Dice,0.0
sub-943541,ses-1mo,26,Left-Accumbens-area,IoU,0.0
sub-943541,ses-1mo,26,Left-Accumbens-area,Hausdorff,16.15549442140351
sub-943541,ses-1mo,26,Left-Accumbens-area,HD95,14.422204971313477
sub-943541,ses-1mo,26,Left-Accumbens-area,MI,2.2289670661230967e-09
sub-943541,ses-1mo,26,Left-Accumbens-area,NMI,4.181359893861844e-06
sub-943541,ses-1mo,46,Right-Cerebellum-White-Matter,Dice,0.0
sub-943541,ses-1mo,46,Right-Cerebellum-White-Matter,IoU,0.0
sub-943541,ses-1mo,46,Right-Cerebellum-White-Matter,Hausdorff,38.06573262134856
sub-943541,ses-1mo,46,Right-Cerebellum-White-Matter,HD95,30.545047760009766
sub-943541,ses-1mo,46,Right-Cerebellum-White-Matter,MI,9.609529759398508e-07
sub-943541,ses-1mo,46,Right-Cerebellum-White-Matter,NMI,0.00010658455828103693
sub-943541,ses-1mo,7,Left-Cerebellum-White-Matter,Dice,0.0
sub-943541,ses-1mo,7,Left-Cerebellum-White-Matter,IoU,0.0
sub-943541,ses-1mo,7,Left-Cerebellum-White-Matter,Hausdorff,33.28663395418648
sub-943541,ses-1mo,7,Left-Cerebellum-White-Matter,HD95,29.89983367919922
sub-943541,ses-1mo,7,Left-Cerebellum-White-Matter,MI,1.044023344764014e-06
sub-943541,ses-1mo,7,Left-Cerebellum-White-Matter,NMI,0.00011382729205791094
sub-272097,ses-8mo,51,Right-Putamen,Dice,0.6375925012333498
sub-272097,ses-8mo,51,Right-Putamen,IoU,0.4679895712630359
sub-272097,ses-8mo,51,Right-Putamen,Hausdorff,9.695359714832659
sub-272097,ses-8mo,51,Right-Putamen,HD95,5.4772257804870605
sub-272097,ses-8mo,51,Right-Putamen,MI,0.0030117708721538036
sub-272097,ses-8mo,51,Right-Putamen,NMI,0.5202737413802997
sub-272097,ses-8mo,42,Right-Cerebral-Cortex,Dice,0.362207345209728
sub-272097,ses-8mo,42,Right-Cerebral-Cortex,IoU,0.2211558002475659
sub-272097,ses-8mo,42,Right-Cerebral-Cortex,Hausdorff,85.98837130682264
sub-272097,ses-8mo,42,Right-Cerebral-Cortex,HD95,6.0
sub-272097,ses-8mo,42,Right-Cerebral-Cortex,MI,0.02012666957963976
sub-272097,ses-8mo,42,Right-Cerebral-Cortex,NMI,0.16000326506201076
sub-272097,ses-8mo,43,Right-Lateral-Ventricle,Dice,0.4493842955381417
sub-272097,ses-8mo,43,Right-Lateral-Ventricle,IoU,0.2898102310231023
sub-272097,ses-8mo,43,Right-Lateral-Ventricle,Hausdorff,28.231188426986208
sub-272097,ses-8mo,43,Right-Lateral-Ventricle,HD95,6.7082037925720215
sub-272097,ses-8mo,43,Right-Lateral-Ventricle,MI,0.0025416243202219897
sub-272097,ses-8mo,43,Right-Lateral-Ventricle,NMI,0.3710376416212187
sub-272097,ses-8mo,85,Optic-Chiasm,Dice,0.4057971014492754
sub-272097,ses-8mo,85,Optic-Chiasm,IoU,0.2545454545454545
sub-272097,ses-8mo,85,Optic-Chiasm,Hausdorff,15.297058540778355
sub-272097,ses-8mo,85,Optic-Chiasm,HD95,2.8284270763397217
sub-272097,ses-8mo,85,Optic-Chiasm,MI,6.047834880436546e-05
sub-272097,ses-8mo,85,Optic-Chiasm,NMI,0.3514169759531563
sub-272097,ses-8mo,62,Right-vessel,Dice,0.640625
sub-272097,ses-8mo,62,Right-vessel,IoU,0.47126436781609193
sub-272097,ses-8mo,62,Right-vessel,Hausdorff,1.7320508075688772
sub-272097,ses-8mo,62,Right-vessel,HD95,1.4142135381698608
sub-272097,ses-8mo,62,Right-vessel,MI,6.328220959047504e-05
sub-272097,ses-8mo,62,Right-vessel,NMI,0.5659543190431844
sub-272097,ses-8mo,5,Left-Inf-Lat-Vent,Dice,0.552423900789177
sub-272097,ses-8mo,5,Left-Inf-Lat-Vent,IoU,0.38161993769470404
sub-272097,ses-8mo,5,Left-Inf-Lat-Vent,Hausdorff,8.602325267042627
sub-272097,ses-8mo,5,Left-Inf-Lat-Vent,HD95,3.0
sub-272097,ses-8mo,5,Left-Inf-Lat-Vent,MI,0.00029882629945769267
sub-272097,ses-8mo,5,Left-Inf-Lat-Vent,NMI,0.4548655811548536
sub-272097,ses-8mo,58,Right-Accumbens-area,Dice,0.04782608695652174
sub-272097,ses-8mo,58,Right-Accumbens-area,IoU,0.024498886414253896
sub-272097,ses-8mo,58,Right-Accumbens-area,Hausdorff,8.54400374531753
sub-272097,ses-8mo,58,Right-Accumbens-area,HD95,5.860746598243716
sub-272097,ses-8mo,58,Right-Accumbens-area,MI,1.7277557452105233e-05
sub-272097,ses-8mo,58,Right-Accumbens-area,NMI,0.02544000501532141
sub-272097,ses-8mo,17,Left-Hippocampus,Dice,0.5920877659574468
sub-272097,ses-8mo,17,Left-Hippocampus,IoU,0.420543093270366
sub-272097,ses-8mo,17,Left-Hippocampus,Hausdorff,10.04987562112089
sub-272097,ses-8mo,17,Left-Hippocampus,HD95,6.164413928985596
sub-272097,ses-8mo,17,Left-Hippocampus,MI,0.0017768114775970948
sub-272097,ses-8mo,17,Left-Hippocampus,NMI,0.48746590619776553
sub-272097,ses-8mo,53,Right-Hippocampus,Dice,0.6166159756683208
sub-272097,ses-8mo,53,Right-Hippocampus,IoU,0.44573015505669983
sub-272097,ses-8mo,53,Right-Hippocampus,Hausdorff,8.306623862918075
sub-272097,ses-8mo,53,Right-Hippocampus,HD95,5.0
sub-272097,ses-8mo,53,Right-Hippocampus,MI,0.0019261823544587916
sub-272097,ses-8mo,53,Right-Hippocampus,NMI,0.5107207238374684
sub-272097,ses-8mo,10,Left-Thalamus,Dice,0.8184181833431183
sub-272097,ses-8mo,10,Left-Thalamus,IoU,0.6926462237365133
sub-272097,ses-8mo,10,Left-Thalamus,Hausdorff,5.916079783099616
sub-272097,ses-8mo,10,Left-Thalamus,HD95,3.0
sub-272097,ses-8mo,10,Left-Thalamus,MI,0.004847044071974197
sub-272097,ses-8mo,10,Left-Thalamus,NMI,0.7251686356750812
sub-272097,ses-8mo,12,Left-Putamen,Dice,0.6636398763523956
sub-272097,ses-8mo,12,Left-Putamen,IoU,0.49660257336995806
sub-272097,ses-8mo,12,Left-Putamen,Hausdorff,9.848857801796104
sub-272097,ses-8mo,12,Left-Putamen,HD95,5.385164737701416
sub-272097,ses-8mo,12,Left-Putamen,MI,0.0032363766923492673
sub-272097,ses-8mo,12,Left-Putamen,NMI,0.548744200456626
sub-272097,ses-8mo,52,Right-Pallidum,Dice,0.6821400472069237
sub-272097,ses-8mo,52,Right-Pallidum,IoU,0.5176119402985074
sub-272097,ses-8mo,52,Right-Pallidum,Hausdorff,7.810249675906654
sub-272097,ses-8mo,52,Right-Pallidum,HD95,3.0
sub-272097,ses-8mo,52,Right-Pallidum,MI,0.000985175953035548
sub-272097,ses-8mo,52,Right-Pallidum,NMI,0.5804302034423136
sub-272097,ses-8mo,8,Left-Cerebellum-Cortex,Dice,0.23934648861087676
sub-272097,ses-8mo,8,Left-Cerebellum-Cortex,IoU,0.13594184606035106
sub-272097,ses-8mo,8,Left-Cerebellum-Cortex,Hausdorff,29.086079144497972
sub-272097,ses-8mo,8,Left-Cerebellum-Cortex,HD95,21.118711471557617
sub-272097,ses-8mo,8,Left-Cerebellum-Cortex,MI,0.004752850772149002
sub-272097,ses-8mo,8,Left-Cerebellum-Cortex,NMI,0.11850358311111857
sub-272097,ses-8mo,11,Left-Caudate,Dice,0.7065481002425222
sub-272097,ses-8mo,11,Left-Caudate,IoU,0.54625
sub-272097,ses-8mo,11,Left-Caudate,Hausdorff,6.708203932499369
sub-272097,ses-8mo,11,Left-Caudate,HD95,2.4494898319244385
sub-272097,ses-8mo,11,Left-Caudate,MI,0.0022508146521535138
sub-272097,ses-8mo,11,Left-Caudate,NMI,0.6007409641138661
sub-272097,ses-8mo,3,Left-Cerebral-Cortex,Dice,0.3757275516548933
sub-272097,ses-8mo,3,Left-Cerebral-Cortex,IoU,0.23132052263627578
sub-272097,ses-8mo,3,Left-Cerebral-Cortex,Hausdorff,28.231188426986208
sub-272097,ses-8mo,3,Left-Cerebral-Cortex,HD95,6.164413928985596
sub-272097,ses-8mo,3,Left-Cerebral-Cortex,MI,0.02130824516227161
sub-272097,ses-8mo,3,Left-Cerebral-Cortex,NMI,0.17081211144413108
sub-272097,ses-8mo,77,WM-hypointensities,Dice,0.0029542097488921715
sub-272097,ses-8mo,77,WM-hypointensities,IoU,0.0014792899408284023
sub-272097,ses-8mo,77,WM-hypointensities,Hausdorff,48.28043081829324
sub-272097,ses-8mo,77,WM-hypointensities,HD95,38.065731048583984
sub-272097,ses-8mo,77,WM-hypointensities,MI,1.4672846369695784e-06
sub-272097,ses-8mo,77,WM-hypointensities,NMI,0.0016198532673146646
sub-272097,ses-8mo,4,Left-Lateral-Ventricle,Dice,0.5023819835426592
sub-272097,ses-8mo,4,Left-Lateral-Ventricle,IoU,0.33545401966454597
sub-272097,ses-8mo,4,Left-Lateral-Ventricle,Hausdorff,30.822070014844883
sub-272097,ses-8mo,4,Left-Lateral-Ventricle,HD95,7.211102485656738
sub-272097,ses-8mo,4,Left-Lateral-Ventricle,MI,0.003177620641512814
sub-272097,ses-8mo,4,Left-Lateral-Ventricle,NMI,0.423109624886344
sub-272097,ses-8mo,18,Left-Amygdala,Dice,0.43439716312056736
sub-272097,ses-8mo,18,Left-Amygdala,IoU,0.27746319365798416
sub-272097,ses-8mo,18,Left-Amygdala,Hausdorff,12.24744871391589
sub-272097,ses-8mo,18,Left-Amygdala,HD95,9.26010012626648
sub-272097,ses-8mo,18,Left-Amygdala,MI,0.0005100511805170611
sub-272097,ses-8mo,18,Left-Amygdala,NMI,0.3350567237239859
sub-272097,ses-8mo,44,Right-Inf-Lat-Vent,Dice,0.31679389312977096
sub-272097,ses-8mo,44,Right-Inf-Lat-Vent,IoU,0.18820861678004536
sub-272097,ses-8mo,44,Right-Inf-Lat-Vent,Hausdorff,7.874007874011811
sub-272097,ses-8mo,44,Right-Inf-Lat-Vent,HD95,5.281207847595213
sub-272097,ses-8mo,44,Right-Inf-Lat-Vent,MI,9.757054405380146e-05
sub-272097,ses-8mo,44,Right-Inf-Lat-Vent,NMI,0.2399947931547569
sub-272097,ses-8mo,47,Right-Cerebellum-Cortex,Dice,0.2519406209987196
sub-272097,ses-8mo,47,Right-Cerebellum-Cortex,IoU,0.14412589413447782
sub-272097,ses-8mo,47,Right-Cerebellum-Cortex,Hausdorff,25.019992006393608
sub-272097,ses-8mo,47,Right-Cerebellum-Cortex,HD95,20.099750518798828
sub-272097,ses-8mo,47,Right-Cerebellum-Cortex,MI,0.005220611173649832
sub-272097,ses-8mo,47,Right-Cerebellum-Cortex,NMI,0.12718995546941697
sub-272097,ses-8mo,13,Left-Pallidum,Dice,0.6712962962962963
sub-272097,ses-8mo,13,Left-Pallidum,IoU,0.5052264808362369
sub-272097,ses-8mo,13,Left-Pallidum,Hausdorff,6.0
sub-272097,ses-8mo,13,Left-Pallidum,HD95,3.72804687023161
sub-272097,ses-8mo,13,Left-Pallidum,MI,0.0011315506191048221
sub-272097,ses-8mo,13,Left-Pallidum,NMI,0.5712139612638316
sub-272097,ses-8mo,60,Right-VentralDC,Dice,0.7191992720655142
sub-272097,ses-8mo,60,Right-VentralDC,IoU,0.5615231599886331
sub-272097,ses-8mo,60,Right-VentralDC,Hausdorff,6.708203932499369
sub-272097,ses-8mo,60,Right-VentralDC,HD95,3.0
sub-272097,ses-8mo,60,Right-VentralDC,MI,0.002066724496279314
sub-272097,ses-8mo,60,Right-VentralDC,NMI,0.6121123175613368
sub-272097,ses-8mo,49,Right-Thalamus,Dice,0.8401866690147046
sub-272097,ses-8mo,49,Right-Thalamus,IoU,0.7244154266626177
sub-272097,ses-8mo,49,Right-Thalamus,Hausdorff,4.242640687119285
sub-272097,ses-8mo,49,Right-Thalamus,HD95,2.2360680103302
sub-272097,ses-8mo,49,Right-Thalamus,MI,0.0048127519424933434
sub-272097,ses-8mo,49,Right-Thalamus,NMI,0.751207891301897
sub-272097,ses-8mo,54,Right-Amygdala,Dice,0.390325271059216
sub-272097,ses-8mo,54,Right-Amygdala,IoU,0.24248704663212436
sub-272097,ses-8mo,54,Right-Amygdala,Hausdorff,58.22370651203855
sub-272097,ses-8mo,54,Right-Amygdala,HD95,10.0
sub-272097,ses-8mo,54,Right-Amygdala,MI,0.0004764910187279128
sub-272097,ses-8mo,54,Right-Amygdala,NMI,0.29693600685748434
sub-272097,ses-8mo,24,CSF,Dice,0.002129644554508643
sub-272097,ses-8mo,24,CSF,IoU,0.00106595733236843
sub-272097,ses-8mo,24,CSF,Hausdorff,85.56284240252891
sub-272097,ses-8mo,24,CSF,HD95,70.54785919189453
sub-272097,ses-8mo,24,CSF,MI,0.00011766370546673516
sub-272097,ses-8mo,24,CSF,NMI,0.0010771256030333081
sub-272097,ses-8mo,16,Brain-Stem,Dice,0.7730630874560013
sub-272097,ses-8mo,16,Brain-Stem,IoU,0.6300756620428751
sub-272097,ses-8mo,16,Brain-Stem,Hausdorff,17.88854381999832
sub-272097,ses-8mo,16,Brain-Stem,HD95,12.918920946121201
sub-272097,ses-8mo,16,Brain-Stem,MI,0.008640684040285333
sub-272097,ses-8mo,16,Brain-Stem,NMI,0.6594590731925755
sub-272097,ses-8mo,50,Right-Caudate,Dice,0.7089755213055303
sub-272097,ses-8mo,50,Right-Caudate,IoU,0.5491573033707865
sub-272097,ses-8mo,50,Right-Caudate,Hausdorff,13.601470508735444
sub-272097,ses-8mo,50,Right-Caudate,HD95,3.0
sub-272097,ses-8mo,50,Right-Caudate,MI,0.0024045534980716063
sub-272097,ses-8mo,50,Right-Caudate,NMI,0.6046588740683327
sub-272097,ses-8mo,30,Left-vessel,Dice,0.3764705882352941
sub-272097,ses-8mo,30,Left-vessel,IoU,0.2318840579710145
sub-272097,ses-8mo,30,Left-vessel,Hausdorff,2.449489742783178
sub-272097,ses-8mo,30,Left-vessel,HD95,2.0
sub-272097,ses-8mo,30,Left-vessel,MI,2.335333049624941e-05
sub-272097,ses-8mo,30,Left-vessel,NMI,0.304489808518279
sub-272097,ses-8mo,31,Left-choroid-plexus,Dice,0.03033175355450237
sub-272097,ses-8mo,31,Left-choroid-plexus,IoU,0.015399422521655439
sub-272097,ses-8mo,31,Left-choroid-plexus,Hausdorff,12.24744871391589
sub-272097,ses-8mo,31,Left-choroid-plexus,HD95,9.0
sub-272097,ses-8mo,31,Left-choroid-plexus,MI,1.1319758045065424e-05
sub-272097,ses-8mo,31,Left-choroid-plexus,NMI,0.014755355991886713
sub-272097,ses-8mo,28,Left-VentralDC,Dice,0.7383720930232558
sub-272097,ses-8mo,28,Left-VentralDC,IoU,0.5852534562211982
sub-272097,ses-8mo,28,Left-VentralDC,Hausdorff,7.0710678118654755
sub-272097,ses-8mo,28,Left-VentralDC,HD95,3.0
sub-272097,ses-8mo,28,Left-VentralDC,MI,0.0022604797183253334
sub-272097,ses-8mo,28,Left-VentralDC,NMI,0.6335521537920028
sub-272097,ses-8mo,15,4th-Ventricle,Dice,0.3073110285006196
sub-272097,ses-8mo,15,4th-Ventricle,IoU,0.1815519765739385
sub-272097,ses-8mo,15,4th-Ventricle,Hausdorff,26.70205984563738
sub-272097,ses-8mo,15,4th-Ventricle,HD95,18.71494417190551
sub-272097,ses-8mo,15,4th-Ventricle,MI,0.0003657950786165073
sub-272097,ses-8mo,15,4th-Ventricle,NMI,0.22688152374044648
sub-272097,ses-8mo,2,Left-Cerebral-White-Matter,Dice,0.6233594628019505
sub-272097,ses-8mo,2,Left-Cerebral-White-Matter,IoU,0.4528120783590374
sub-272097,ses-8mo,2,Left-Cerebral-White-Matter,Hausdorff,88.50988645343524
sub-272097,ses-8mo,2,Left-Cerebral-White-Matter,HD95,3.605551242828369
sub-272097,ses-8mo,2,Left-Cerebral-White-Matter,MI,0.05480398623308742
sub-272097,ses-8mo,2,Left-Cerebral-White-Matter,NMI,0.41454551132249584
sub-272097,ses-8mo,41,Right-Cerebral-White-Matter,Dice,0.6158129909223461
sub-272097,ses-8mo,41,Right-Cerebral-White-Matter,IoU,0.4448914683375695
sub-272097,ses-8mo,41,Right-Cerebral-White-Matter,Hausdorff,93.78166132032425
sub-272097,ses-8mo,41,Right-Cerebral-White-Matter,HD95,3.605551242828369
sub-272097,ses-8mo,41,Right-Cerebral-White-Matter,MI,0.05411034886283213
sub-272097,ses-8mo,41,Right-Cerebral-White-Matter,NMI,0.4097891376134965
sub-272097,ses-8mo,14,3rd-Ventricle,Dice,0.7520172135556751
sub-272097,ses-8mo,14,3rd-Ventricle,IoU,0.6025862068965517
sub-272097,ses-8mo,14,3rd-Ventricle,Hausdorff,5.0990195135927845
sub-272097,ses-8mo,14,3rd-Ventricle,HD95,2.047213602066051
sub-272097,ses-8mo,14,3rd-Ventricle,MI,0.0008701617984245001
sub-272097,ses-8mo,14,3rd-Ventricle,NMI,0.6804725730556483
sub-272097,ses-8mo,63,Right-choroid-plexus,Dice,0.13155833985904464
sub-272097,ses-8mo,63,Right-choroid-plexus,IoU,0.07041072925398156
sub-272097,ses-8mo,63,Right-choroid-plexus,Hausdorff,9.273618495495704
sub-272097,ses-8mo,63,Right-choroid-plexus,HD95,4.898979663848877
sub-272097,ses-8mo,63,Right-choroid-plexus,MI,7.56600138067162e-05
sub-272097,ses-8mo,63,Right-choroid-plexus,NMI,0.08301394989302424
sub-272097,ses-8mo,26,Left-Accumbens-area,Dice,0.05405405405405406
sub-272097,ses-8mo,26,Left-Accumbens-area,IoU,0.027777777777777776
sub-272097,ses-8mo,26,Left-Accumbens-area,Hausdorff,9.486832980505138
sub-272097,ses-8mo,26,Left-Accumbens-area,HD95,6.715616416931154
sub-272097,ses-8mo,26,Left-Accumbens-area,MI,2.2031877659167516e-05
sub-272097,ses-8mo,26,Left-Accumbens-area,NMI,0.02913364320937348
sub-272097,ses-8mo,46,Right-Cerebellum-White-Matter,Dice,0.16068681455014638
sub-272097,ses-8mo,46,Right-Cerebellum-White-Matter,IoU,0.0873624001726743
sub-272097,ses-8mo,46,Right-Cerebellum-White-Matter,Hausdorff,16.30950643030009
sub-272097,ses-8mo,46,Right-Cerebellum-White-Matter,HD95,9.273618698120117
sub-272097,ses-8mo,46,Right-Cerebellum-White-Matter,MI,0.0008845039731805089
sub-272097,ses-8mo,46,Right-Cerebellum-White-Matter,NMI,0.08380213185559567
sub-272097,ses-8mo,7,Left-Cerebellum-White-Matter,Dice,0.12202287273108803
sub-272097,ses-8mo,7,Left-Cerebellum-White-Matter,IoU,0.06497569696631096
sub-272097,ses-8mo,7,Left-Cerebellum-White-Matter,Hausdorff,19.949937343260004
sub-272097,ses-8mo,7,Left-Cerebellum-White-Matter,HD95,10.24695110321045
sub-272097,ses-8mo,7,Left-Cerebellum-White-Matter,MI,0.000594956945830927
sub-272097,ses-8mo,7,Left-Cerebellum-White-Matter,NMI,0.05918932175809521
sub-710922,ses-4mo,51,Right-Putamen,Dice,0.42907087615213474
sub-710922,ses-4mo,51,Right-Putamen,IoU,0.27313191259778796
sub-710922,ses-4mo,51,Right-Putamen,Hausdorff,17.832554500127006
sub-710922,ses-4mo,51,Right-Putamen,HD95,10.46180853843688
sub-710922,ses-4mo,51,Right-Putamen,MI,0.001728603614882053
sub-710922,ses-4mo,51,Right-Putamen,NMI,0.3191089834354956
sub-710922,ses-4mo,42,Right-Cerebral-Cortex,Dice,0.22104955291635522
sub-710922,ses-4mo,42,Right-Cerebral-Cortex,IoU,0.12425840937769621
sub-710922,ses-4mo,42,Right-Cerebral-Cortex,Hausdorff,64.69930447848725
sub-710922,ses-4mo,42,Right-Cerebral-Cortex,HD95,11.0
sub-710922,ses-4mo,42,Right-Cerebral-Cortex,MI,0.008532614480777377
sub-710922,ses-4mo,42,Right-Cerebral-Cortex,NMI,0.06738382289251638
sub-710922,ses-4mo,43,Right-Lateral-Ventricle,Dice,0.5289809821175134
sub-710922,ses-4mo,43,Right-Lateral-Ventricle,IoU,0.3596017289286817
sub-710922,ses-4mo,43,Right-Lateral-Ventricle,Hausdorff,20.8806130178211
sub-710922,ses-4mo,43,Right-Lateral-Ventricle,HD95,10.049875259399414
sub-710922,ses-4mo,43,Right-Lateral-Ventricle,MI,0.0038533326894278877
sub-710922,ses-4mo,43,Right-Lateral-Ventricle,NMI,0.4125074362453489
sub-710922,ses-4mo,5,Left-Inf-Lat-Vent,Dice,0.0
sub-710922,ses-4mo,5,Left-Inf-Lat-Vent,IoU,0.0
sub-710922,ses-4mo,5,Left-Inf-Lat-Vent,Hausdorff,27.129319932501073
sub-710922,ses-4mo,5,Left-Inf-Lat-Vent,HD95,20.45481834411621
sub-710922,ses-4mo,5,Left-Inf-Lat-Vent,MI,5.5823630641551984e-09
sub-710922,ses-4mo,5,Left-Inf-Lat-Vent,NMI,6.8480987604844515e-06
sub-710922,ses-4mo,58,Right-Accumbens-area,Dice,0.0
sub-710922,ses-4mo,58,Right-Accumbens-area,IoU,0.0
sub-710922,ses-4mo,58,Right-Accumbens-area,Hausdorff,15.652475842498529
sub-710922,ses-4mo,58,Right-Accumbens-area,HD95,13.069038009643553
sub-710922,ses-4mo,58,Right-Accumbens-area,MI,2.7700521104602905e-09
sub-710922,ses-4mo,58,Right-Accumbens-area,NMI,4.840004985372428e-06
sub-710922,ses-4mo,17,Left-Hippocampus,Dice,0.0
sub-710922,ses-4mo,17,Left-Hippocampus,IoU,0.0
sub-710922,ses-4mo,17,Left-Hippocampus,Hausdorff,26.115129714401192
sub-710922,ses-4mo,17,Left-Hippocampus,HD95,21.252029514312724
sub-710922,ses-4mo,17,Left-Hippocampus,MI,1.29844266671085e-07
sub-710922,ses-4mo,17,Left-Hippocampus,NMI,3.9238986469745136e-05
sub-710922,ses-4mo,53,Right-Hippocampus,Dice,0.0
sub-710922,ses-4mo,53,Right-Hippocampus,IoU,0.0
sub-710922,ses-4mo,53,Right-Hippocampus,Hausdorff,23.323807579381203
sub-710922,ses-4mo,53,Right-Hippocampus,HD95,19.05255889892578
sub-710922,ses-4mo,53,Right-Hippocampus,MI,1.2450332035891624e-07
sub-710922,ses-4mo,53,Right-Hippocampus,NMI,3.792337354120393e-05
sub-710922,ses-4mo,10,Left-Thalamus,Dice,0.5189543152401903
sub-710922,ses-4mo,10,Left-Thalamus,IoU,0.35039723661485317
sub-710922,ses-4mo,10,Left-Thalamus,Hausdorff,16.881943016134134
sub-710922,ses-4mo,10,Left-Thalamus,HD95,11.224971771240234
sub-710922,ses-4mo,10,Left-Thalamus,MI,0.003946863078578982
sub-710922,ses-4mo,10,Left-Thalamus,NMI,0.3837917856808756
sub-710922,ses-4mo,12,Left-Putamen,Dice,0.37719387237496194
sub-710922,ses-4mo,12,Left-Putamen,IoU,0.23243310827706926
sub-710922,ses-4mo,12,Left-Putamen,Hausdorff,18.275666882497067
sub-710922,ses-4mo,12,Left-Putamen,HD95,11.357816696166992
sub-710922,ses-4mo,12,Left-Putamen,MI,0.0015265942239456964
sub-710922,ses-4mo,12,Left-Putamen,NMI,0.2715121954544377
sub-710922,ses-4mo,52,Right-Pallidum,Dice,0.12329301599687865
sub-710922,ses-4mo,52,Right-Pallidum,IoU,0.0656964656964657
sub-710922,ses-4mo,52,Right-Pallidum,Hausdorff,10.246950765959598
sub-710922,ses-4mo,52,Right-Pallidum,HD95,8.757814502716068
sub-710922,ses-4mo,52,Right-Pallidum,MI,0.00012421089206653832
sub-710922,ses-4mo,52,Right-Pallidum,NMI,0.07264124233024849
sub-710922,ses-4mo,8,Left-Cerebellum-Cortex,Dice,0.14369933677229182
sub-710922,ses-4mo,8,Left-Cerebellum-Cortex,IoU,0.07741167129813419
sub-710922,ses-4mo,8,Left-Cerebellum-Cortex,Hausdorff,34.655446902326915
sub-710922,ses-4mo,8,Left-Cerebellum-Cortex,HD95,21.12225694656367
sub-710922,ses-4mo,8,Left-Cerebellum-Cortex,MI,0.0019399261166189357
sub-710922,ses-4mo,8,Left-Cerebellum-Cortex,NMI,0.059369247509675385
sub-710922,ses-4mo,11,Left-Caudate,Dice,0.5844946025515211
sub-710922,ses-4mo,11,Left-Caudate,IoU,0.41292290626733225
sub-710922,ses-4mo,11,Left-Caudate,Hausdorff,9.899494936611665
sub-710922,ses-4mo,11,Left-Caudate,HD95,4.690415859222412
sub-710922,ses-4mo,11,Left-Caudate,MI,0.0014792379839934874
sub-710922,ses-4mo,11,Left-Caudate,NMI,0.4686231247676369
sub-710922,ses-4mo,3,Left-Cerebral-Cortex,Dice,0.2065603623848208
sub-710922,ses-4mo,3,Left-Cerebral-Cortex,IoU,0.11517553089185306
sub-710922,ses-4mo,3,Left-Cerebral-Cortex,Hausdorff,106.78483038334612
sub-710922,ses-4mo,3,Left-Cerebral-Cortex,HD95,10.630146026611328
sub-710922,ses-4mo,3,Left-Cerebral-Cortex,MI,0.007497266997039717
sub-710922,ses-4mo,3,Left-Cerebral-Cortex,NMI,0.0598717621393462
sub-710922,ses-4mo,4,Left-Lateral-Ventricle,Dice,0.5495392398964043
sub-710922,ses-4mo,4,Left-Lateral-Ventricle,IoU,0.3788721866954572
sub-710922,ses-4mo,4,Left-Lateral-Ventricle,Hausdorff,20.248456731316587
sub-710922,ses-4mo,4,Left-Lateral-Ventricle,HD95,7.280109882354736
sub-710922,ses-4mo,4,Left-Lateral-Ventricle,MI,0.003922162553216795
sub-710922,ses-4mo,4,Left-Lateral-Ventricle,NMI,0.4428734909694952
sub-710922,ses-4mo,18,Left-Amygdala,Dice,0.0
sub-710922,ses-4mo,18,Left-Amygdala,IoU,0.0
sub-710922,ses-4mo,18,Left-Amygdala,Hausdorff,30.01666203960727
sub-710922,ses-4mo,18,Left-Amygdala,HD95,26.832815170288086
sub-710922,ses-4mo,18,Left-Amygdala,MI,2.613323592855904e-08
sub-710922,ses-4mo,18,Left-Amygdala,NMI,1.5397289761328547e-05
sub-710922,ses-4mo,44,Right-Inf-Lat-Vent,Dice,0.01987353206865402
sub-710922,ses-4mo,44,Right-Inf-Lat-Vent,IoU,0.010036496350364963
sub-710922,ses-4mo,44,Right-Inf-Lat-Vent,Hausdorff,22.847319317591726
sub-710922,ses-4mo,44,Right-Inf-Lat-Vent,HD95,20.34699058532715
sub-710922,ses-4mo,44,Right-Inf-Lat-Vent,MI,7.0482369120028644e-06
sub-710922,ses-4mo,44,Right-Inf-Lat-Vent,NMI,0.008795656612105362
sub-710922,ses-4mo,47,Right-Cerebellum-Cortex,Dice,0.14648315419214883
sub-710922,ses-4mo,47,Right-Cerebellum-Cortex,IoU,0.07902984778555087
sub-710922,ses-4mo,47,Right-Cerebellum-Cortex,Hausdorff,32.95451410656816
sub-710922,ses-4mo,47,Right-Cerebellum-Cortex,HD95,20.736440658569336
sub-710922,ses-4mo,47,Right-Cerebellum-Cortex,MI,0.0021012414251047997
sub-710922,ses-4mo,47,Right-Cerebellum-Cortex,NMI,0.060672827231185715
sub-710922,ses-4mo,13,Left-Pallidum,Dice,0.10494752623688156
sub-710922,ses-4mo,13,Left-Pallidum,IoU,0.055379746835443035
sub-710922,ses-4mo,13,Left-Pallidum,Hausdorff,12.041594578792296
sub-710922,ses-4mo,13,Left-Pallidum,HD95,9.848857879638672
sub-710922,ses-4mo,13,Left-Pallidum,MI,0.00010575021980368751
sub-710922,ses-4mo,13,Left-Pallidum,NMI,0.05965580429810184
sub-710922,ses-4mo,60,Right-VentralDC,Dice,0.015080113100848256
sub-710922,ses-4mo,60,Right-VentralDC,IoU,0.007597340930674264
sub-710922,ses-4mo,60,Right-VentralDC,Hausdorff,21.633307652783937
sub-710922,ses-4mo,60,Right-VentralDC,HD95,16.649319458007806
sub-710922,ses-4mo,60,Right-VentralDC,MI,1.349448707894205e-05
sub-710922,ses-4mo,60,Right-VentralDC,NMI,0.005048199997181369
sub-710922,ses-4mo,49,Right-Thalamus,Dice,0.47553619302949063
sub-710922,ses-4mo,49,Right-Thalamus,IoU,0.3119366893822818
sub-710922,ses-4mo,49,Right-Thalamus,Hausdorff,22.561028345356956
sub-710922,ses-4mo,49,Right-Thalamus,HD95,13.45362377166748
sub-710922,ses-4mo,49,Right-Thalamus,MI,0.003282141984160333
sub-710922,ses-4mo,49,Right-Thalamus,NMI,0.3446510103001295
sub-710922,ses-4mo,54,Right-Amygdala,Dice,0.0
sub-710922,ses-4mo,54,Right-Amygdala,IoU,0.0
sub-710922,ses-4mo,54,Right-Amygdala,Hausdorff,29.68164415931166
sub-710922,ses-4mo,54,Right-Amygdala,HD95,24.413110733032227
sub-710922,ses-4mo,54,Right-Amygdala,MI,3.0831260342607976e-08
sub-710922,ses-4mo,54,Right-Amygdala,NMI,1.7167896970505334e-05
sub-710922,ses-4mo,16,Brain-Stem,Dice,0.16901510749564208
sub-710922,ses-4mo,16,Brain-Stem,IoU,0.09230830259034471
sub-710922,ses-4mo,16,Brain-Stem,Hausdorff,34.95711658589707
sub-710922,ses-4mo,16,Brain-Stem,HD95,29.681644439697266
sub-710922,ses-4mo,16,Brain-Stem,MI,0.0012125722792354168
sub-710922,ses-4mo,16,Brain-Stem,NMI,0.08802995031384005
sub-710922,ses-4mo,50,Right-Caudate,Dice,0.5200158541418946
sub-710922,ses-4mo,50,Right-Caudate,IoU,0.3513658275307981
sub-710922,ses-4mo,50,Right-Caudate,Hausdorff,10.198039027185569
sub-710922,ses-4mo,50,Right-Caudate,HD95,6.11474714279168
sub-710922,ses-4mo,50,Right-Caudate,MI,0.0012629284332477998
sub-710922,ses-4mo,50,Right-Caudate,NMI,0.40345995257759476
sub-710922,ses-4mo,31,Left-choroid-plexus,Dice,0.0
sub-710922,ses-4mo,31,Left-choroid-plexus,IoU,0.0
sub-710922,ses-4mo,31,Left-choroid-plexus,Hausdorff,43.18564576337837
sub-710922,ses-4mo,31,Left-choroid-plexus,HD95,26.915537738800037
sub-710922,ses-4mo,31,Left-choroid-plexus,MI,5.78360339234898e-09
sub-710922,ses-4mo,31,Left-choroid-plexus,NMI,6.5238916496729355e-06
sub-710922,ses-4mo,28,Left-VentralDC,Dice,0.008362676056338027
sub-710922,ses-4mo,28,Left-VentralDC,IoU,0.004198895027624309
sub-710922,ses-4mo,28,Left-VentralDC,Hausdorff,23.323807579381203
sub-710922,ses-4mo,28,Left-VentralDC,HD95,17.916473388671875
sub-710922,ses-4mo,28,Left-VentralDC,MI,6.60165404740309e-06
sub-710922,ses-4mo,28,Left-VentralDC,NMI,0.0023376796532884646
sub-710922,ses-4mo,15,4th-Ventricle,Dice,0.0
sub-710922,ses-4mo,15,4th-Ventricle,IoU,0.0
sub-710922,ses-4mo,15,4th-Ventricle,Hausdorff,35.11409973215888
sub-710922,ses-4mo,15,4th-Ventricle,HD95,29.216432189941404
sub-710922,ses-4mo,15,4th-Ventricle,MI,4.381359979097228e-08
sub-710922,ses-4mo,15,4th-Ventricle,NMI,1.8341852837121195e-05
sub-710922,ses-4mo,2,Left-Cerebral-White-Matter,Dice,0.549514218978633
sub-710922,ses-4mo,2,Left-Cerebral-White-Matter,IoU,0.3788484011140665
sub-710922,ses-4mo,2,Left-Cerebral-White-Matter,Hausdorff,30.62678566222711
sub-710922,ses-4mo,2,Left-Cerebral-White-Matter,HD95,7.348469257354736
sub-710922,ses-4mo,2,Left-Cerebral-White-Matter,MI,0.04999016859798466
sub-710922,ses-4mo,2,Left-Cerebral-White-Matter,NMI,0.3727521194573883
sub-710922,ses-4mo,41,Right-Cerebral-White-Matter,Dice,0.5577976561958256
sub-710922,ses-4mo,41,Right-Cerebral-White-Matter,IoU,0.38676795845754397
sub-710922,ses-4mo,41,Right-Cerebral-White-Matter,Hausdorff,35.52463933666322
sub-710922,ses-4mo,41,Right-Cerebral-White-Matter,HD95,7.8102498054504395
sub-710922,ses-4mo,41,Right-Cerebral-White-Matter,MI,0.05132723436523618
sub-710922,ses-4mo,41,Right-Cerebral-White-Matter,NMI,0.3777104453625408
sub-710922,ses-4mo,14,3rd-Ventricle,Dice,0.08569838619922092
sub-710922,ses-4mo,14,3rd-Ventricle,IoU,0.044767441860465114
sub-710922,ses-4mo,14,3rd-Ventricle,Hausdorff,16.278820596099706
sub-710922,ses-4mo,14,3rd-Ventricle,HD95,11.704699516296387
sub-710922,ses-4mo,14,3rd-Ventricle,MI,0.00011141280499350723
sub-710922,ses-4mo,14,3rd-Ventricle,NMI,0.04878130387312804
sub-710922,ses-4mo,63,Right-choroid-plexus,Dice,0.0
sub-710922,ses-4mo,63,Right-choroid-plexus,IoU,0.0
sub-710922,ses-4mo,63,Right-choroid-plexus,Hausdorff,48.590122453025366
sub-710922,ses-4mo,63,Right-choroid-plexus,HD95,25.138565921783435
sub-710922,ses-4mo,63,Right-choroid-plexus,MI,9.022092921384152e-09
sub-710922,ses-4mo,63,Right-choroid-plexus,NMI,8.638739552733192e-06
sub-710922,ses-4mo,26,Left-Accumbens-area,Dice,0.0
sub-710922,ses-4mo,26,Left-Accumbens-area,IoU,0.0
sub-710922,ses-4mo,26,Left-Accumbens-area,Hausdorff,16.401219466856727
sub-710922,ses-4mo,26,Left-Accumbens-area,HD95,13.859665298461907
sub-710922,ses-4mo,26,Left-Accumbens-area,MI,3.580003105297042e-09
sub-710922,ses-4mo,26,Left-Accumbens-area,NMI,5.564306422612141e-06
sub-710922,ses-4mo,46,Right-Cerebellum-White-Matter,Dice,0.03171806167400881
sub-710922,ses-4mo,46,Right-Cerebellum-White-Matter,IoU,0.01611459265890779
sub-710922,ses-4mo,46,Right-Cerebellum-White-Matter,Hausdorff,35.41186241925155
sub-710922,ses-4mo,46,Right-Cerebellum-White-Matter,HD95,22.070330333709684
sub-710922,ses-4mo,46,Right-Cerebellum-White-Matter,MI,0.00010008684603620154
sub-710922,ses-4mo,46,Right-Cerebellum-White-Matter,NMI,0.009387358114510825
sub-710922,ses-4mo,7,Left-Cerebellum-White-Matter,Dice,0.028970163618864293
sub-710922,ses-4mo,7,Left-Cerebellum-White-Matter,IoU,0.014697983299965819
sub-710922,ses-4mo,7,Left-Cerebellum-White-Matter,Hausdorff,34.88552708502482
sub-710922,ses-4mo,7,Left-Cerebellum-White-Matter,HD95,23.34523582458496
sub-710922,ses-4mo,7,Left-Cerebellum-White-Matter,MI,8.847772741472774e-05
sub-710922,ses-4mo,7,Left-Cerebellum-White-Matter,NMI,0.008175953344596008
sub-372377,ses-8mo,51,Right-Putamen,Dice,0.5563373493975904
sub-372377,ses-8mo,51,Right-Putamen,IoU,0.38536520229670185
sub-372377,ses-8mo,51,Right-Putamen,Hausdorff,10.246950765959598
sub-372377,ses-8mo,51,Right-Putamen,HD95,6.737854290008518
sub-372377,ses-8mo,51,Right-Putamen,MI,0.0026123423460488455
sub-372377,ses-8mo,51,Right-Putamen,NMI,0.44335989831874917
sub-372377,ses-8mo,42,Right-Cerebral-Cortex,Dice,0.24225215554555213
sub-372377,ses-8mo,42,Right-Cerebral-Cortex,IoU,0.13781962885623103
sub-372377,ses-8mo,42,Right-Cerebral-Cortex,Hausdorff,20.904544960366874
sub-372377,ses-8mo,42,Right-Cerebral-Cortex,HD95,6.480740547180176
sub-372377,ses-8mo,42,Right-Cerebral-Cortex,MI,0.010116021206466742
sub-372377,ses-8mo,42,Right-Cerebral-Cortex,NMI,0.0792470691347024
sub-372377,ses-8mo,43,Right-Lateral-Ventricle,Dice,0.6839662447257384
sub-372377,ses-8mo,43,Right-Lateral-Ventricle,IoU,0.5197178582879128
sub-372377,ses-8mo,43,Right-Lateral-Ventricle,Hausdorff,13.038404810405298
sub-372377,ses-8mo,43,Right-Lateral-Ventricle,HD95,5.196152210235596
sub-372377,ses-8mo,43,Right-Lateral-Ventricle,MI,0.004514460018096958
sub-372377,ses-8mo,43,Right-Lateral-Ventricle,NMI,0.5809148504449899
sub-372377,ses-8mo,85,Optic-Chiasm,Dice,0.27225130890052357
sub-372377,ses-8mo,85,Optic-Chiasm,IoU,0.15757575757575756
sub-372377,ses-8mo,85,Optic-Chiasm,Hausdorff,10.63014581273465
sub-372377,ses-8mo,85,Optic-Chiasm,HD95,6.625668621063233
sub-372377,ses-8mo,85,Optic-Chiasm,MI,3.42743466551478e-05
sub-372377,ses-8mo,85,Optic-Chiasm,NMI,0.21346518867566996
sub-372377,ses-8mo,62,Right-vessel,Dice,0.4507042253521127
sub-372377,ses-8mo,62,Right-vessel,IoU,0.2909090909090909
sub-372377,ses-8mo,62,Right-vessel,Hausdorff,2.0
sub-372377,ses-8mo,62,Right-vessel,HD95,1.4142135381698608
sub-372377,ses-8mo,62,Right-vessel,MI,2.599352153574232e-05
sub-372377,ses-8mo,62,Right-vessel,NMI,0.4042218853045904
sub-372377,ses-8mo,5,Left-Inf-Lat-Vent,Dice,0.3402889245585875
sub-372377,ses-8mo,5,Left-Inf-Lat-Vent,IoU,0.20502901353965183
sub-372377,ses-8mo,5,Left-Inf-Lat-Vent,Hausdorff,15.132745950421556
sub-372377,ses-8mo,5,Left-Inf-Lat-Vent,HD95,7.948854184150685
sub-372377,ses-8mo,5,Left-Inf-Lat-Vent,MI,0.00012275042627118938
sub-372377,ses-8mo,5,Left-Inf-Lat-Vent,NMI,0.2575025538450936
sub-372377,ses-8mo,58,Right-Accumbens-area,Dice,0.014084507042253521
sub-372377,ses-8mo,58,Right-Accumbens-area,IoU,0.0070921985815602835
sub-372377,ses-8mo,58,Right-Accumbens-area,Hausdorff,9.899494936611665
sub-372377,ses-8mo,58,Right-Accumbens-area,HD95,6.78233003616333
sub-372377,ses-8mo,58,Right-Accumbens-area,MI,4.229231552526781e-06
sub-372377,ses-8mo,58,Right-Accumbens-area,NMI,0.005811872546898531
sub-372377,ses-8mo,17,Left-Hippocampus,Dice,0.4877180491278035
sub-372377,ses-8mo,17,Left-Hippocampus,IoU,0.3225047080979284
sub-372377,ses-8mo,17,Left-Hippocampus,Hausdorff,13.638181696985855
sub-372377,ses-8mo,17,Left-Hippocampus,HD95,7.0
sub-372377,ses-8mo,17,Left-Hippocampus,MI,0.0012971499324773122
sub-372377,ses-8mo,17,Left-Hippocampus,NMI,0.3778337240575157
sub-372377,ses-8mo,53,Right-Hippocampus,Dice,0.4254574383452665
sub-372377,ses-8mo,53,Right-Hippocampus,IoU,0.2702101859337106
sub-372377,ses-8mo,53,Right-Hippocampus,Hausdorff,10.677078252031311
sub-372377,ses-8mo,53,Right-Hippocampus,HD95,6.0
sub-372377,ses-8mo,53,Right-Hippocampus,MI,0.0012005801276818368
sub-372377,ses-8mo,53,Right-Hippocampus,NMI,0.3166190263212719
sub-372377,ses-8mo,10,Left-Thalamus,Dice,0.8420688462203771
sub-372377,ses-8mo,10,Left-Thalamus,IoU,0.7272184045413803
sub-372377,ses-8mo,10,Left-Thalamus,Hausdorff,4.898979485566356
sub-372377,ses-8mo,10,Left-Thalamus,HD95,2.4494898319244385
sub-372377,ses-8mo,10,Left-Thalamus,MI,0.004917010803768949
sub-372377,ses-8mo,10,Left-Thalamus,NMI,0.7556718830634694
sub-372377,ses-8mo,12,Left-Putamen,Dice,0.5309005297233667
sub-372377,ses-8mo,12,Left-Putamen,IoU,0.3613782051282051
sub-372377,ses-8mo,12,Left-Putamen,Hausdorff,9.848857801796104
sub-372377,ses-8mo,12,Left-Putamen,HD95,7.071067810058594
sub-372377,ses-8mo,12,Left-Putamen,MI,0.002432087268734728
sub-372377,ses-8mo,12,Left-Putamen,NMI,0.41954663304977535
sub-372377,ses-8mo,52,Right-Pallidum,Dice,0.6022988505747127
sub-372377,ses-8mo,52,Right-Pallidum,IoU,0.4309210526315789
sub-372377,ses-8mo,52,Right-Pallidum,Hausdorff,5.477225575051661
sub-372377,ses-8mo,52,Right-Pallidum,HD95,3.7416574954986572
sub-372377,ses-8mo,52,Right-Pallidum,MI,0.0008592603289146118
sub-372377,ses-8mo,52,Right-Pallidum,NMI,0.49432195134041995
sub-372377,ses-8mo,8,Left-Cerebellum-Cortex,Dice,0.29662854706874503
sub-372377,ses-8mo,8,Left-Cerebellum-Cortex,IoU,0.17414202084829492
sub-372377,ses-8mo,8,Left-Cerebellum-Cortex,Hausdorff,22.64950330581225
sub-372377,ses-8mo,8,Left-Cerebellum-Cortex,HD95,18.027755737304688
sub-372377,ses-8mo,8,Left-Cerebellum-Cortex,MI,0.006940234193604424
sub-372377,ses-8mo,8,Left-Cerebellum-Cortex,NMI,0.1586229236414985
sub-372377,ses-8mo,11,Left-Caudate,Dice,0.7077303212142605
sub-372377,ses-8mo,11,Left-Caudate,IoU,0.5476645725211691
sub-372377,ses-8mo,11,Left-Caudate,Hausdorff,9.0
sub-372377,ses-8mo,11,Left-Caudate,HD95,2.8284270763397217
sub-372377,ses-8mo,11,Left-Caudate,MI,0.002083464850909697
sub-372377,ses-8mo,11,Left-Caudate,NMI,0.6007358443674399
sub-372377,ses-8mo,3,Left-Cerebral-Cortex,Dice,0.2520779773640188
sub-372377,ses-8mo,3,Left-Cerebral-Cortex,IoU,0.14421580259276595
sub-372377,ses-8mo,3,Left-Cerebral-Cortex,Hausdorff,23.08679276123039
sub-372377,ses-8mo,3,Left-Cerebral-Cortex,HD95,6.7082037925720215
sub-372377,ses-8mo,3,Left-Cerebral-Cortex,MI,0.010993765593304804
sub-372377,ses-8mo,3,Left-Cerebral-Cortex,NMI,0.08350736231509298
sub-372377,ses-8mo,4,Left-Lateral-Ventricle,Dice,0.6997528047157254
sub-372377,ses-8mo,4,Left-Lateral-Ventricle,IoU,0.5381690552793215
sub-372377,ses-8mo,4,Left-Lateral-Ventricle,Hausdorff,12.083045973594572
sub-372377,ses-8mo,4,Left-Lateral-Ventricle,HD95,4.582575798034668
sub-372377,ses-8mo,4,Left-Lateral-Ventricle,MI,0.005084561429769363
sub-372377,ses-8mo,4,Left-Lateral-Ventricle,NMI,0.5974210075199793
sub-372377,ses-8mo,18,Left-Amygdala,Dice,0.32967893500391543
sub-372377,ses-8mo,18,Left-Amygdala,IoU,0.19737458977965308
sub-372377,ses-8mo,18,Left-Amygdala,Hausdorff,12.24744871391589
sub-372377,ses-8mo,18,Left-Amygdala,HD95,9.219544410705566
sub-372377,ses-8mo,18,Left-Amygdala,MI,0.000402708804752276
sub-372377,ses-8mo,18,Left-Amygdala,NMI,0.23624473991756262
sub-372377,ses-8mo,44,Right-Inf-Lat-Vent,Dice,0.262350936967632
sub-372377,ses-8mo,44,Right-Inf-Lat-Vent,IoU,0.15098039215686274
sub-372377,ses-8mo,44,Right-Inf-Lat-Vent,Hausdorff,7.280109889280518
sub-372377,ses-8mo,44,Right-Inf-Lat-Vent,HD95,5.74456262588501
sub-372377,ses-8mo,44,Right-Inf-Lat-Vent,MI,8.740247379872844e-05
sub-372377,ses-8mo,44,Right-Inf-Lat-Vent,NMI,0.1943692815754523
sub-372377,ses-8mo,47,Right-Cerebellum-Cortex,Dice,0.3075371221897094
sub-372377,ses-8mo,47,Right-Cerebellum-Cortex,IoU,0.18170981840830747
sub-372377,ses-8mo,47,Right-Cerebellum-Cortex,Hausdorff,24.351591323771842
sub-372377,ses-8mo,47,Right-Cerebellum-Cortex,HD95,17.804492950439453
sub-372377,ses-8mo,47,Right-Cerebellum-Cortex,MI,0.007445196467265746
sub-372377,ses-8mo,47,Right-Cerebellum-Cortex,NMI,0.16755548619017846
sub-372377,ses-8mo,13,Left-Pallidum,Dice,0.5675385166606951
sub-372377,ses-8mo,13,Left-Pallidum,IoU,0.39619809904952474
sub-372377,ses-8mo,13,Left-Pallidum,Hausdorff,5.744562646538029
sub-372377,ses-8mo,13,Left-Pallidum,HD95,4.123105525970459
sub-372377,ses-8mo,13,Left-Pallidum,MI,0.0008460684529993346
sub-372377,ses-8mo,13,Left-Pallidum,NMI,0.4584276878909262
sub-372377,ses-8mo,60,Right-VentralDC,Dice,0.7670720299345183
sub-372377,ses-8mo,60,Right-VentralDC,IoU,0.622154779969651
sub-372377,ses-8mo,60,Right-VentralDC,Hausdorff,7.483314773547883
sub-372377,ses-8mo,60,Right-VentralDC,HD95,3.0
sub-372377,ses-8mo,60,Right-VentralDC,MI,0.0022011056224838315
sub-372377,ses-8mo,60,Right-VentralDC,NMI,0.6681383527781775
sub-372377,ses-8mo,49,Right-Thalamus,Dice,0.8154109589041096
sub-372377,ses-8mo,49,Right-Thalamus,IoU,0.688349233882625
sub-372377,ses-8mo,49,Right-Thalamus,Hausdorff,5.385164807134504
sub-372377,ses-8mo,49,Right-Thalamus,HD95,3.0
sub-372377,ses-8mo,49,Right-Thalamus,MI,0.0047480145105729945
sub-372377,ses-8mo,49,Right-Thalamus,NMI,0.7234240581427456
sub-372377,ses-8mo,54,Right-Amygdala,Dice,0.4269158878504673
sub-372377,ses-8mo,54,Right-Amygdala,IoU,0.27138783269961975
sub-372377,ses-8mo,54,Right-Amygdala,Hausdorff,8.366600265340756
sub-372377,ses-8mo,54,Right-Amygdala,HD95,6.0
sub-372377,ses-8mo,54,Right-Amygdala,MI,0.0005746226116598658
sub-372377,ses-8mo,54,Right-Amygdala,NMI,0.3235449550233214
sub-372377,ses-8mo,24,CSF,Dice,0.0027418126428027417
sub-372377,ses-8mo,24,CSF,IoU,0.0013727882855399634
sub-372377,ses-8mo,24,CSF,Hausdorff,85.94765849050223
sub-372377,ses-8mo,24,CSF,HD95,73.11634826660156
sub-372377,ses-8mo,24,CSF,MI,0.0001514728352172711
sub-372377,ses-8mo,24,CSF,NMI,0.0013916450920131416
sub-372377,ses-8mo,16,Brain-Stem,Dice,0.8391959798994975
sub-372377,ses-8mo,16,Brain-Stem,IoU,0.7229437229437229
sub-372377,ses-8mo,16,Brain-Stem,Hausdorff,21.6794833886788
sub-372377,ses-8mo,16,Brain-Stem,HD95,12.860709667205725
sub-372377,ses-8mo,16,Brain-Stem,MI,0.009230480444363323
sub-372377,ses-8mo,16,Brain-Stem,NMI,0.7435073943182074
sub-372377,ses-8mo,50,Right-Caudate,Dice,0.7320634920634921
sub-372377,ses-8mo,50,Right-Caudate,IoU,0.5773660490736104
sub-372377,ses-8mo,50,Right-Caudate,Hausdorff,4.69041575982343
sub-372377,ses-8mo,50,Right-Caudate,HD95,2.4494898319244385
sub-372377,ses-8mo,50,Right-Caudate,MI,0.002401846246415657
sub-372377,ses-8mo,50,Right-Caudate,NMI,0.6307326543938013
sub-372377,ses-8mo,30,Left-vessel,Dice,0.15384615384615385
sub-372377,ses-8mo,30,Left-vessel,IoU,0.08333333333333333
sub-372377,ses-8mo,30,Left-vessel,Hausdorff,8.12403840463596
sub-372377,ses-8mo,30,Left-vessel,HD95,7.5888965845108025
sub-372377,ses-8mo,30,Left-vessel,MI,4.20427173828498e-06
sub-372377,ses-8mo,30,Left-vessel,NMI,0.11266128473060168
sub-372377,ses-8mo,31,Left-choroid-plexus,Dice,0.07749627421758569
sub-372377,ses-8mo,31,Left-choroid-plexus,IoU,0.040310077519379844
sub-372377,ses-8mo,31,Left-choroid-plexus,Hausdorff,29.410882339705484
sub-372377,ses-8mo,31,Left-choroid-plexus,HD95,7.687600874900812
sub-372377,ses-8mo,31,Left-choroid-plexus,MI,2.360506761928526e-05
sub-372377,ses-8mo,31,Left-choroid-plexus,NMI,0.04639224664833594
sub-372377,ses-8mo,28,Left-VentralDC,Dice,0.7171543316121629
sub-372377,ses-8mo,28,Left-VentralDC,IoU,0.5590339892665475
sub-372377,ses-8mo,28,Left-VentralDC,Hausdorff,6.48074069840786
sub-372377,ses-8mo,28,Left-VentralDC,HD95,3.0
sub-372377,ses-8mo,28,Left-VentralDC,MI,0.001979078810546046
sub-372377,ses-8mo,28,Left-VentralDC,NMI,0.6128015766269234
sub-372377,ses-8mo,15,4th-Ventricle,Dice,0.5593952483801296
sub-372377,ses-8mo,15,4th-Ventricle,IoU,0.38830584707646176
sub-372377,ses-8mo,15,4th-Ventricle,Hausdorff,21.95449840010015
sub-372377,ses-8mo,15,4th-Ventricle,HD95,13.326652336120603
sub-372377,ses-8mo,15,4th-Ventricle,MI,0.0008416727377425233
sub-372377,ses-8mo,15,4th-Ventricle,NMI,0.4592425604317775
sub-372377,ses-8mo,2,Left-Cerebral-White-Matter,Dice,0.5773615412019402
sub-372377,ses-8mo,2,Left-Cerebral-White-Matter,IoU,0.4058385583711366
sub-372377,ses-8mo,2,Left-Cerebral-White-Matter,Hausdorff,80.80222769206304
sub-372377,ses-8mo,2,Left-Cerebral-White-Matter,HD95,4.123105525970459
sub-372377,ses-8mo,2,Left-Cerebral-White-Matter,MI,0.05238968814422092
sub-372377,ses-8mo,2,Left-Cerebral-White-Matter,NMI,0.3905558786543112
sub-372377,ses-8mo,41,Right-Cerebral-White-Matter,Dice,0.6171976822008525
sub-372377,ses-8mo,41,Right-Cerebral-White-Matter,IoU,0.44633833358276204
sub-372377,ses-8mo,41,Right-Cerebral-White-Matter,Hausdorff,72.69800547470336
sub-372377,ses-8mo,41,Right-Cerebral-White-Matter,HD95,4.0
sub-372377,ses-8mo,41,Right-Cerebral-White-Matter,MI,0.05859186883909687
sub-372377,ses-8mo,41,Right-Cerebral-White-Matter,NMI,0.4231212021883729
sub-372377,ses-8mo,14,3rd-Ventricle,Dice,0.7371663244353183
sub-372377,ses-8mo,14,3rd-Ventricle,IoU,0.583739837398374
sub-372377,ses-8mo,14,3rd-Ventricle,Hausdorff,6.4031242374328485
sub-372377,ses-8mo,14,3rd-Ventricle,HD95,3.0
sub-372377,ses-8mo,14,3rd-Ventricle,MI,0.0008931194108023701
sub-372377,ses-8mo,14,3rd-Ventricle,NMI,0.6702290017746984
sub-372377,ses-8mo,63,Right-choroid-plexus,Dice,0.09587513935340022
sub-372377,ses-8mo,63,Right-choroid-plexus,IoU,0.05035128805620609
sub-372377,ses-8mo,63,Right-choroid-plexus,Hausdorff,8.12403840463596
sub-372377,ses-8mo,63,Right-choroid-plexus,HD95,4.358899116516113
sub-372377,ses-8mo,63,Right-choroid-plexus,MI,3.89063430677305e-05
sub-372377,ses-8mo,63,Right-choroid-plexus,NMI,0.05883839050738889
sub-372377,ses-8mo,26,Left-Accumbens-area,Dice,0.03403403403403404
sub-372377,ses-8mo,26,Left-Accumbens-area,IoU,0.017311608961303463
sub-372377,ses-8mo,26,Left-Accumbens-area,Hausdorff,9.273618495495704
sub-372377,ses-8mo,26,Left-Accumbens-area,HD95,7.071067810058594
sub-372377,ses-8mo,26,Left-Accumbens-area,MI,1.2324015207489455e-05
sub-372377,ses-8mo,26,Left-Accumbens-area,NMI,0.016841349814177568
sub-372377,ses-8mo,46,Right-Cerebellum-White-Matter,Dice,0.3141319942611191
sub-372377,ses-8mo,46,Right-Cerebellum-White-Matter,IoU,0.18633249648951108
sub-372377,ses-8mo,46,Right-Cerebellum-White-Matter,Hausdorff,16.15549442140351
sub-372377,ses-8mo,46,Right-Cerebellum-White-Matter,HD95,8.0
sub-372377,ses-8mo,46,Right-Cerebellum-White-Matter,MI,0.002854026550532839
sub-372377,ses-8mo,46,Right-Cerebellum-White-Matter,NMI,0.20622320587369572
sub-372377,ses-8mo,7,Left-Cerebellum-White-Matter,Dice,0.19313342025206431
sub-372377,ses-8mo,7,Left-Cerebellum-White-Matter,IoU,0.10688858957090629
sub-372377,ses-8mo,7,Left-Cerebellum-White-Matter,Hausdorff,34.336569426778794
sub-372377,ses-8mo,7,Left-Cerebellum-White-Matter,HD95,8.774964332580566
sub-372377,ses-8mo,7,Left-Cerebellum-White-Matter,MI,0.0012923051677425803
sub-372377,ses-8mo,7,Left-Cerebellum-White-Matter,NMI,0.11006625466678661
sub-272097,ses-5mo,51,Right-Putamen,Dice,0.26322314049586776
sub-272097,ses-5mo,51,Right-Putamen,IoU,0.15155841065905307
sub-272097,ses-5mo,51,Right-Putamen,Hausdorff,16.792855623746664
sub-272097,ses-5mo,51,Right-Putamen,HD95,10.24695110321045
sub-272097,ses-5mo,51,Right-Putamen,MI,0.000934761135615363
sub-272097,ses-5mo,51,Right-Putamen,NMI,0.16812426957807747
sub-272097,ses-5mo,42,Right-Cerebral-Cortex,Dice,0.22000500882728513
sub-272097,ses-5mo,42,Right-Cerebral-Cortex,IoU,0.1235986673661026
sub-272097,ses-5mo,42,Right-Cerebral-Cortex,Hausdorff,87.02873088813831
sub-272097,ses-5mo,42,Right-Cerebral-Cortex,HD95,10.630146026611328
sub-272097,ses-5mo,42,Right-Cerebral-Cortex,MI,0.007960262729132462
sub-272097,ses-5mo,42,Right-Cerebral-Cortex,NMI,0.07445440591850822
sub-272097,ses-5mo,43,Right-Lateral-Ventricle,Dice,0.4453422777862479
sub-272097,ses-5mo,43,Right-Lateral-Ventricle,IoU,0.28645680101990784
sub-272097,ses-5mo,43,Right-Lateral-Ventricle,Hausdorff,27.748873851023216
sub-272097,ses-5mo,43,Right-Lateral-Ventricle,HD95,12.083045959472656
sub-272097,ses-5mo,43,Right-Lateral-Ventricle,MI,0.0026435217748551516
sub-272097,ses-5mo,43,Right-Lateral-Ventricle,NMI,0.3705423900958979
sub-272097,ses-5mo,85,Optic-Chiasm,Dice,0.0
sub-272097,ses-5mo,85,Optic-Chiasm,IoU,0.0
sub-272097,ses-5mo,85,Optic-Chiasm,Hausdorff,23.021728866442675
sub-272097,ses-5mo,85,Optic-Chiasm,HD95,20.248456954956055
sub-272097,ses-5mo,85,Optic-Chiasm,MI,1.4041921531381162e-09
sub-272097,ses-5mo,85,Optic-Chiasm,NMI,2.858124206956925e-06
sub-272097,ses-5mo,62,Right-vessel,Dice,0.0
sub-272097,ses-5mo,62,Right-vessel,IoU,0.0
sub-272097,ses-5mo,62,Right-vessel,Hausdorff,14.628738838327793
sub-272097,ses-5mo,62,Right-vessel,HD95,12.727922439575195
sub-272097,ses-5mo,62,Right-vessel,MI,3.008684661137554e-10
sub-272097,ses-5mo,62,Right-vessel,NMI,1.2976221947999546e-06
sub-272097,ses-5mo,5,Left-Inf-Lat-Vent,Dice,0.0
sub-272097,ses-5mo,5,Left-Inf-Lat-Vent,IoU,0.0
sub-272097,ses-5mo,5,Left-Inf-Lat-Vent,Hausdorff,29.79932885150268
sub-272097,ses-5mo,5,Left-Inf-Lat-Vent,HD95,22.043085384368894
sub-272097,ses-5mo,5,Left-Inf-Lat-Vent,MI,2.962633528151397e-09
sub-272097,ses-5mo,5,Left-Inf-Lat-Vent,NMI,4.990232294274503e-06
sub-272097,ses-5mo,58,Right-Accumbens-area,Dice,0.0
sub-272097,ses-5mo,58,Right-Accumbens-area,IoU,0.0
sub-272097,ses-5mo,58,Right-Accumbens-area,Hausdorff,14.45683229480096
sub-272097,ses-5mo,58,Right-Accumbens-area,HD95,12.401550102233886
sub-272097,ses-5mo,58,Right-Accumbens-area,MI,2.8007773485286052e-09
sub-272097,ses-5mo,58,Right-Accumbens-area,NMI,4.875553937394434e-06
sub-272097,ses-5mo,17,Left-Hippocampus,Dice,0.0
sub-272097,ses-5mo,17,Left-Hippocampus,IoU,0.0
sub-272097,ses-5mo,17,Left-Hippocampus,Hausdorff,26.43860813280457
sub-272097,ses-5mo,17,Left-Hippocampus,HD95,20.456046581268307
sub-272097,ses-5mo,17,Left-Hippocampus,MI,1.3258524967545496e-07
sub-272097,ses-5mo,17,Left-Hippocampus,NMI,3.98096672562715e-05
sub-272097,ses-5mo,53,Right-Hippocampus,Dice,0.0
sub-272097,ses-5mo,53,Right-Hippocampus,IoU,0.0
sub-272097,ses-5mo,53,Right-Hippocampus,Hausdorff,23.40939982143925
sub-272097,ses-5mo,53,Right-Hippocampus,HD95,17.464248657226562
sub-272097,ses-5mo,53,Right-Hippocampus,MI,1.5822246907852642e-07
sub-272097,ses-5mo,53,Right-Hippocampus,NMI,4.4298910686101015e-05
sub-272097,ses-5mo,10,Left-Thalamus,Dice,0.2772767687031627
sub-272097,ses-5mo,10,Left-Thalamus,IoU,0.1609525916095259
sub-272097,ses-5mo,10,Left-Thalamus,Hausdorff,21.0
sub-272097,ses-5mo,10,Left-Thalamus,HD95,13.892443656921387
sub-272097,ses-5mo,10,Left-Thalamus,MI,0.0014763188195747947
sub-272097,ses-5mo,10,Left-Thalamus,NMI,0.17342063272435304
sub-272097,ses-5mo,12,Left-Putamen,Dice,0.23400243983586558
sub-272097,ses-5mo,12,Left-Putamen,IoU,0.13250439588043206
sub-272097,ses-5mo,12,Left-Putamen,Hausdorff,18.439088914585774
sub-272097,ses-5mo,12,Left-Putamen,HD95,12.083045959472656
sub-272097,ses-5mo,12,Left-Putamen,MI,0.0007633304762733513
sub-272097,ses-5mo,12,Left-Putamen,NMI,0.14619735038217996
sub-272097,ses-5mo,52,Right-Pallidum,Dice,0.020225593154414623
sub-272097,ses-5mo,52,Right-Pallidum,IoU,0.010216110019646365
sub-272097,ses-5mo,52,Right-Pallidum,Hausdorff,11.180339887498949
sub-272097,ses-5mo,52,Right-Pallidum,HD95,9.492088603973384
sub-272097,ses-5mo,52,Right-Pallidum,MI,1.3556290472730365e-05
sub-272097,ses-5mo,52,Right-Pallidum,NMI,0.007906039568832403
sub-272097,ses-5mo,8,Left-Cerebellum-Cortex,Dice,0.14140415680357932
sub-272097,ses-5mo,8,Left-Cerebellum-Cortex,IoU,0.07608117564730581
sub-272097,ses-5mo,8,Left-Cerebellum-Cortex,Hausdorff,33.896902513356586
sub-272097,ses-5mo,8,Left-Cerebellum-Cortex,HD95,25.495098114013672
sub-272097,ses-5mo,8,Left-Cerebellum-Cortex,MI,0.001895597660464727
sub-272097,ses-5mo,8,Left-Cerebellum-Cortex,NMI,0.057376955708177524
sub-272097,ses-5mo,11,Left-Caudate,Dice,0.3754123979857614
sub-272097,ses-5mo,11,Left-Caudate,IoU,0.23108165882855922
sub-272097,ses-5mo,11,Left-Caudate,Hausdorff,12.36931687685298
sub-272097,ses-5mo,11,Left-Caudate,HD95,7.6157732009887695
sub-272097,ses-5mo,11,Left-Caudate,MI,0.000945828943431055
sub-272097,ses-5mo,11,Left-Caudate,NMI,0.2690526405248184
sub-272097,ses-5mo,3,Left-Cerebral-Cortex,Dice,0.21391675334520388
sub-272097,ses-5mo,3,Left-Cerebral-Cortex,IoU,0.119768635502211
sub-272097,ses-5mo,3,Left-Cerebral-Cortex,Hausdorff,39.66106403010388
sub-272097,ses-5mo,3,Left-Cerebral-Cortex,HD95,12.165525436401367
sub-272097,ses-5mo,3,Left-Cerebral-Cortex,MI,0.007643360779870389
sub-272097,ses-5mo,3,Left-Cerebral-Cortex,NMI,0.06856053646683348
sub-272097,ses-5mo,77,WM-hypointensities,Dice,0.0
sub-272097,ses-5mo,77,WM-hypointensities,IoU,0.0
sub-272097,ses-5mo,77,WM-hypointensities,Hausdorff,81.10487038396646
sub-272097,ses-5mo,77,WM-hypointensities,HD95,74.0287094116211
sub-272097,ses-5mo,77,WM-hypointensities,MI,3.180281935144034e-11
sub-272097,ses-5mo,77,WM-hypointensities,NMI,2.950420233333639e-08
sub-272097,ses-5mo,4,Left-Lateral-Ventricle,Dice,0.4178552562070787
sub-272097,ses-5mo,4,Left-Lateral-Ventricle,IoU,0.2641068447412354
sub-272097,ses-5mo,4,Left-Lateral-Ventricle,Hausdorff,29.816103031751148
sub-272097,ses-5mo,4,Left-Lateral-Ventricle,HD95,14.247806549072266
sub-272097,ses-5mo,4,Left-Lateral-Ventricle,MI,0.002716041027334494
sub-272097,ses-5mo,4,Left-Lateral-Ventricle,NMI,0.335898427767458
sub-272097,ses-5mo,18,Left-Amygdala,Dice,0.0
sub-272097,ses-5mo,18,Left-Amygdala,IoU,0.0
sub-272097,ses-5mo,18,Left-Amygdala,Hausdorff,29.068883707497267
sub-272097,ses-5mo,18,Left-Amygdala,HD95,26.307793045043944
sub-272097,ses-5mo,18,Left-Amygdala,MI,2.8050913416773158e-08
sub-272097,ses-5mo,18,Left-Amygdala,NMI,1.6564899881189834e-05
sub-272097,ses-5mo,44,Right-Inf-Lat-Vent,Dice,0.0
sub-272097,ses-5mo,44,Right-Inf-Lat-Vent,IoU,0.0
sub-272097,ses-5mo,44,Right-Inf-Lat-Vent,Hausdorff,25.079872407968907
sub-272097,ses-5mo,44,Right-Inf-Lat-Vent,HD95,21.674868392944337
sub-272097,ses-5mo,44,Right-Inf-Lat-Vent,MI,2.6967581788402964e-09
sub-272097,ses-5mo,44,Right-Inf-Lat-Vent,NMI,4.5193555362980725e-06
sub-272097,ses-5mo,47,Right-Cerebellum-Cortex,Dice,0.14957604324102775
sub-272097,ses-5mo,47,Right-Cerebellum-Cortex,IoU,0.08083339101543573
sub-272097,ses-5mo,47,Right-Cerebellum-Cortex,Hausdorff,29.086079144497972
sub-272097,ses-5mo,47,Right-Cerebellum-Cortex,HD95,23.194826126098633
sub-272097,ses-5mo,47,Right-Cerebellum-Cortex,MI,0.002075533842168296
sub-272097,ses-5mo,47,Right-Cerebellum-Cortex,NMI,0.062020028478207145
sub-272097,ses-5mo,13,Left-Pallidum,Dice,0.04821664464993395
sub-272097,ses-5mo,13,Left-Pallidum,IoU,0.024703891708967852
sub-272097,ses-5mo,13,Left-Pallidum,Hausdorff,15.684387141358123
sub-272097,ses-5mo,13,Left-Pallidum,HD95,11.357816696166992
sub-272097,ses-5mo,13,Left-Pallidum,MI,4.584172996773133e-05
sub-272097,ses-5mo,13,Left-Pallidum,NMI,0.023138421047564375
sub-272097,ses-5mo,60,Right-VentralDC,Dice,0.003869220352099052
sub-272097,ses-5mo,60,Right-VentralDC,IoU,0.0019383601473153711
sub-272097,ses-5mo,60,Right-VentralDC,Hausdorff,20.024984394500787
sub-272097,ses-5mo,60,Right-VentralDC,HD95,15.29705810546875
sub-272097,ses-5mo,60,Right-VentralDC,MI,2.0448455363850683e-06
sub-272097,ses-5mo,60,Right-VentralDC,NMI,0.0006394353910521919
sub-272097,ses-5mo,49,Right-Thalamus,Dice,0.36533782519183977
sub-272097,ses-5mo,49,Right-Thalamus,IoU,0.22349438974124114
sub-272097,ses-5mo,49,Right-Thalamus,Hausdorff,21.0
sub-272097,ses-5mo,49,Right-Thalamus,HD95,14.456831932067871
sub-272097,ses-5mo,49,Right-Thalamus,MI,0.0021468172523392615
sub-272097,ses-5mo,49,Right-Thalamus,NMI,0.24864144678621872
sub-272097,ses-5mo,54,Right-Amygdala,Dice,0.0
sub-272097,ses-5mo,54,Right-Amygdala,IoU,0.0
sub-272097,ses-5mo,54,Right-Amygdala,Hausdorff,27.459060435491963
sub-272097,ses-5mo,54,Right-Amygdala,HD95,24.372116088867188
sub-272097,ses-5mo,54,Right-Amygdala,MI,3.017019186915418e-08
sub-272097,ses-5mo,54,Right-Amygdala,NMI,1.69413442143404e-05
sub-272097,ses-5mo,24,CSF,Dice,0.001855304609789028
sub-272097,ses-5mo,24,CSF,IoU,0.0009285136427153049
sub-272097,ses-5mo,24,CSF,Hausdorff,86.47543003651384
sub-272097,ses-5mo,24,CSF,HD95,72.51896667480469
sub-272097,ses-5mo,24,CSF,MI,8.034360882760338e-05
sub-272097,ses-5mo,24,CSF,NMI,0.000869569163524998
sub-272097,ses-5mo,16,Brain-Stem,Dice,0.25971293304275944
sub-272097,ses-5mo,16,Brain-Stem,IoU,0.14923568529233958
sub-272097,ses-5mo,16,Brain-Stem,Hausdorff,32.18695387886216
sub-272097,ses-5mo,16,Brain-Stem,HD95,24.99197015762326
sub-272097,ses-5mo,16,Brain-Stem,MI,0.0020621301826916363
sub-272097,ses-5mo,16,Brain-Stem,NMI,0.15392642529959263
sub-272097,ses-5mo,50,Right-Caudate,Dice,0.46567368601266906
sub-272097,ses-5mo,50,Right-Caudate,IoU,0.30350368221379154
sub-272097,ses-5mo,50,Right-Caudate,Hausdorff,8.48528137423857
sub-272097,ses-5mo,50,Right-Caudate,HD95,5.196152210235596
sub-272097,ses-5mo,50,Right-Caudate,MI,0.0012555836705777249
sub-272097,ses-5mo,50,Right-Caudate,NMI,0.35285265622615025
sub-272097,ses-5mo,30,Left-vessel,Dice,0.0
sub-272097,ses-5mo,30,Left-vessel,IoU,0.0
sub-272097,ses-5mo,30,Left-vessel,Hausdorff,16.15549442140351
sub-272097,ses-5mo,30,Left-vessel,HD95,14.764822959899902
sub-272097,ses-5mo,30,Left-vessel,MI,1.5396143207042782e-10
sub-272097,ses-5mo,30,Left-vessel,NMI,7.376207048121033e-07
sub-272097,ses-5mo,31,Left-choroid-plexus,Dice,0.0
sub-272097,ses-5mo,31,Left-choroid-plexus,IoU,0.0
sub-272097,ses-5mo,31,Left-choroid-plexus,Hausdorff,15.937377450509228
sub-272097,ses-5mo,31,Left-choroid-plexus,HD95,13.076696395874023
sub-272097,ses-5mo,31,Left-choroid-plexus,MI,1.3417382487582131e-09
sub-272097,ses-5mo,31,Left-choroid-plexus,NMI,3.201706327022387e-06
sub-272097,ses-5mo,28,Left-VentralDC,Dice,0.0019588638589618022
sub-272097,ses-5mo,28,Left-VentralDC,IoU,0.000980392156862745
sub-272097,ses-5mo,28,Left-VentralDC,Hausdorff,19.4164878389476
sub-272097,ses-5mo,28,Left-VentralDC,HD95,15.165750503540039
sub-272097,ses-5mo,28,Left-VentralDC,MI,6.191522723067212e-07
sub-272097,ses-5mo,28,Left-VentralDC,NMI,0.00019576399928743758
sub-272097,ses-5mo,15,4th-Ventricle,Dice,0.0
sub-272097,ses-5mo,15,4th-Ventricle,IoU,0.0
sub-272097,ses-5mo,15,4th-Ventricle,Hausdorff,34.9857113690718
sub-272097,ses-5mo,15,4th-Ventricle,HD95,27.734452247619625
sub-272097,ses-5mo,15,4th-Ventricle,MI,3.085326315710891e-08
sub-272097,ses-5mo,15,4th-Ventricle,NMI,1.589137894537266e-05
sub-272097,ses-5mo,2,Left-Cerebral-White-Matter,Dice,0.5965745118867446
sub-272097,ses-5mo,2,Left-Cerebral-White-Matter,IoU,0.42508456411802137
sub-272097,ses-5mo,2,Left-Cerebral-White-Matter,Hausdorff,30.757112998459398
sub-272097,ses-5mo,2,Left-Cerebral-White-Matter,HD95,8.062257766723633
sub-272097,ses-5mo,2,Left-Cerebral-White-Matter,MI,0.05272824153355437
sub-272097,ses-5mo,2,Left-Cerebral-White-Matter,NMI,0.4004431315032895
sub-272097,ses-5mo,41,Right-Cerebral-White-Matter,Dice,0.6497423862794227
sub-272097,ses-5mo,41,Right-Cerebral-White-Matter,IoU,0.4811988317466955
sub-272097,ses-5mo,41,Right-Cerebral-White-Matter,Hausdorff,28.178005607210743
sub-272097,ses-5mo,41,Right-Cerebral-White-Matter,HD95,7.0
sub-272097,ses-5mo,41,Right-Cerebral-White-Matter,MI,0.06189137549557089
sub-272097,ses-5mo,41,Right-Cerebral-White-Matter,NMI,0.4458310833174235
sub-272097,ses-5mo,14,3rd-Ventricle,Dice,0.09903288201160541
sub-272097,ses-5mo,14,3rd-Ventricle,IoU,0.052096052096052094
sub-272097,ses-5mo,14,3rd-Ventricle,Hausdorff,14.352700094407323
sub-272097,ses-5mo,14,3rd-Ventricle,HD95,9.864049053192137
sub-272097,ses-5mo,14,3rd-Ventricle,MI,0.00010116887546232525
sub-272097,ses-5mo,14,3rd-Ventricle,NMI,0.05942934570886976
sub-272097,ses-5mo,63,Right-choroid-plexus,Dice,0.030612244897959183
sub-272097,ses-5mo,63,Right-choroid-plexus,IoU,0.015544041450777202
sub-272097,ses-5mo,63,Right-choroid-plexus,Hausdorff,33.19638534539566
sub-272097,ses-5mo,63,Right-choroid-plexus,HD95,13.848797750473029
sub-272097,ses-5mo,63,Right-choroid-plexus,MI,7.051199722855998e-06
sub-272097,ses-5mo,63,Right-choroid-plexus,NMI,0.015591736366033981
sub-272097,ses-5mo,26,Left-Accumbens-area,Dice,0.0
sub-272097,ses-5mo,26,Left-Accumbens-area,IoU,0.0
sub-272097,ses-5mo,26,Left-Accumbens-area,Hausdorff,16.673332000533065
sub-272097,ses-5mo,26,Left-Accumbens-area,HD95,13.870736217498782
sub-272097,ses-5mo,26,Left-Accumbens-area,MI,3.1694276712130286e-09
sub-272097,ses-5mo,26,Left-Accumbens-area,NMI,5.163501801081996e-06
sub-272097,ses-5mo,46,Right-Cerebellum-White-Matter,Dice,0.0024564776246929405
sub-272097,ses-5mo,46,Right-Cerebellum-White-Matter,IoU,0.001229749238090146
sub-272097,ses-5mo,46,Right-Cerebellum-White-Matter,Hausdorff,35.679125549822544
sub-272097,ses-5mo,46,Right-Cerebellum-White-Matter,HD95,28.126494503021213
sub-272097,ses-5mo,46,Right-Cerebellum-White-Matter,MI,8.9207953697258e-07
sub-272097,ses-5mo,46,Right-Cerebellum-White-Matter,NMI,9.115516086500092e-05
sub-272097,ses-5mo,7,Left-Cerebellum-White-Matter,Dice,0.0034856086612094004
sub-272097,ses-5mo,7,Left-Cerebellum-White-Matter,IoU,0.0017458470003174267
sub-272097,ses-5mo,7,Left-Cerebellum-White-Matter,Hausdorff,35.24202037341219
sub-272097,ses-5mo,7,Left-Cerebellum-White-Matter,HD95,31.796226501464844
sub-272097,ses-5mo,7,Left-Cerebellum-White-Matter,MI,2.435609608895325e-06
sub-272097,ses-5mo,7,Left-Cerebellum-White-Matter,NMI,0.0002471934450728663
sub-277762,ses-6mo,51,Right-Putamen,Dice,0.31913949878021736
sub-277762,ses-6mo,51,Right-Putamen,IoU,0.18986673703654836
sub-277762,ses-6mo,51,Right-Putamen,Hausdorff,20.049937655763422
sub-277762,ses-6mo,51,Right-Putamen,HD95,13.601470947265625
sub-277762,ses-6mo,51,Right-Putamen,MI,0.0011276716336302657
sub-277762,ses-6mo,51,Right-Putamen,NMI,0.2160752001814495
sub-277762,ses-6mo,42,Right-Cerebral-Cortex,Dice,0.2231589799395753
sub-277762,ses-6mo,42,Right-Cerebral-Cortex,IoU,0.12559310451533046
sub-277762,ses-6mo,42,Right-Cerebral-Cortex,Hausdorff,35.185224171518364
sub-277762,ses-6mo,42,Right-Cerebral-Cortex,HD95,14.764822959899902
sub-277762,ses-6mo,42,Right-Cerebral-Cortex,MI,0.00833836219531187
sub-277762,ses-6mo,42,Right-Cerebral-Cortex,NMI,0.07332992907973249
sub-277762,ses-6mo,43,Right-Lateral-Ventricle,Dice,0.3820361715098557
sub-277762,ses-6mo,43,Right-Lateral-Ventricle,IoU,0.23612157749309218
sub-277762,ses-6mo,43,Right-Lateral-Ventricle,Hausdorff,21.95449840010015
sub-277762,ses-6mo,43,Right-Lateral-Ventricle,HD95,14.899664878845215
sub-277762,ses-6mo,43,Right-Lateral-Ventricle,MI,0.0023503387199636672
sub-277762,ses-6mo,43,Right-Lateral-Ventricle,NMI,0.29725405492385826
sub-277762,ses-6mo,85,Optic-Chiasm,Dice,0.0
sub-277762,ses-6mo,85,Optic-Chiasm,IoU,0.0
sub-277762,ses-6mo,85,Optic-Chiasm,Hausdorff,33.421549934136806
sub-277762,ses-6mo,85,Optic-Chiasm,HD95,30.61208896636963
sub-277762,ses-6mo,85,Optic-Chiasm,MI,1.921792750842399e-11
sub-277762,ses-6mo,85,Optic-Chiasm,NMI,5.206560133487281e-08
sub-277762,ses-6mo,62,Right-vessel,Dice,0.0
sub-277762,ses-6mo,62,Right-vessel,IoU,0.0
sub-277762,ses-6mo,62,Right-vessel,Hausdorff,15.652475842498529
sub-277762,ses-6mo,62,Right-vessel,HD95,14.544711589813232
sub-277762,ses-6mo,62,Right-vessel,MI,1.54825539819541e-10
sub-277762,ses-6mo,62,Right-vessel,NMI,7.752578063271636e-07
sub-277762,ses-6mo,5,Left-Inf-Lat-Vent,Dice,0.0
sub-277762,ses-6mo,5,Left-Inf-Lat-Vent,IoU,0.0
sub-277762,ses-6mo,5,Left-Inf-Lat-Vent,Hausdorff,29.120439557122072
sub-277762,ses-6mo,5,Left-Inf-Lat-Vent,HD95,25.741011810302734
sub-277762,ses-6mo,5,Left-Inf-Lat-Vent,MI,3.0664876902650445e-09
sub-277762,ses-6mo,5,Left-Inf-Lat-Vent,NMI,4.705381540694966e-06
sub-277762,ses-6mo,58,Right-Accumbens-area,Dice,0.0
sub-277762,ses-6mo,58,Right-Accumbens-area,IoU,0.0
sub-277762,ses-6mo,58,Right-Accumbens-area,Hausdorff,17.46424919657298
sub-277762,ses-6mo,58,Right-Accumbens-area,HD95,15.65247631072998
sub-277762,ses-6mo,58,Right-Accumbens-area,MI,3.472775029160881e-09
sub-277762,ses-6mo,58,Right-Accumbens-area,NMI,5.379909338157804e-06
sub-277762,ses-6mo,17,Left-Hippocampus,Dice,0.0
sub-277762,ses-6mo,17,Left-Hippocampus,IoU,0.0
sub-277762,ses-6mo,17,Left-Hippocampus,Hausdorff,31.796226191169293
sub-277762,ses-6mo,17,Left-Hippocampus,HD95,24.276529216766356
sub-277762,ses-6mo,17,Left-Hippocampus,MI,1.247787968818026e-07
sub-277762,ses-6mo,17,Left-Hippocampus,NMI,3.80139275229538e-05
sub-277762,ses-6mo,53,Right-Hippocampus,Dice,0.0
sub-277762,ses-6mo,53,Right-Hippocampus,IoU,0.0
sub-277762,ses-6mo,53,Right-Hippocampus,Hausdorff,28.39013913315678
sub-277762,ses-6mo,53,Right-Hippocampus,HD95,23.430749893188477
sub-277762,ses-6mo,53,Right-Hippocampus,MI,1.3556558822497462e-07
sub-277762,ses-6mo,53,Right-Hippocampus,NMI,3.989683631312063e-05
sub-277762,ses-6mo,10,Left-Thalamus,Dice,0.15342360756259582
sub-277762,ses-6mo,10,Left-Thalamus,IoU,0.08308543756485645
sub-277762,ses-6mo,10,Left-Thalamus,Hausdorff,25.709920264364882
sub-277762,ses-6mo,10,Left-Thalamus,HD95,18.055469512939453
sub-277762,ses-6mo,10,Left-Thalamus,MI,0.0006900988188093616
sub-277762,ses-6mo,10,Left-Thalamus,NMI,0.0814685739574903
sub-277762,ses-6mo,12,Left-Putamen,Dice,0.25010743446497635
sub-277762,ses-6mo,12,Left-Putamen,IoU,0.14292730844793713
sub-277762,ses-6mo,12,Left-Putamen,Hausdorff,20.42057785666214
sub-277762,ses-6mo,12,Left-Putamen,HD95,13.388418197631836
sub-277762,ses-6mo,12,Left-Putamen,MI,0.000855659037289351
sub-277762,ses-6mo,12,Left-Putamen,NMI,0.15955967380787864
sub-277762,ses-6mo,52,Right-Pallidum,Dice,0.009072164948453608
sub-277762,ses-6mo,52,Right-Pallidum,IoU,0.004556752278376139
sub-277762,ses-6mo,52,Right-Pallidum,Hausdorff,15.297058540778355
sub-277762,ses-6mo,52,Right-Pallidum,HD95,12.473919105529781
sub-277762,ses-6mo,52,Right-Pallidum,MI,4.597432106205069e-06
sub-277762,ses-6mo,52,Right-Pallidum,NMI,0.002825189984011932
sub-277762,ses-6mo,8,Left-Cerebellum-Cortex,Dice,0.06938068084092984
sub-277762,ses-6mo,8,Left-Cerebellum-Cortex,IoU,0.035937007442332206
sub-277762,ses-6mo,8,Left-Cerebellum-Cortex,Hausdorff,37.68288736283355
sub-277762,ses-6mo,8,Left-Cerebellum-Cortex,HD95,29.154760360717773
sub-277762,ses-6mo,8,Left-Cerebellum-Cortex,MI,0.0006322027677751062
sub-277762,ses-6mo,8,Left-Cerebellum-Cortex,NMI,0.019358595112113134
sub-277762,ses-6mo,11,Left-Caudate,Dice,0.3291961046400611
sub-277762,ses-6mo,11,Left-Caudate,IoU,0.19702857142857144
sub-277762,ses-6mo,11,Left-Caudate,Hausdorff,15.524174696260024
sub-277762,ses-6mo,11,Left-Caudate,HD95,9.899495124816895
sub-277762,ses-6mo,11,Left-Caudate,MI,0.0007383521365533011
sub-277762,ses-6mo,11,Left-Caudate,NMI,0.2282260241339897
sub-277762,ses-6mo,3,Left-Cerebral-Cortex,Dice,0.2270412642669008
sub-277762,ses-6mo,3,Left-Cerebral-Cortex,IoU,0.12805783896206793
sub-277762,ses-6mo,3,Left-Cerebral-Cortex,Hausdorff,39.89987468652001
sub-277762,ses-6mo,3,Left-Cerebral-Cortex,HD95,17.37814712524414
sub-277762,ses-6mo,3,Left-Cerebral-Cortex,MI,0.008624685932978972
sub-277762,ses-6mo,3,Left-Cerebral-Cortex,NMI,0.07518189761023146
sub-277762,ses-6mo,77,WM-hypointensities,Dice,0.0
sub-277762,ses-6mo,77,WM-hypointensities,IoU,0.0
sub-277762,ses-6mo,77,WM-hypointensities,Hausdorff,84.38009243891595
sub-277762,ses-6mo,77,WM-hypointensities,HD95,72.17478637695312
sub-277762,ses-6mo,77,WM-hypointensities,MI,8.067822416943848e-10
sub-277762,ses-6mo,77,WM-hypointensities,NMI,4.653842991861634e-07
sub-277762,ses-6mo,4,Left-Lateral-Ventricle,Dice,0.319532512744001
sub-277762,ses-6mo,4,Left-Lateral-Ventricle,IoU,0.19014501331754957
sub-277762,ses-6mo,4,Left-Lateral-Ventricle,Hausdorff,21.61018278497431
sub-277762,ses-6mo,4,Left-Lateral-Ventricle,HD95,15.132745742797852
sub-277762,ses-6mo,4,Left-Lateral-Ventricle,MI,0.001955421938946274
sub-277762,ses-6mo,4,Left-Lateral-Ventricle,NMI,0.22898642749485046
sub-277762,ses-6mo,18,Left-Amygdala,Dice,0.0
sub-277762,ses-6mo,18,Left-Amygdala,IoU,0.0
sub-277762,ses-6mo,18,Left-Amygdala,Hausdorff,33.13608305156178
sub-277762,ses-6mo,18,Left-Amygdala,HD95,29.14961338043213
sub-277762,ses-6mo,18,Left-Amygdala,MI,2.5410757144891504e-08
sub-277762,ses-6mo,18,Left-Amygdala,NMI,1.5190833303835067e-05
sub-277762,ses-6mo,44,Right-Inf-Lat-Vent,Dice,0.0
sub-277762,ses-6mo,44,Right-Inf-Lat-Vent,IoU,0.0
sub-277762,ses-6mo,44,Right-Inf-Lat-Vent,Hausdorff,29.563490998188964
sub-277762,ses-6mo,44,Right-Inf-Lat-Vent,HD95,25.98748121261596
sub-277762,ses-6mo,44,Right-Inf-Lat-Vent,MI,3.6986932520650245e-09
sub-277762,ses-6mo,44,Right-Inf-Lat-Vent,NMI,5.563100023180943e-06
sub-277762,ses-6mo,47,Right-Cerebellum-Cortex,Dice,0.08607270865335381
sub-277762,ses-6mo,47,Right-Cerebellum-Cortex,IoU,0.044971775595922844
sub-277762,ses-6mo,47,Right-Cerebellum-Cortex,Hausdorff,34.132096331752024
sub-277762,ses-6mo,47,Right-Cerebellum-Cortex,HD95,26.719841670990004
sub-277762,ses-6mo,47,Right-Cerebellum-Cortex,MI,0.0008980388924743976
sub-277762,ses-6mo,47,Right-Cerebellum-Cortex,NMI,0.026747303203482477
sub-277762,ses-6mo,13,Left-Pallidum,Dice,0.007179896290386917
sub-277762,ses-6mo,13,Left-Pallidum,IoU,0.003602882305844676
sub-277762,ses-6mo,13,Left-Pallidum,Hausdorff,16.431676725154983
sub-277762,ses-6mo,13,Left-Pallidum,HD95,13.190905570983887
sub-277762,ses-6mo,13,Left-Pallidum,MI,3.43675851007169e-06
sub-277762,ses-6mo,13,Left-Pallidum,NMI,0.002050203073710901
sub-277762,ses-6mo,60,Right-VentralDC,Dice,0.0
sub-277762,ses-6mo,60,Right-VentralDC,IoU,0.0
sub-277762,ses-6mo,60,Right-VentralDC,Hausdorff,24.698178070456937
sub-277762,ses-6mo,60,Right-VentralDC,HD95,19.4550724029541
sub-277762,ses-6mo,60,Right-VentralDC,MI,1.4329487376882333e-07
sub-277762,ses-6mo,60,Right-VentralDC,NMI,4.2501666528874776e-05
sub-277762,ses-6mo,49,Right-Thalamus,Dice,0.23233226837060703
sub-277762,ses-6mo,49,Right-Thalamus,IoU,0.13143435511856563
sub-277762,ses-6mo,49,Right-Thalamus,Hausdorff,24.515301344262525
sub-277762,ses-6mo,49,Right-Thalamus,HD95,18.11077117919922
sub-277762,ses-6mo,49,Right-Thalamus,MI,0.001176011037451238
sub-277762,ses-6mo,49,Right-Thalamus,NMI,0.1389771492958616
sub-277762,ses-6mo,54,Right-Amygdala,Dice,0.0
sub-277762,ses-6mo,54,Right-Amygdala,IoU,0.0
sub-277762,ses-6mo,54,Right-Amygdala,Hausdorff,28.982753492378876
sub-277762,ses-6mo,54,Right-Amygdala,HD95,26.870058059692383
sub-277762,ses-6mo,54,Right-Amygdala,MI,2.7103490487004854e-08
sub-277762,ses-6mo,54,Right-Amygdala,NMI,1.5634901995387032e-05
sub-277762,ses-6mo,24,CSF,Dice,0.003052907274464844
sub-277762,ses-6mo,24,CSF,IoU,0.0015287872601061658
sub-277762,ses-6mo,24,CSF,Hausdorff,89.7217922246318
sub-277762,ses-6mo,24,CSF,HD95,75.19308471679688
sub-277762,ses-6mo,24,CSF,MI,0.00014012400122293298
sub-277762,ses-6mo,24,CSF,NMI,0.0015887238680018859
sub-277762,ses-6mo,16,Brain-Stem,Dice,0.13785600497338463
sub-277762,ses-6mo,16,Brain-Stem,IoU,0.07403079747944748
sub-277762,ses-6mo,16,Brain-Stem,Hausdorff,35.12833614050059
sub-277762,ses-6mo,16,Brain-Stem,HD95,28.933542156219445
sub-277762,ses-6mo,16,Brain-Stem,MI,0.000876594155585149
sub-277762,ses-6mo,16,Brain-Stem,NMI,0.0673720494288392
sub-277762,ses-6mo,50,Right-Caudate,Dice,0.45493402713250325
sub-277762,ses-6mo,50,Right-Caudate,IoU,0.29444310801058454
sub-277762,ses-6mo,50,Right-Caudate,Hausdorff,12.529964086141668
sub-277762,ses-6mo,50,Right-Caudate,HD95,6.480740547180176
sub-277762,ses-6mo,50,Right-Caudate,MI,0.001130420209953378
sub-277762,ses-6mo,50,Right-Caudate,NMI,0.3412505726564945
sub-277762,ses-6mo,30,Left-vessel,Dice,0.0
sub-277762,ses-6mo,30,Left-vessel,IoU,0.0
sub-277762,ses-6mo,30,Left-vessel,Hausdorff,17.029386365926403
sub-277762,ses-6mo,30,Left-vessel,HD95,16.031219482421875
sub-277762,ses-6mo,30,Left-vessel,MI,2.0405880965816605e-10
sub-277762,ses-6mo,30,Left-vessel,NMI,8.131886289771746e-07
sub-277762,ses-6mo,31,Left-choroid-plexus,Dice,0.0
sub-277762,ses-6mo,31,Left-choroid-plexus,IoU,0.0
sub-277762,ses-6mo,31,Left-choroid-plexus,Hausdorff,16.431676725154983
sub-277762,ses-6mo,31,Left-choroid-plexus,HD95,15.55634880065918
sub-277762,ses-6mo,31,Left-choroid-plexus,MI,2.9990710359746858e-09
sub-277762,ses-6mo,31,Left-choroid-plexus,NMI,4.653666221139935e-06
sub-277762,ses-6mo,28,Left-VentralDC,Dice,0.0
sub-277762,ses-6mo,28,Left-VentralDC,IoU,0.0
sub-277762,ses-6mo,28,Left-VentralDC,Hausdorff,25.079872407968907
sub-277762,ses-6mo,28,Left-VentralDC,HD95,19.41262340545654
sub-277762,ses-6mo,28,Left-VentralDC,MI,1.5563897750421e-07
sub-277762,ses-6mo,28,Left-VentralDC,NMI,4.4463000392563136e-05
sub-277762,ses-6mo,15,4th-Ventricle,Dice,0.0
sub-277762,ses-6mo,15,4th-Ventricle,IoU,0.0
sub-277762,ses-6mo,15,4th-Ventricle,Hausdorff,35.958309192730404
sub-277762,ses-6mo,15,4th-Ventricle,HD95,29.8328537940979
sub-277762,ses-6mo,15,4th-Ventricle,MI,3.6759657126887117e-08
sub-277762,ses-6mo,15,4th-Ventricle,NMI,1.7698296306941635e-05
sub-277762,ses-6mo,2,Left-Cerebral-White-Matter,Dice,0.5649623361635084
sub-277762,ses-6mo,2,Left-Cerebral-White-Matter,IoU,0.3936916433629441
sub-277762,ses-6mo,2,Left-Cerebral-White-Matter,Hausdorff,34.17601498127012
sub-277762,ses-6mo,2,Left-Cerebral-White-Matter,HD95,12.369317054748535
sub-277762,ses-6mo,2,Left-Cerebral-White-Matter,MI,0.04783224852076904
sub-277762,ses-6mo,2,Left-Cerebral-White-Matter,NMI,0.3690601595900171
sub-277762,ses-6mo,41,Right-Cerebral-White-Matter,Dice,0.5718631684773179
sub-277762,ses-6mo,41,Right-Cerebral-White-Matter,IoU,0.4004260347151725
sub-277762,ses-6mo,41,Right-Cerebral-White-Matter,Hausdorff,30.24896692450835
sub-277762,ses-6mo,41,Right-Cerebral-White-Matter,HD95,11.0
sub-277762,ses-6mo,41,Right-Cerebral-White-Matter,MI,0.04918001836474333
sub-277762,ses-6mo,41,Right-Cerebral-White-Matter,NMI,0.37733601199625244
sub-277762,ses-6mo,14,3rd-Ventricle,Dice,0.05231788079470199
sub-277762,ses-6mo,14,3rd-Ventricle,IoU,0.0268616116967018
sub-277762,ses-6mo,14,3rd-Ventricle,Hausdorff,17.69180601295413
sub-277762,ses-6mo,14,3rd-Ventricle,HD95,14.177447319030762
sub-277762,ses-6mo,14,3rd-Ventricle,MI,5.325373357033421e-05
sub-277762,ses-6mo,14,3rd-Ventricle,NMI,0.02724246756897378
sub-277762,ses-6mo,63,Right-choroid-plexus,Dice,0.0
sub-277762,ses-6mo,63,Right-choroid-plexus,IoU,0.0
sub-277762,ses-6mo,63,Right-choroid-plexus,Hausdorff,28.600699292150182
sub-277762,ses-6mo,63,Right-choroid-plexus,HD95,14.272311782836908
sub-277762,ses-6mo,63,Right-choroid-plexus,MI,5.094055168625936e-09
sub-277762,ses-6mo,63,Right-choroid-plexus,NMI,6.2696617103744585e-06
sub-277762,ses-6mo,26,Left-Accumbens-area,Dice,0.0
sub-277762,ses-6mo,26,Left-Accumbens-area,IoU,0.0
sub-277762,ses-6mo,26,Left-Accumbens-area,Hausdorff,17.916472867168917
sub-277762,ses-6mo,26,Left-Accumbens-area,HD95,15.68438720703125
sub-277762,ses-6mo,26,Left-Accumbens-area,MI,4.103597235480998e-09
sub-277762,ses-6mo,26,Left-Accumbens-area,NMI,5.883533238217886e-06
sub-277762,ses-6mo,46,Right-Cerebellum-White-Matter,Dice,0.000970926155671827
sub-277762,ses-6mo,46,Right-Cerebellum-White-Matter,IoU,0.00048569886670264434
sub-277762,ses-6mo,46,Right-Cerebellum-White-Matter,Hausdorff,36.46916505762094
sub-277762,ses-6mo,46,Right-Cerebellum-White-Matter,HD95,29.223278045654297
sub-277762,ses-6mo,46,Right-Cerebellum-White-Matter,MI,3.0156032262422565e-08
sub-277762,ses-6mo,46,Right-Cerebellum-White-Matter,NMI,3.081122789468313e-06
sub-277762,ses-6mo,7,Left-Cerebellum-White-Matter,Dice,0.0005182689816014512
sub-277762,ses-6mo,7,Left-Cerebellum-White-Matter,IoU,0.0002592016588906169
sub-277762,ses-6mo,7,Left-Cerebellum-White-Matter,Hausdorff,38.92300091205713
sub-277762,ses-6mo,7,Left-Cerebellum-White-Matter,HD95,33.145133972167976
sub-277762,ses-6mo,7,Left-Cerebellum-White-Matter,MI,3.17693673582434e-07
sub-277762,ses-6mo,7,Left-Cerebellum-White-Matter,NMI,3.145742439778702e-05
sub-455675,ses-6mo,51,Right-Putamen,Dice,0.36024585894364
sub-455675,ses-6mo,51,Right-Putamen,IoU,0.21969504447268107
sub-455675,ses-6mo,51,Right-Putamen,Hausdorff,17.46424919657298
sub-455675,ses-6mo,51,Right-Putamen,HD95,12.649110794067383
sub-455675,ses-6mo,51,Right-Putamen,MI,0.0013996428536601024
sub-455675,ses-6mo,51,Right-Putamen,NMI,0.25448596841725984
sub-455675,ses-6mo,42,Right-Cerebral-Cortex,Dice,0.2100773407163425
sub-455675,ses-6mo,42,Right-Cerebral-Cortex,IoU,0.11736671393411895
sub-455675,ses-6mo,42,Right-Cerebral-Cortex,Hausdorff,36.4828726939094
sub-455675,ses-6mo,42,Right-Cerebral-Cortex,HD95,13.03840446472168
sub-455675,ses-6mo,42,Right-Cerebral-Cortex,MI,0.007669867310919103
sub-455675,ses-6mo,42,Right-Cerebral-Cortex,NMI,0.06872341146385677
sub-455675,ses-6mo,43,Right-Lateral-Ventricle,Dice,0.4100530792351474
sub-455675,ses-6mo,43,Right-Lateral-Ventricle,IoU,0.2579036280267074
sub-455675,ses-6mo,43,Right-Lateral-Ventricle,Hausdorff,26.095976701399778
sub-455675,ses-6mo,43,Right-Lateral-Ventricle,HD95,13.736787414550742
sub-455675,ses-6mo,43,Right-Lateral-Ventricle,MI,0.002745791004984209
sub-455675,ses-6mo,43,Right-Lateral-Ventricle,NMI,0.33062128179412326
sub-455675,ses-6mo,85,Optic-Chiasm,Dice,0.0
sub-455675,ses-6mo,85,Optic-Chiasm,IoU,0.0
sub-455675,ses-6mo,85,Optic-Chiasm,Hausdorff,27.202941017470888
sub-455675,ses-6mo,85,Optic-Chiasm,HD95,25.0
sub-455675,ses-6mo,85,Optic-Chiasm,MI,1.2704065567809095e-09
sub-455675,ses-6mo,85,Optic-Chiasm,NMI,2.4804317399641844e-06
sub-455675,ses-6mo,62,Right-vessel,Dice,0.0
sub-455675,ses-6mo,62,Right-vessel,IoU,0.0
sub-455675,ses-6mo,62,Right-vessel,Hausdorff,15.165750888103101
sub-455675,ses-6mo,62,Right-vessel,HD95,14.267084264755248
sub-455675,ses-6mo,62,Right-vessel,MI,2.306567723617454e-10
sub-455675,ses-6mo,62,Right-vessel,NMI,1.060644865854156e-06
sub-455675,ses-6mo,5,Left-Inf-Lat-Vent,Dice,0.0
sub-455675,ses-6mo,5,Left-Inf-Lat-Vent,IoU,0.0
sub-455675,ses-6mo,5,Left-Inf-Lat-Vent,Hausdorff,29.597297173897484
sub-455675,ses-6mo,5,Left-Inf-Lat-Vent,HD95,26.63542881011963
sub-455675,ses-6mo,5,Left-Inf-Lat-Vent,MI,3.6253107494081324e-09
sub-455675,ses-6mo,5,Left-Inf-Lat-Vent,NMI,5.532913684135597e-06
sub-455675,ses-6mo,58,Right-Accumbens-area,Dice,0.0
sub-455675,ses-6mo,58,Right-Accumbens-area,IoU,0.0
sub-455675,ses-6mo,58,Right-Accumbens-area,Hausdorff,18.384776310850235
sub-455675,ses-6mo,58,Right-Accumbens-area,HD95,16.04030318260192
sub-455675,ses-6mo,58,Right-Accumbens-area,MI,3.428755296667422e-09
sub-455675,ses-6mo,58,Right-Accumbens-area,NMI,5.426679407819361e-06
sub-455675,ses-6mo,17,Left-Hippocampus,Dice,0.0
sub-455675,ses-6mo,17,Left-Hippocampus,IoU,0.0
sub-455675,ses-6mo,17,Left-Hippocampus,Hausdorff,29.171904291629644
sub-455675,ses-6mo,17,Left-Hippocampus,HD95,23.934280681610097
sub-455675,ses-6mo,17,Left-Hippocampus,MI,1.1853674151886696e-07
sub-455675,ses-6mo,17,Left-Hippocampus,NMI,3.551301856539112e-05
sub-455675,ses-6mo,53,Right-Hippocampus,Dice,0.0
sub-455675,ses-6mo,53,Right-Hippocampus,IoU,0.0
sub-455675,ses-6mo,53,Right-Hippocampus,Hausdorff,29.9833287011299
sub-455675,ses-6mo,53,Right-Hippocampus,HD95,23.72762107849121
sub-455675,ses-6mo,53,Right-Hippocampus,MI,1.533726292696951e-07
sub-455675,ses-6mo,53,Right-Hippocampus,NMI,4.212847705454714e-05
sub-455675,ses-6mo,10,Left-Thalamus,Dice,0.3250436562895165
sub-455675,ses-6mo,10,Left-Thalamus,IoU,0.19406097210238712
sub-455675,ses-6mo,10,Left-Thalamus,Hausdorff,22.561028345356956
sub-455675,ses-6mo,10,Left-Thalamus,HD95,16.492422103881836
sub-455675,ses-6mo,10,Left-Thalamus,MI,0.0018903972760611876
sub-455675,ses-6mo,10,Left-Thalamus,NMI,0.21205007838911752
sub-455675,ses-6mo,12,Left-Putamen,Dice,0.32612456747404844
sub-455675,ses-6mo,12,Left-Putamen,IoU,0.19483204134366924
sub-455675,ses-6mo,12,Left-Putamen,Hausdorff,17.233687939614086
sub-455675,ses-6mo,12,Left-Putamen,HD95,12.529964447021484
sub-455675,ses-6mo,12,Left-Putamen,MI,0.0011974036426595715
sub-455675,ses-6mo,12,Left-Putamen,NMI,0.22498596429531978
sub-455675,ses-6mo,52,Right-Pallidum,Dice,0.04904831625183016
sub-455675,ses-6mo,52,Right-Pallidum,IoU,0.025140712945590993
sub-455675,ses-6mo,52,Right-Pallidum,Hausdorff,13.076696830622021
sub-455675,ses-6mo,52,Right-Pallidum,HD95,11.224971771240234
sub-455675,ses-6mo,52,Right-Pallidum,MI,4.283666280355921e-05
sub-455675,ses-6mo,52,Right-Pallidum,NMI,0.023661691331625014
sub-455675,ses-6mo,8,Left-Cerebellum-Cortex,Dice,0.1262594218714311
sub-455675,ses-6mo,8,Left-Cerebellum-Cortex,IoU,0.0673836193468868
sub-455675,ses-6mo,8,Left-Cerebellum-Cortex,Hausdorff,37.17526059088221
sub-455675,ses-6mo,8,Left-Cerebellum-Cortex,HD95,26.495283126831055
sub-455675,ses-6mo,8,Left-Cerebellum-Cortex,MI,0.0015983123136434716
sub-455675,ses-6mo,8,Left-Cerebellum-Cortex,NMI,0.047228131481268275
sub-455675,ses-6mo,11,Left-Caudate,Dice,0.5853934704661257
sub-455675,ses-6mo,11,Left-Caudate,IoU,0.41382070437566704
sub-455675,ses-6mo,11,Left-Caudate,Hausdorff,14.866068747318506
sub-455675,ses-6mo,11,Left-Caudate,HD95,5.966431999206535
sub-455675,ses-6mo,11,Left-Caudate,MI,0.0015309891087786675
sub-455675,ses-6mo,11,Left-Caudate,NMI,0.4682964769529658
sub-455675,ses-6mo,3,Left-Cerebral-Cortex,Dice,0.2419094692334557
sub-455675,ses-6mo,3,Left-Cerebral-Cortex,IoU,0.13759784550342857
sub-455675,ses-6mo,3,Left-Cerebral-Cortex,Hausdorff,49.05099387372289
sub-455675,ses-6mo,3,Left-Cerebral-Cortex,HD95,15.394804000854492
sub-455675,ses-6mo,3,Left-Cerebral-Cortex,MI,0.009916847527574123
sub-455675,ses-6mo,3,Left-Cerebral-Cortex,NMI,0.08249862715139565
sub-455675,ses-6mo,77,WM-hypointensities,Dice,0.0
sub-455675,ses-6mo,77,WM-hypointensities,IoU,0.0
sub-455675,ses-6mo,77,WM-hypointensities,Hausdorff,93.72833082905083
sub-455675,ses-6mo,77,WM-hypointensities,HD95,80.46334762573242
sub-455675,ses-6mo,77,WM-hypointensities,MI,3.2030546708031795e-11
sub-455675,ses-6mo,77,WM-hypointensities,NMI,2.9524854622906138e-08
sub-455675,ses-6mo,4,Left-Lateral-Ventricle,Dice,0.5549674882806593
sub-455675,ses-6mo,4,Left-Lateral-Ventricle,IoU,0.3840519045625785
sub-455675,ses-6mo,4,Left-Lateral-Ventricle,Hausdorff,22.494443758403985
sub-455675,ses-6mo,4,Left-Lateral-Ventricle,HD95,12.688577651977539
sub-455675,ses-6mo,4,Left-Lateral-Ventricle,MI,0.004622554210353
sub-455675,ses-6mo,4,Left-Lateral-Ventricle,NMI,0.4472346501571488
sub-455675,ses-6mo,18,Left-Amygdala,Dice,0.0
sub-455675,ses-6mo,18,Left-Amygdala,IoU,0.0
sub-455675,ses-6mo,18,Left-Amygdala,Hausdorff,29.9833287011299
sub-455675,ses-6mo,18,Left-Amygdala,HD95,26.9035171508789
sub-455675,ses-6mo,18,Left-Amygdala,MI,4.573351832621534e-08
sub-455675,ses-6mo,18,Left-Amygdala,NMI,2.2224811130756572e-05
sub-455675,ses-6mo,44,Right-Inf-Lat-Vent,Dice,0.0
sub-455675,ses-6mo,44,Right-Inf-Lat-Vent,IoU,0.0
sub-455675,ses-6mo,44,Right-Inf-Lat-Vent,Hausdorff,29.120439557122072
sub-455675,ses-6mo,44,Right-Inf-Lat-Vent,HD95,25.729360580444336
sub-455675,ses-6mo,44,Right-Inf-Lat-Vent,MI,1.7857759282001884e-09
sub-455675,ses-6mo,44,Right-Inf-Lat-Vent,NMI,3.587701843650306e-06
sub-455675,ses-6mo,47,Right-Cerebellum-Cortex,Dice,0.14537919408087288
sub-455675,ses-6mo,47,Right-Cerebellum-Cortex,IoU,0.0783875569695363
sub-455675,ses-6mo,47,Right-Cerebellum-Cortex,Hausdorff,35.58089374931439
sub-455675,ses-6mo,47,Right-Cerebellum-Cortex,HD95,25.961509704589844
sub-455675,ses-6mo,47,Right-Cerebellum-Cortex,MI,0.002075986230823372
sub-455675,ses-6mo,47,Right-Cerebellum-Cortex,NMI,0.05740713630957316
sub-455675,ses-6mo,13,Left-Pallidum,Dice,0.030303030303030304
sub-455675,ses-6mo,13,Left-Pallidum,IoU,0.015384615384615385
sub-455675,ses-6mo,13,Left-Pallidum,Hausdorff,16.673332000533065
sub-455675,ses-6mo,13,Left-Pallidum,HD95,12.165525436401367
sub-455675,ses-6mo,13,Left-Pallidum,MI,2.6005709261858262e-05
sub-455675,ses-6mo,13,Left-Pallidum,NMI,0.012823850687864171
sub-455675,ses-6mo,60,Right-VentralDC,Dice,0.00030193236714975844
sub-455675,ses-6mo,60,Right-VentralDC,IoU,0.00015098897780462027
sub-455675,ses-6mo,60,Right-VentralDC,Hausdorff,26.419689627245813
sub-455675,ses-6mo,60,Right-VentralDC,HD95,20.842255783081047
sub-455675,ses-6mo,60,Right-VentralDC,MI,1.1313764679939349e-08
sub-455675,ses-6mo,60,Right-VentralDC,NMI,2.8459306049188006e-06
sub-455675,ses-6mo,49,Right-Thalamus,Dice,0.3306560431793356
sub-455675,ses-6mo,49,Right-Thalamus,IoU,0.1980754426481909
sub-455675,ses-6mo,49,Right-Thalamus,Hausdorff,23.874672772626646
sub-455675,ses-6mo,49,Right-Thalamus,HD95,16.093477249145508
sub-455675,ses-6mo,49,Right-Thalamus,MI,0.001831800508295098
sub-455675,ses-6mo,49,Right-Thalamus,NMI,0.2173819253381729
sub-455675,ses-6mo,54,Right-Amygdala,Dice,0.0
sub-455675,ses-6mo,54,Right-Amygdala,IoU,0.0
sub-455675,ses-6mo,54,Right-Amygdala,Hausdorff,28.74021572639983
sub-455675,ses-6mo,54,Right-Amygdala,HD95,25.24777011871338
sub-455675,ses-6mo,54,Right-Amygdala,MI,3.8031626369765086e-08
sub-455675,ses-6mo,54,Right-Amygdala,NMI,1.9796466372636248e-05
sub-455675,ses-6mo,24,CSF,Dice,0.0007134784283269878
sub-455675,ses-6mo,24,CSF,IoU,0.0003568665224462726
sub-455675,ses-6mo,24,CSF,Hausdorff,87.3040663428686
sub-455675,ses-6mo,24,CSF,HD95,74.52650451660145
sub-455675,ses-6mo,24,CSF,MI,9.275393608730809e-06
sub-455675,ses-6mo,24,CSF,NMI,0.00010262740912872637
sub-455675,ses-6mo,16,Brain-Stem,Dice,0.12567592765243335
sub-455675,ses-6mo,16,Brain-Stem,IoU,0.06705133306804616
sub-455675,ses-6mo,16,Brain-Stem,Hausdorff,39.35733730830886
sub-455675,ses-6mo,16,Brain-Stem,HD95,32.588340759277344
sub-455675,ses-6mo,16,Brain-Stem,MI,0.000913521876245799
sub-455675,ses-6mo,16,Brain-Stem,NMI,0.05800200310164438
sub-455675,ses-6mo,50,Right-Caudate,Dice,0.6041166380789023
sub-455675,ses-6mo,50,Right-Caudate,IoU,0.4327844679282379
sub-455675,ses-6mo,50,Right-Caudate,Hausdorff,10.04987562112089
sub-455675,ses-6mo,50,Right-Caudate,HD95,6.164413928985596
sub-455675,ses-6mo,50,Right-Caudate,MI,0.0017306099388151334
sub-455675,ses-6mo,50,Right-Caudate,NMI,0.4863549353357816
sub-455675,ses-6mo,30,Left-vessel,Dice,0.0
sub-455675,ses-6mo,30,Left-vessel,IoU,0.0
sub-455675,ses-6mo,30,Left-vessel,Hausdorff,16.76305461424021
sub-455675,ses-6mo,30,Left-vessel,HD95,15.728926944732665
sub-455675,ses-6mo,30,Left-vessel,MI,7.73262533309573e-11
sub-455675,ses-6mo,30,Left-vessel,NMI,3.989039103989712e-07
sub-455675,ses-6mo,31,Left-choroid-plexus,Dice,0.0020242914979757085
sub-455675,ses-6mo,31,Left-choroid-plexus,IoU,0.0010131712259371835
sub-455675,ses-6mo,31,Left-choroid-plexus,Hausdorff,18.0
sub-455675,ses-6mo,31,Left-choroid-plexus,HD95,14.60133094787597
sub-455675,ses-6mo,31,Left-choroid-plexus,MI,3.4358906292209267e-07
sub-455675,ses-6mo,31,Left-choroid-plexus,NMI,0.0004755778391409154
sub-455675,ses-6mo,28,Left-VentralDC,Dice,0.0
sub-455675,ses-6mo,28,Left-VentralDC,IoU,0.0
sub-455675,ses-6mo,28,Left-VentralDC,Hausdorff,25.729360660537214
sub-455675,ses-6mo,28,Left-VentralDC,HD95,21.020226669311523
sub-455675,ses-6mo,28,Left-VentralDC,MI,1.881068047378297e-07
sub-455675,ses-6mo,28,Left-VentralDC,NMI,4.813987519720812e-05
sub-455675,ses-6mo,15,4th-Ventricle,Dice,0.0
sub-455675,ses-6mo,15,4th-Ventricle,IoU,0.0
sub-455675,ses-6mo,15,4th-Ventricle,Hausdorff,36.359317925395686
sub-455675,ses-6mo,15,4th-Ventricle,HD95,29.561764717102037
sub-455675,ses-6mo,15,4th-Ventricle,MI,5.190068416629102e-08
sub-455675,ses-6mo,15,4th-Ventricle,NMI,2.2071486158189294e-05
sub-455675,ses-6mo,2,Left-Cerebral-White-Matter,Dice,0.5618003273322423
sub-455675,ses-6mo,2,Left-Cerebral-White-Matter,IoU,0.3906274893597651
sub-455675,ses-6mo,2,Left-Cerebral-White-Matter,Hausdorff,99.20685460188726
sub-455675,ses-6mo,2,Left-Cerebral-White-Matter,HD95,11.0
sub-455675,ses-6mo,2,Left-Cerebral-White-Matter,MI,0.04845421961604449
sub-455675,ses-6mo,2,Left-Cerebral-White-Matter,NMI,0.36734787740163305
sub-455675,ses-6mo,41,Right-Cerebral-White-Matter,Dice,0.6240845119426613
sub-455675,ses-6mo,41,Right-Cerebral-White-Matter,IoU,0.4535776487433898
sub-455675,ses-6mo,41,Right-Cerebral-White-Matter,Hausdorff,30.659419433511783
sub-455675,ses-6mo,41,Right-Cerebral-White-Matter,HD95,8.246211051940918
sub-455675,ses-6mo,41,Right-Cerebral-White-Matter,MI,0.05863486232067337
sub-455675,ses-6mo,41,Right-Cerebral-White-Matter,NMI,0.4182288799589211
sub-455675,ses-6mo,14,3rd-Ventricle,Dice,0.023707606190319395
sub-455675,ses-6mo,14,3rd-Ventricle,IoU,0.011996001332889037
sub-455675,ses-6mo,14,3rd-Ventricle,Hausdorff,19.44222209522358
sub-455675,ses-6mo,14,3rd-Ventricle,HD95,13.601470947265625
sub-455675,ses-6mo,14,3rd-Ventricle,MI,2.0769754040480165e-05
sub-455675,ses-6mo,14,3rd-Ventricle,NMI,0.010629692556052239
sub-455675,ses-6mo,63,Right-choroid-plexus,Dice,0.00468384074941452
sub-455675,ses-6mo,63,Right-choroid-plexus,IoU,0.002347417840375587
sub-455675,ses-6mo,63,Right-choroid-plexus,Hausdorff,21.118712081942874
sub-455675,ses-6mo,63,Right-choroid-plexus,HD95,13.152946472167969
sub-455675,ses-6mo,63,Right-choroid-plexus,MI,1.2541642623958964e-06
sub-455675,ses-6mo,63,Right-choroid-plexus,NMI,0.0013706665050711032
sub-455675,ses-6mo,26,Left-Accumbens-area,Dice,0.0
sub-455675,ses-6mo,26,Left-Accumbens-area,IoU,0.0
sub-455675,ses-6mo,26,Left-Accumbens-area,Hausdorff,18.973665961010276
sub-455675,ses-6mo,26,Left-Accumbens-area,HD95,16.67333221435547
sub-455675,ses-6mo,26,Left-Accumbens-area,MI,3.905074213159717e-09
sub-455675,ses-6mo,26,Left-Accumbens-area,NMI,5.625878418798527e-06
sub-455675,ses-6mo,46,Right-Cerebellum-White-Matter,Dice,0.0011409478016380752
sub-455675,ses-6mo,46,Right-Cerebellum-White-Matter,IoU,0.0005707995270518205
sub-455675,ses-6mo,46,Right-Cerebellum-White-Matter,Hausdorff,38.65229618017538
sub-455675,ses-6mo,46,Right-Cerebellum-White-Matter,HD95,28.792360305786133
sub-455675,ses-6mo,46,Right-Cerebellum-White-Matter,MI,1.2194924940057446e-07
sub-455675,ses-6mo,46,Right-Cerebellum-White-Matter,NMI,9.770188786608973e-06
sub-455675,ses-6mo,7,Left-Cerebellum-White-Matter,Dice,0.001032746675846637
sub-455675,ses-6mo,7,Left-Cerebellum-White-Matter,IoU,0.0005166401171050932
sub-455675,ses-6mo,7,Left-Cerebellum-White-Matter,Hausdorff,39.05124837953327
sub-455675,ses-6mo,7,Left-Cerebellum-White-Matter,HD95,28.705400466918945
sub-455675,ses-6mo,7,Left-Cerebellum-White-Matter,MI,1.162264141442524e-07
sub-455675,ses-6mo,7,Left-Cerebellum-White-Matter,NMI,9.77844454121707e-06
sub-380056,ses-7mo,51,Right-Putamen,Dice,0.6194566170026292
sub-380056,ses-7mo,51,Right-Putamen,IoU,0.44870492635855763
sub-380056,ses-7mo,51,Right-Putamen,Hausdorff,9.273618495495704
sub-380056,ses-7mo,51,Right-Putamen,HD95,5.916079998016357
sub-380056,ses-7mo,51,Right-Putamen,MI,0.003284767030001975
sub-380056,ses-7mo,51,Right-Putamen,NMI,0.5130037824127179
sub-380056,ses-7mo,42,Right-Cerebral-Cortex,Dice,0.31050905130468964
sub-380056,ses-7mo,42,Right-Cerebral-Cortex,IoU,0.18378852609093682
sub-380056,ses-7mo,42,Right-Cerebral-Cortex,Hausdorff,20.46948949045872
sub-380056,ses-7mo,42,Right-Cerebral-Cortex,HD95,7.211102485656738
sub-380056,ses-7mo,42,Right-Cerebral-Cortex,MI,0.016672744052007457
sub-380056,ses-7mo,42,Right-Cerebral-Cortex,NMI,0.11712571826316209
sub-380056,ses-7mo,43,Right-Lateral-Ventricle,Dice,0.7607734108429167
sub-380056,ses-7mo,43,Right-Lateral-Ventricle,IoU,0.6139098511115644
sub-380056,ses-7mo,43,Right-Lateral-Ventricle,Hausdorff,11.661903789690601
sub-380056,ses-7mo,43,Right-Lateral-Ventricle,HD95,3.1622776985168457
sub-380056,ses-7mo,43,Right-Lateral-Ventricle,MI,0.005649505853537584
sub-380056,ses-7mo,43,Right-Lateral-Ventricle,NMI,0.6608282644653942
sub-380056,ses-7mo,85,Optic-Chiasm,Dice,0.125
sub-380056,ses-7mo,85,Optic-Chiasm,IoU,0.06666666666666667
sub-380056,ses-7mo,85,Optic-Chiasm,Hausdorff,12.529964086141668
sub-380056,ses-7mo,85,Optic-Chiasm,HD95,11.180339813232422
sub-380056,ses-7mo,85,Optic-Chiasm,MI,1.8743112545239404e-05
sub-380056,ses-7mo,85,Optic-Chiasm,NMI,0.08386331519694809
sub-380056,ses-7mo,62,Right-vessel,Dice,0.21621621621621623
sub-380056,ses-7mo,62,Right-vessel,IoU,0.12121212121212122
sub-380056,ses-7mo,62,Right-vessel,Hausdorff,5.830951894845301
sub-380056,ses-7mo,62,Right-vessel,HD95,4.375517368316645
sub-380056,ses-7mo,62,Right-vessel,MI,5.884905392060676e-06
sub-380056,ses-7mo,62,Right-vessel,NMI,0.1657701062332549
sub-380056,ses-7mo,5,Left-Inf-Lat-Vent,Dice,0.2783882783882784
sub-380056,ses-7mo,5,Left-Inf-Lat-Vent,IoU,0.16170212765957448
sub-380056,ses-7mo,5,Left-Inf-Lat-Vent,Hausdorff,16.431676725154983
sub-380056,ses-7mo,5,Left-Inf-Lat-Vent,HD95,5.074264645576477
sub-380056,ses-7mo,5,Left-Inf-Lat-Vent,MI,8.961608727831992e-05
sub-380056,ses-7mo,5,Left-Inf-Lat-Vent,NMI,0.21381102249184428
sub-380056,ses-7mo,58,Right-Accumbens-area,Dice,0.011961722488038277
sub-380056,ses-7mo,58,Right-Accumbens-area,IoU,0.006016847172081829
sub-380056,ses-7mo,58,Right-Accumbens-area,Hausdorff,18.384776310850235
sub-380056,ses-7mo,58,Right-Accumbens-area,HD95,7.0
sub-380056,ses-7mo,58,Right-Accumbens-area,MI,3.0259728034615585e-06
sub-380056,ses-7mo,58,Right-Accumbens-area,NMI,0.004864552883321667
sub-380056,ses-7mo,17,Left-Hippocampus,Dice,0.5045477947485841
sub-380056,ses-7mo,17,Left-Hippocampus,IoU,0.33738811108560934
sub-380056,ses-7mo,17,Left-Hippocampus,Hausdorff,12.24744871391589
sub-380056,ses-7mo,17,Left-Hippocampus,HD95,6.4031243324279785
sub-380056,ses-7mo,17,Left-Hippocampus,MI,0.001433526424900401
sub-380056,ses-7mo,17,Left-Hippocampus,NMI,0.4058952538491239
sub-380056,ses-7mo,53,Right-Hippocampus,Dice,0.5355898456943753
sub-380056,ses-7mo,53,Right-Hippocampus,IoU,0.36573759347382734
sub-380056,ses-7mo,53,Right-Hippocampus,Hausdorff,10.954451150103322
sub-380056,ses-7mo,53,Right-Hippocampus,HD95,5.74456262588501
sub-380056,ses-7mo,53,Right-Hippocampus,MI,0.0015977089242263226
sub-380056,ses-7mo,53,Right-Hippocampus,NMI,0.43910172357724303
sub-380056,ses-7mo,10,Left-Thalamus,Dice,0.8436018957345972
sub-380056,ses-7mo,10,Left-Thalamus,IoU,0.7295081967213115
sub-380056,ses-7mo,10,Left-Thalamus,Hausdorff,6.0
sub-380056,ses-7mo,10,Left-Thalamus,HD95,2.4494898319244385
sub-380056,ses-7mo,10,Left-Thalamus,MI,0.00520414832403468
sub-380056,ses-7mo,10,Left-Thalamus,NMI,0.7611826109297566
sub-380056,ses-7mo,12,Left-Putamen,Dice,0.5505356311131812
sub-380056,ses-7mo,12,Left-Putamen,IoU,0.37982005141388175
sub-380056,ses-7mo,12,Left-Putamen,Hausdorff,10.44030650891055
sub-380056,ses-7mo,12,Left-Putamen,HD95,7.348469257354736
sub-380056,ses-7mo,12,Left-Putamen,MI,0.0026881008811413983
sub-380056,ses-7mo,12,Left-Putamen,NMI,0.44360406029941707
sub-380056,ses-7mo,52,Right-Pallidum,Dice,0.7035319300749198
sub-380056,ses-7mo,52,Right-Pallidum,IoU,0.542652724270776
sub-380056,ses-7mo,52,Right-Pallidum,Hausdorff,5.0990195135927845
sub-380056,ses-7mo,52,Right-Pallidum,HD95,3.0
sub-380056,ses-7mo,52,Right-Pallidum,MI,0.0011192831152197923
sub-380056,ses-7mo,52,Right-Pallidum,NMI,0.604293766004072
sub-380056,ses-7mo,8,Left-Cerebellum-Cortex,Dice,0.29762153503273436
sub-380056,ses-7mo,8,Left-Cerebellum-Cortex,IoU,0.17482689140951815
sub-380056,ses-7mo,8,Left-Cerebellum-Cortex,Hausdorff,25.337718918639855
sub-380056,ses-7mo,8,Left-Cerebellum-Cortex,HD95,19.26136016845703
sub-380056,ses-7mo,8,Left-Cerebellum-Cortex,MI,0.007346745036663594
sub-380056,ses-7mo,8,Left-Cerebellum-Cortex,NMI,0.15971457054197108
sub-380056,ses-7mo,11,Left-Caudate,Dice,0.7701842546063652
sub-380056,ses-7mo,11,Left-Caudate,IoU,0.6262598746935439
sub-380056,ses-7mo,11,Left-Caudate,Hausdorff,6.4031242374328485
sub-380056,ses-7mo,11,Left-Caudate,HD95,2.2360680103302
sub-380056,ses-7mo,11,Left-Caudate,MI,0.0024435235319484206
sub-380056,ses-7mo,11,Left-Caudate,NMI,0.6726075903311792
sub-380056,ses-7mo,3,Left-Cerebral-Cortex,Dice,0.3283552110021561
sub-380056,ses-7mo,3,Left-Cerebral-Cortex,IoU,0.19642642573546143
sub-380056,ses-7mo,3,Left-Cerebral-Cortex,Hausdorff,21.307275752662516
sub-380056,ses-7mo,3,Left-Cerebral-Cortex,HD95,7.071067810058594
sub-380056,ses-7mo,3,Left-Cerebral-Cortex,MI,0.018426306913351224
sub-380056,ses-7mo,3,Left-Cerebral-Cortex,NMI,0.12889276689803758
sub-380056,ses-7mo,77,WM-hypointensities,Dice,0.0031496062992125984
sub-380056,ses-7mo,77,WM-hypointensities,IoU,0.0015772870662460567
sub-380056,ses-7mo,77,WM-hypointensities,Hausdorff,94.5462849613881
sub-380056,ses-7mo,77,WM-hypointensities,HD95,84.93438873291015
sub-380056,ses-7mo,77,WM-hypointensities,MI,6.316879482286681e-07
sub-380056,ses-7mo,77,WM-hypointensities,NMI,0.0013544949387223702
sub-380056,ses-7mo,4,Left-Lateral-Ventricle,Dice,0.762948606562855
sub-380056,ses-7mo,4,Left-Lateral-Ventricle,IoU,0.6167477039438142
sub-380056,ses-7mo,4,Left-Lateral-Ventricle,Hausdorff,10.770329614269007
sub-380056,ses-7mo,4,Left-Lateral-Ventricle,HD95,2.4494898319244385
sub-380056,ses-7mo,4,Left-Lateral-Ventricle,MI,0.00550982954798321
sub-380056,ses-7mo,4,Left-Lateral-Ventricle,NMI,0.6776421662138846
sub-380056,ses-7mo,18,Left-Amygdala,Dice,0.3049962714392245
sub-380056,ses-7mo,18,Left-Amygdala,IoU,0.17993840739111305
sub-380056,ses-7mo,18,Left-Amygdala,Hausdorff,15.231546211727817
sub-380056,ses-7mo,18,Left-Amygdala,HD95,12.083045959472656
sub-380056,ses-7mo,18,Left-Amygdala,MI,0.00038604311031232154
sub-380056,ses-7mo,18,Left-Amygdala,NMI,0.21727014690527663
sub-380056,ses-7mo,44,Right-Inf-Lat-Vent,Dice,0.4252252252252252
sub-380056,ses-7mo,44,Right-Inf-Lat-Vent,IoU,0.2700228832951945
sub-380056,ses-7mo,44,Right-Inf-Lat-Vent,Hausdorff,9.433981132056603
sub-380056,ses-7mo,44,Right-Inf-Lat-Vent,HD95,4.242640495300293
sub-380056,ses-7mo,44,Right-Inf-Lat-Vent,MI,0.00014550626752672614
sub-380056,ses-7mo,44,Right-Inf-Lat-Vent,NMI,0.3398275334124331
sub-380056,ses-7mo,47,Right-Cerebellum-Cortex,Dice,0.3237505125518247
sub-380056,ses-7mo,47,Right-Cerebellum-Cortex,IoU,0.1931398130028267
sub-380056,ses-7mo,47,Right-Cerebellum-Cortex,Hausdorff,22.360679774997898
sub-380056,ses-7mo,47,Right-Cerebellum-Cortex,HD95,18.029141426086404
sub-380056,ses-7mo,47,Right-Cerebellum-Cortex,MI,0.007936913719320487
sub-380056,ses-7mo,47,Right-Cerebellum-Cortex,NMI,0.1787520840241783
sub-380056,ses-7mo,13,Left-Pallidum,Dice,0.6349591033020296
sub-380056,ses-7mo,13,Left-Pallidum,IoU,0.46515756768752775
sub-380056,ses-7mo,13,Left-Pallidum,Hausdorff,6.324555320336759
sub-380056,ses-7mo,13,Left-Pallidum,HD95,3.605551242828369
sub-380056,ses-7mo,13,Left-Pallidum,MI,0.0011352654781863066
sub-380056,ses-7mo,13,Left-Pallidum,NMI,0.529828898511127
sub-380056,ses-7mo,60,Right-VentralDC,Dice,0.8112008246005841
sub-380056,ses-7mo,60,Right-VentralDC,IoU,0.6823699421965318
sub-380056,ses-7mo,60,Right-VentralDC,Hausdorff,5.0990195135927845
sub-380056,ses-7mo,60,Right-VentralDC,HD95,2.0
sub-380056,ses-7mo,60,Right-VentralDC,MI,0.0025608231933934374
sub-380056,ses-7mo,60,Right-VentralDC,NMI,0.7206655549899381
sub-380056,ses-7mo,49,Right-Thalamus,Dice,0.8467372281023419
sub-380056,ses-7mo,49,Right-Thalamus,IoU,0.7342101459748519
sub-380056,ses-7mo,49,Right-Thalamus,Hausdorff,3.605551275463989
sub-380056,ses-7mo,49,Right-Thalamus,HD95,2.2360680103302
sub-380056,ses-7mo,49,Right-Thalamus,MI,0.0051912091929914575
sub-380056,ses-7mo,49,Right-Thalamus,NMI,0.7728790922187769
sub-380056,ses-7mo,54,Right-Amygdala,Dice,0.38565368299267255
sub-380056,ses-7mo,54,Right-Amygdala,IoU,0.23889154323936931
sub-380056,ses-7mo,54,Right-Amygdala,Hausdorff,13.038404810405298
sub-380056,ses-7mo,54,Right-Amygdala,HD95,10.344079971313477
sub-380056,ses-7mo,54,Right-Amygdala,MI,0.0005053920575171099
sub-380056,ses-7mo,54,Right-Amygdala,NMI,0.2940023518856822
sub-380056,ses-7mo,24,CSF,Dice,0.003327893215656598
sub-380056,ses-7mo,24,CSF,IoU,0.0016667199408200262
sub-380056,ses-7mo,24,CSF,Hausdorff,88.37986195961159
sub-380056,ses-7mo,24,CSF,HD95,74.20916748046875
sub-380056,ses-7mo,24,CSF,MI,0.00020281433564120737
sub-380056,ses-7mo,24,CSF,NMI,0.001763286394097858
sub-380056,ses-7mo,16,Brain-Stem,Dice,0.880054417655506
sub-380056,ses-7mo,16,Brain-Stem,IoU,0.7858010527736536
sub-380056,ses-7mo,16,Brain-Stem,Hausdorff,10.770329614269007
sub-380056,ses-7mo,16,Brain-Stem,HD95,4.242640495300293
sub-380056,ses-7mo,16,Brain-Stem,MI,0.010646994222530322
sub-380056,ses-7mo,16,Brain-Stem,NMI,0.795903366957652
sub-380056,ses-7mo,50,Right-Caudate,Dice,0.8069913355243502
sub-380056,ses-7mo,50,Right-Caudate,IoU,0.6764337590783872
sub-380056,ses-7mo,50,Right-Caudate,Hausdorff,4.69041575982343
sub-380056,ses-7mo,50,Right-Caudate,HD95,2.2360680103302
sub-380056,ses-7mo,50,Right-Caudate,MI,0.0028843836975253707
sub-380056,ses-7mo,50,Right-Caudate,NMI,0.7175004833683112
sub-380056,ses-7mo,30,Left-vessel,Dice,0.041666666666666664
sub-380056,ses-7mo,30,Left-vessel,IoU,0.02127659574468085
sub-380056,ses-7mo,30,Left-vessel,Hausdorff,13.0
sub-380056,ses-7mo,30,Left-vessel,HD95,8.490782451629638
sub-380056,ses-7mo,30,Left-vessel,MI,1.1870444073194158e-06
sub-380056,ses-7mo,30,Left-vessel,NMI,0.02631684066434085
sub-380056,ses-7mo,31,Left-choroid-plexus,Dice,0.21728187919463088
sub-380056,ses-7mo,31,Left-choroid-plexus,IoU,0.12188235294117647
sub-380056,ses-7mo,31,Left-choroid-plexus,Hausdorff,8.774964387392123
sub-380056,ses-7mo,31,Left-choroid-plexus,HD95,6.164413928985596
sub-380056,ses-7mo,31,Left-choroid-plexus,MI,0.00024746758491628405
sub-380056,ses-7mo,31,Left-choroid-plexus,NMI,0.1569461545622543
sub-380056,ses-7mo,28,Left-VentralDC,Dice,0.7467362924281984
sub-380056,ses-7mo,28,Left-VentralDC,IoU,0.5958333333333333
sub-380056,ses-7mo,28,Left-VentralDC,Hausdorff,5.385164807134504
sub-380056,ses-7mo,28,Left-VentralDC,HD95,2.4494898319244385
sub-380056,ses-7mo,28,Left-VentralDC,MI,0.002263395903328413
sub-380056,ses-7mo,28,Left-VentralDC,NMI,0.6445471372841716
sub-380056,ses-7mo,15,4th-Ventricle,Dice,0.5432343234323432
sub-380056,ses-7mo,15,4th-Ventricle,IoU,0.3729043951064794
sub-380056,ses-7mo,15,4th-Ventricle,Hausdorff,21.0
sub-380056,ses-7mo,15,4th-Ventricle,HD95,13.315393352508544
sub-380056,ses-7mo,15,4th-Ventricle,MI,0.0008925397921780642
sub-380056,ses-7mo,15,4th-Ventricle,NMI,0.4519544038252229
sub-380056,ses-7mo,2,Left-Cerebral-White-Matter,Dice,0.6292269174427454
sub-380056,ses-7mo,2,Left-Cerebral-White-Matter,IoU,0.45903069257012774
sub-380056,ses-7mo,2,Left-Cerebral-White-Matter,Hausdorff,17.804493814764857
sub-380056,ses-7mo,2,Left-Cerebral-White-Matter,HD95,4.582575798034668
sub-380056,ses-7mo,2,Left-Cerebral-White-Matter,MI,0.062049103149712084
sub-380056,ses-7mo,2,Left-Cerebral-White-Matter,NMI,0.43511072297342096
sub-380056,ses-7mo,41,Right-Cerebral-White-Matter,Dice,0.634043020471257
sub-380056,ses-7mo,41,Right-Cerebral-White-Matter,IoU,0.46417495570761147
sub-380056,ses-7mo,41,Right-Cerebral-White-Matter,Hausdorff,16.97056274847714
sub-380056,ses-7mo,41,Right-Cerebral-White-Matter,HD95,4.898979663848877
sub-380056,ses-7mo,41,Right-Cerebral-White-Matter,MI,0.06327162988246095
sub-380056,ses-7mo,41,Right-Cerebral-White-Matter,NMI,0.44247234934866814
sub-380056,ses-7mo,14,3rd-Ventricle,Dice,0.7749469214437368
sub-380056,ses-7mo,14,3rd-Ventricle,IoU,0.6325823223570191
sub-380056,ses-7mo,14,3rd-Ventricle,Hausdorff,6.082762530298219
sub-380056,ses-7mo,14,3rd-Ventricle,HD95,2.0
sub-380056,ses-7mo,14,3rd-Ventricle,MI,0.0009121698156087817
sub-380056,ses-7mo,14,3rd-Ventricle,NMI,0.7044446646892553
sub-380056,ses-7mo,63,Right-choroid-plexus,Dice,0.26649746192893403
sub-380056,ses-7mo,63,Right-choroid-plexus,IoU,0.15373352855051245
sub-380056,ses-7mo,63,Right-choroid-plexus,Hausdorff,18.81488772222678
sub-380056,ses-7mo,63,Right-choroid-plexus,HD95,4.123105525970459
sub-380056,ses-7mo,63,Right-choroid-plexus,MI,0.0003028146605959635
sub-380056,ses-7mo,63,Right-choroid-plexus,NMI,0.19202935910878868
sub-380056,ses-7mo,26,Left-Accumbens-area,Dice,0.006764374295377677
sub-380056,ses-7mo,26,Left-Accumbens-area,IoU,0.003393665158371041
sub-380056,ses-7mo,26,Left-Accumbens-area,Hausdorff,10.295630140987
sub-380056,ses-7mo,26,Left-Accumbens-area,HD95,7.874007701873779
sub-380056,ses-7mo,26,Left-Accumbens-area,MI,1.5710100584287509e-06
sub-380056,ses-7mo,26,Left-Accumbens-area,NMI,0.002398094823705612
sub-380056,ses-7mo,46,Right-Cerebellum-White-Matter,Dice,0.3358236019438602
sub-380056,ses-7mo,46,Right-Cerebellum-White-Matter,IoU,0.20179567642956764
sub-380056,ses-7mo,46,Right-Cerebellum-White-Matter,Hausdorff,14.071247279470288
sub-380056,ses-7mo,46,Right-Cerebellum-White-Matter,HD95,8.774964332580566
sub-380056,ses-7mo,46,Right-Cerebellum-White-Matter,MI,0.0030769739254555787
sub-380056,ses-7mo,46,Right-Cerebellum-White-Matter,NMI,0.22426177832987992
sub-380056,ses-7mo,7,Left-Cerebellum-White-Matter,Dice,0.29192591520764
sub-380056,ses-7mo,7,Left-Cerebellum-White-Matter,IoU,0.17090939895802448
sub-380056,ses-7mo,7,Left-Cerebellum-White-Matter,Hausdorff,17.349351572897472
sub-380056,ses-7mo,7,Left-Cerebellum-White-Matter,HD95,10.816654205322266
sub-380056,ses-7mo,7,Left-Cerebellum-White-Matter,MI,0.002627868782463199
sub-380056,ses-7mo,7,Left-Cerebellum-White-Matter,NMI,0.19200742475074964
sub-401592,ses-6mo,51,Right-Putamen,Dice,0.40098903461621155
sub-401592,ses-6mo,51,Right-Putamen,IoU,0.2507731612209224
sub-401592,ses-6mo,51,Right-Putamen,Hausdorff,17.72004514666935
sub-401592,ses-6mo,51,Right-Putamen,HD95,11.357816696166992
sub-401592,ses-6mo,51,Right-Putamen,MI,0.0015547307114730914
sub-401592,ses-6mo,51,Right-Putamen,NMI,0.29032809780313434
sub-401592,ses-6mo,42,Right-Cerebral-Cortex,Dice,0.2408738250692865
sub-401592,ses-6mo,42,Right-Cerebral-Cortex,IoU,0.13692811152603865
sub-401592,ses-6mo,42,Right-Cerebral-Cortex,Hausdorff,84.85870609430714
sub-401592,ses-6mo,42,Right-Cerebral-Cortex,HD95,10.198039054870605
sub-401592,ses-6mo,42,Right-Cerebral-Cortex,MI,0.009742274778214335
sub-401592,ses-6mo,42,Right-Cerebral-Cortex,NMI,0.08109706989528118
sub-401592,ses-6mo,43,Right-Lateral-Ventricle,Dice,0.540834312573443
sub-401592,ses-6mo,43,Right-Lateral-Ventricle,IoU,0.3706462653513187
sub-401592,ses-6mo,43,Right-Lateral-Ventricle,Hausdorff,14.89966442575134
sub-401592,ses-6mo,43,Right-Lateral-Ventricle,HD95,7.280109882354736
sub-401592,ses-6mo,43,Right-Lateral-Ventricle,MI,0.003353393536941939
sub-401592,ses-6mo,43,Right-Lateral-Ventricle,NMI,0.4516888152111461
sub-401592,ses-6mo,85,Optic-Chiasm,Dice,0.0
sub-401592,ses-6mo,85,Optic-Chiasm,IoU,0.0
sub-401592,ses-6mo,85,Optic-Chiasm,Hausdorff,22.47220505424423
sub-401592,ses-6mo,85,Optic-Chiasm,HD95,20.512109851837153
sub-401592,ses-6mo,85,Optic-Chiasm,MI,1.7647703200992853e-09
sub-401592,ses-6mo,85,Optic-Chiasm,NMI,3.0688754736587234e-06
sub-401592,ses-6mo,62,Right-vessel,Dice,0.0
sub-401592,ses-6mo,62,Right-vessel,IoU,0.0
sub-401592,ses-6mo,62,Right-vessel,Hausdorff,13.601470508735444
sub-401592,ses-6mo,62,Right-vessel,HD95,12.688577651977539
sub-401592,ses-6mo,62,Right-vessel,MI,1.3603236360631532e-10
sub-401592,ses-6mo,62,Right-vessel,NMI,7.704814812237399e-07
sub-401592,ses-6mo,5,Left-Inf-Lat-Vent,Dice,0.01507537688442211
sub-401592,ses-6mo,5,Left-Inf-Lat-Vent,IoU,0.007594936708860759
sub-401592,ses-6mo,5,Left-Inf-Lat-Vent,Hausdorff,23.2163735324878
sub-401592,ses-6mo,5,Left-Inf-Lat-Vent,HD95,19.72308349609375
sub-401592,ses-6mo,5,Left-Inf-Lat-Vent,MI,3.848187856778943e-06
sub-401592,ses-6mo,5,Left-Inf-Lat-Vent,NMI,0.006461468185718037
sub-401592,ses-6mo,58,Right-Accumbens-area,Dice,0.0
sub-401592,ses-6mo,58,Right-Accumbens-area,IoU,0.0
sub-401592,ses-6mo,58,Right-Accumbens-area,Hausdorff,14.035668847618199
sub-401592,ses-6mo,58,Right-Accumbens-area,HD95,10.728366422653194
sub-401592,ses-6mo,58,Right-Accumbens-area,MI,3.2120999545360174e-09
sub-401592,ses-6mo,58,Right-Accumbens-area,NMI,5.2558130925380525e-06
sub-401592,ses-6mo,17,Left-Hippocampus,Dice,0.0
sub-401592,ses-6mo,17,Left-Hippocampus,IoU,0.0
sub-401592,ses-6mo,17,Left-Hippocampus,Hausdorff,25.41653005427767
sub-401592,ses-6mo,17,Left-Hippocampus,HD95,19.80782356262207
sub-401592,ses-6mo,17,Left-Hippocampus,MI,1.7099145806014852e-07
sub-401592,ses-6mo,17,Left-Hippocampus,NMI,4.5406086463584805e-05
sub-401592,ses-6mo,53,Right-Hippocampus,Dice,0.0006542361792607131
sub-401592,ses-6mo,53,Right-Hippocampus,IoU,0.0003272251308900524
sub-401592,ses-6mo,53,Right-Hippocampus,Hausdorff,24.186773244895647
sub-401592,ses-6mo,53,Right-Hippocampus,HD95,18.22633438110351
sub-401592,ses-6mo,53,Right-Hippocampus,MI,3.197442332176912e-08
sub-401592,ses-6mo,53,Right-Hippocampus,NMI,8.65650751462951e-06
sub-401592,ses-6mo,10,Left-Thalamus,Dice,0.4731752386818602
sub-401592,ses-6mo,10,Left-Thalamus,IoU,0.3099080200096821
sub-401592,ses-6mo,10,Left-Thalamus,Hausdorff,12.68857754044952
sub-401592,ses-6mo,10,Left-Thalamus,HD95,8.602325439453125
sub-401592,ses-6mo,10,Left-Thalamus,MI,0.0030128682454206683
sub-401592,ses-6mo,10,Left-Thalamus,NMI,0.34459345537092184
sub-401592,ses-6mo,12,Left-Putamen,Dice,0.29823167097158754
sub-401592,ses-6mo,12,Left-Putamen,IoU,0.17524810274372446
sub-401592,ses-6mo,12,Left-Putamen,Hausdorff,17.52141546793523
sub-401592,ses-6mo,12,Left-Putamen,HD95,12.0
sub-401592,ses-6mo,12,Left-Putamen,MI,0.0011465696736223483
sub-401592,ses-6mo,12,Left-Putamen,NMI,0.19994679564558057
sub-401592,ses-6mo,52,Right-Pallidum,Dice,0.13163636363636363
sub-401592,ses-6mo,52,Right-Pallidum,IoU,0.07045543012845465
sub-401592,ses-6mo,52,Right-Pallidum,Hausdorff,10.954451150103322
sub-401592,ses-6mo,52,Right-Pallidum,HD95,9.219544410705566
sub-401592,ses-6mo,52,Right-Pallidum,MI,0.0001423126989120855
sub-401592,ses-6mo,52,Right-Pallidum,NMI,0.07812726265790047
sub-401592,ses-6mo,8,Left-Cerebellum-Cortex,Dice,0.18530700506458772
sub-401592,ses-6mo,8,Left-Cerebellum-Cortex,IoU,0.10211479604635994
sub-401592,ses-6mo,8,Left-Cerebellum-Cortex,Hausdorff,31.336879231984796
sub-401592,ses-6mo,8,Left-Cerebellum-Cortex,HD95,22.803508758544922
sub-401592,ses-6mo,8,Left-Cerebellum-Cortex,MI,0.003032860902958459
sub-401592,ses-6mo,8,Left-Cerebellum-Cortex,NMI,0.08203614099595466
sub-401592,ses-6mo,11,Left-Caudate,Dice,0.6013306959180004
sub-401592,ses-6mo,11,Left-Caudate,IoU,0.4299305734121882
sub-401592,ses-6mo,11,Left-Caudate,Hausdorff,14.177446878757825
sub-401592,ses-6mo,11,Left-Caudate,HD95,5.74456262588501
sub-401592,ses-6mo,11,Left-Caudate,MI,0.001654799288781182
sub-401592,ses-6mo,11,Left-Caudate,NMI,0.4850828645100601
sub-401592,ses-6mo,3,Left-Cerebral-Cortex,Dice,0.25503754027800024
sub-401592,ses-6mo,3,Left-Cerebral-Cortex,IoU,0.14615646248265524
sub-401592,ses-6mo,3,Left-Cerebral-Cortex,Hausdorff,65.13063795173512
sub-401592,ses-6mo,3,Left-Cerebral-Cortex,HD95,11.045360565185547
sub-401592,ses-6mo,3,Left-Cerebral-Cortex,MI,0.01090623935979139
sub-401592,ses-6mo,3,Left-Cerebral-Cortex,NMI,0.0896217687018351
sub-401592,ses-6mo,4,Left-Lateral-Ventricle,Dice,0.5418683001531394
sub-401592,ses-6mo,4,Left-Lateral-Ventricle,IoU,0.37161821542597884
sub-401592,ses-6mo,4,Left-Lateral-Ventricle,Hausdorff,18.24828759089466
sub-401592,ses-6mo,4,Left-Lateral-Ventricle,HD95,7.8102498054504395
sub-401592,ses-6mo,4,Left-Lateral-Ventricle,MI,0.003913969347006123
sub-401592,ses-6mo,4,Left-Lateral-Ventricle,NMI,0.4500189727701505
sub-401592,ses-6mo,18,Left-Amygdala,Dice,0.0
sub-401592,ses-6mo,18,Left-Amygdala,IoU,0.0
sub-401592,ses-6mo,18,Left-Amygdala,Hausdorff,27.80287754891569
sub-401592,ses-6mo,18,Left-Amygdala,HD95,24.041629791259766
sub-401592,ses-6mo,18,Left-Amygdala,MI,3.11258492666092e-08
sub-401592,ses-6mo,18,Left-Amygdala,NMI,1.746213199896201e-05
sub-401592,ses-6mo,44,Right-Inf-Lat-Vent,Dice,0.06382978723404255
sub-401592,ses-6mo,44,Right-Inf-Lat-Vent,IoU,0.03296703296703297
sub-401592,ses-6mo,44,Right-Inf-Lat-Vent,Hausdorff,23.043437243605826
sub-401592,ses-6mo,44,Right-Inf-Lat-Vent,HD95,19.61375617980957
sub-401592,ses-6mo,44,Right-Inf-Lat-Vent,MI,2.0539267193289135e-05
sub-401592,ses-6mo,44,Right-Inf-Lat-Vent,NMI,0.03631588995561963
sub-401592,ses-6mo,47,Right-Cerebellum-Cortex,Dice,0.17718541748333988
sub-401592,ses-6mo,47,Right-Cerebellum-Cortex,IoU,0.09720430107526881
sub-401592,ses-6mo,47,Right-Cerebellum-Cortex,Hausdorff,30.675723300355934
sub-401592,ses-6mo,47,Right-Cerebellum-Cortex,HD95,22.022714614868164
sub-401592,ses-6mo,47,Right-Cerebellum-Cortex,MI,0.002805350691061737
sub-401592,ses-6mo,47,Right-Cerebellum-Cortex,NMI,0.0766391535237503
sub-401592,ses-6mo,13,Left-Pallidum,Dice,0.11248025276461296
sub-401592,ses-6mo,13,Left-Pallidum,IoU,0.05959156344158018
sub-401592,ses-6mo,13,Left-Pallidum,Hausdorff,12.409673645990857
sub-401592,ses-6mo,13,Left-Pallidum,HD95,9.433980941772461
sub-401592,ses-6mo,13,Left-Pallidum,MI,0.00013234860040025264
sub-401592,ses-6mo,13,Left-Pallidum,NMI,0.06410098236882145
sub-401592,ses-6mo,60,Right-VentralDC,Dice,0.028311425682507583
sub-401592,ses-6mo,60,Right-VentralDC,IoU,0.014358974358974359
sub-401592,ses-6mo,60,Right-VentralDC,Hausdorff,20.12461179749811
sub-401592,ses-6mo,60,Right-VentralDC,HD95,15.306853675842277
sub-401592,ses-6mo,60,Right-VentralDC,MI,3.8182479118192624e-05
sub-401592,ses-6mo,60,Right-VentralDC,NMI,0.010567927546292117
sub-401592,ses-6mo,49,Right-Thalamus,Dice,0.4842405022328652
sub-401592,ses-6mo,49,Right-Thalamus,IoU,0.31947053800170794
sub-401592,ses-6mo,49,Right-Thalamus,Hausdorff,20.149441679609886
sub-401592,ses-6mo,49,Right-Thalamus,HD95,13.573862791061401
sub-401592,ses-6mo,49,Right-Thalamus,MI,0.0029828410595811334
sub-401592,ses-6mo,49,Right-Thalamus,NMI,0.3562368416377194
sub-401592,ses-6mo,54,Right-Amygdala,Dice,0.0035778175313059034
sub-401592,ses-6mo,54,Right-Amygdala,IoU,0.0017921146953405018
sub-401592,ses-6mo,54,Right-Amygdala,Hausdorff,24.49489742783178
sub-401592,ses-6mo,54,Right-Amygdala,HD95,21.777207183837895
sub-401592,ses-6mo,54,Right-Amygdala,MI,1.4422173415026214e-06
sub-401592,ses-6mo,54,Right-Amygdala,NMI,0.0007848328933162961
sub-401592,ses-6mo,24,CSF,Dice,0.001094542587122059
sub-401592,ses-6mo,24,CSF,IoU,0.0005475709634305026
sub-401592,ses-6mo,24,CSF,Hausdorff,91.65696918401787
sub-401592,ses-6mo,24,CSF,HD95,75.42546081542969
sub-401592,ses-6mo,24,CSF,MI,2.4495323415850065e-05
sub-401592,ses-6mo,24,CSF,NMI,0.0002571340486670552
sub-401592,ses-6mo,16,Brain-Stem,Dice,0.2383822554396962
sub-401592,ses-6mo,16,Brain-Stem,IoU,0.13532008074725424
sub-401592,ses-6mo,16,Brain-Stem,Hausdorff,35.888716889852724
sub-401592,ses-6mo,16,Brain-Stem,HD95,30.440098953247016
sub-401592,ses-6mo,16,Brain-Stem,MI,0.0022603247637261676
sub-401592,ses-6mo,16,Brain-Stem,NMI,0.14059472659409028
sub-401592,ses-6mo,50,Right-Caudate,Dice,0.6488482503956392
sub-401592,ses-6mo,50,Right-Caudate,IoU,0.48021863612701715
sub-401592,ses-6mo,50,Right-Caudate,Hausdorff,13.601470508735444
sub-401592,ses-6mo,50,Right-Caudate,HD95,4.358899116516113
sub-401592,ses-6mo,50,Right-Caudate,MI,0.0018616786462816396
sub-401592,ses-6mo,50,Right-Caudate,NMI,0.5349638941278091
sub-401592,ses-6mo,30,Left-vessel,Dice,0.0
sub-401592,ses-6mo,30,Left-vessel,IoU,0.0
sub-401592,ses-6mo,30,Left-vessel,Hausdorff,15.620499351813308
sub-401592,ses-6mo,30,Left-vessel,HD95,14.352700233459473
sub-401592,ses-6mo,30,Left-vessel,MI,1.4149801024209178e-10
sub-401592,ses-6mo,30,Left-vessel,NMI,6.574351667199283e-07
sub-401592,ses-6mo,31,Left-choroid-plexus,Dice,0.0
sub-401592,ses-6mo,31,Left-choroid-plexus,IoU,0.0
sub-401592,ses-6mo,31,Left-choroid-plexus,Hausdorff,13.74772708486752
sub-401592,ses-6mo,31,Left-choroid-plexus,HD95,10.488088607788086
sub-401592,ses-6mo,31,Left-choroid-plexus,MI,3.0069596877426363e-09
sub-401592,ses-6mo,31,Left-choroid-plexus,NMI,4.999876067359355e-06
sub-401592,ses-6mo,28,Left-VentralDC,Dice,0.020903573836817263
sub-401592,ses-6mo,28,Left-VentralDC,IoU,0.010562180579216355
sub-401592,ses-6mo,28,Left-VentralDC,Hausdorff,21.02379604162864
sub-401592,ses-6mo,28,Left-VentralDC,HD95,15.830342864990232
sub-401592,ses-6mo,28,Left-VentralDC,MI,2.5654157658473213e-05
sub-401592,ses-6mo,28,Left-VentralDC,NMI,0.007106950461415793
sub-401592,ses-6mo,15,4th-Ventricle,Dice,0.0
sub-401592,ses-6mo,15,4th-Ventricle,IoU,0.0
sub-401592,ses-6mo,15,4th-Ventricle,Hausdorff,34.84250278036869
sub-401592,ses-6mo,15,4th-Ventricle,HD95,27.037012100219727
sub-401592,ses-6mo,15,4th-Ventricle,MI,6.349954332826851e-08
sub-401592,ses-6mo,15,4th-Ventricle,NMI,2.123032988159668e-05
sub-401592,ses-6mo,2,Left-Cerebral-White-Matter,Dice,0.5846273132575456
sub-401592,ses-6mo,2,Left-Cerebral-White-Matter,IoU,0.41305538727265695
sub-401592,ses-6mo,2,Left-Cerebral-White-Matter,Hausdorff,90.22749026765624
sub-401592,ses-6mo,2,Left-Cerebral-White-Matter,HD95,7.348469257354736
sub-401592,ses-6mo,2,Left-Cerebral-White-Matter,MI,0.05128886530903062
sub-401592,ses-6mo,2,Left-Cerebral-White-Matter,NMI,0.38011183855969993
sub-401592,ses-6mo,41,Right-Cerebral-White-Matter,Dice,0.5788678745170084
sub-401592,ses-6mo,41,Right-Cerebral-White-Matter,IoU,0.40732868122326915
sub-401592,ses-6mo,41,Right-Cerebral-White-Matter,Hausdorff,30.886890422961002
sub-401592,ses-6mo,41,Right-Cerebral-White-Matter,HD95,7.280109882354736
sub-401592,ses-6mo,41,Right-Cerebral-White-Matter,MI,0.0510875459358264
sub-401592,ses-6mo,41,Right-Cerebral-White-Matter,NMI,0.37983961770988633
sub-401592,ses-6mo,14,3rd-Ventricle,Dice,0.14762326542663123
sub-401592,ses-6mo,14,3rd-Ventricle,IoU,0.07969397513547975
sub-401592,ses-6mo,14,3rd-Ventricle,Hausdorff,13.379088160259652
sub-401592,ses-6mo,14,3rd-Ventricle,HD95,10.29563045501709
sub-401592,ses-6mo,14,3rd-Ventricle,MI,0.00021188224613173488
sub-401592,ses-6mo,14,3rd-Ventricle,NMI,0.09847864519321015
sub-401592,ses-6mo,63,Right-choroid-plexus,Dice,0.046263345195729534
sub-401592,ses-6mo,63,Right-choroid-plexus,IoU,0.023679417122040074
sub-401592,ses-6mo,63,Right-choroid-plexus,Hausdorff,21.354156504062622
sub-401592,ses-6mo,63,Right-choroid-plexus,HD95,9.343307161331174
sub-401592,ses-6mo,63,Right-choroid-plexus,MI,1.9723404857379386e-05
sub-401592,ses-6mo,63,Right-choroid-plexus,NMI,0.024271069853317125
sub-401592,ses-6mo,26,Left-Accumbens-area,Dice,0.0
sub-401592,ses-6mo,26,Left-Accumbens-area,IoU,0.0
sub-401592,ses-6mo,26,Left-Accumbens-area,Hausdorff,15.652475842498529
sub-401592,ses-6mo,26,Left-Accumbens-area,HD95,13.03840446472168
sub-401592,ses-6mo,26,Left-Accumbens-area,MI,3.641282746163913e-09
sub-401592,ses-6mo,26,Left-Accumbens-area,NMI,5.576690954646864e-06
sub-401592,ses-6mo,46,Right-Cerebellum-White-Matter,Dice,0.011874228175168615
sub-401592,ses-6mo,46,Right-Cerebellum-White-Matter,IoU,0.005972573940465383
sub-401592,ses-6mo,46,Right-Cerebellum-White-Matter,Hausdorff,35.958309192730404
sub-401592,ses-6mo,46,Right-Cerebellum-White-Matter,HD95,24.26932144165039
sub-401592,ses-6mo,46,Right-Cerebellum-White-Matter,MI,2.3234948039797153e-05
sub-401592,ses-6mo,46,Right-Cerebellum-White-Matter,NMI,0.0021337054225255845
sub-401592,ses-6mo,7,Left-Cerebellum-White-Matter,Dice,0.008245222621010767
sub-401592,ses-6mo,7,Left-Cerebellum-White-Matter,IoU,0.004139677592168704
sub-401592,ses-6mo,7,Left-Cerebellum-White-Matter,Hausdorff,36.46916505762094
sub-401592,ses-6mo,7,Left-Cerebellum-White-Matter,HD95,26.5894718170166
sub-401592,ses-6mo,7,Left-Cerebellum-White-Matter,MI,1.249218284207323e-05
sub-401592,ses-6mo,7,Left-Cerebellum-White-Matter,NMI,0.0011700241211475915
sub-993015,ses-5mo,51,Right-Putamen,Dice,0.1813371323903531
sub-993015,ses-5mo,51,Right-Putamen,IoU,0.09970904207699194
sub-993015,ses-5mo,51,Right-Putamen,Hausdorff,17.804493814764857
sub-993015,ses-5mo,51,Right-Putamen,HD95,14.456831932067871
sub-993015,ses-5mo,51,Right-Putamen,MI,0.0006021362943725327
sub-993015,ses-5mo,51,Right-Putamen,NMI,0.10721954850120494
sub-993015,ses-5mo,42,Right-Cerebral-Cortex,Dice,0.22932674459595628
sub-993015,ses-5mo,42,Right-Cerebral-Cortex,IoU,0.1295138693127361
sub-993015,ses-5mo,42,Right-Cerebral-Cortex,Hausdorff,57.3149195236284
sub-993015,ses-5mo,42,Right-Cerebral-Cortex,HD95,26.72077751159668
sub-993015,ses-5mo,42,Right-Cerebral-Cortex,MI,0.008849304718456932
sub-993015,ses-5mo,42,Right-Cerebral-Cortex,NMI,0.08381741030470431
sub-993015,ses-5mo,43,Right-Lateral-Ventricle,Dice,0.2686358336572095
sub-993015,ses-5mo,43,Right-Lateral-Ventricle,IoU,0.1551584807398761
sub-993015,ses-5mo,43,Right-Lateral-Ventricle,Hausdorff,51.93264869039514
sub-993015,ses-5mo,43,Right-Lateral-Ventricle,HD95,33.02801761627197
sub-993015,ses-5mo,43,Right-Lateral-Ventricle,MI,0.0013493103513604328
sub-993015,ses-5mo,43,Right-Lateral-Ventricle,NMI,0.1931342919893499
sub-993015,ses-5mo,85,Optic-Chiasm,Dice,0.0
sub-993015,ses-5mo,85,Optic-Chiasm,IoU,0.0
sub-993015,ses-5mo,85,Optic-Chiasm,Hausdorff,42.638011210655684
sub-993015,ses-5mo,85,Optic-Chiasm,HD95,41.533119201660156
sub-993015,ses-5mo,85,Optic-Chiasm,MI,6.367238914530048e-11
sub-993015,ses-5mo,85,Optic-Chiasm,NMI,2.4245545904840805e-07
sub-993015,ses-5mo,62,Right-vessel,Dice,0.0
sub-993015,ses-5mo,62,Right-vessel,IoU,0.0
sub-993015,ses-5mo,62,Right-vessel,Hausdorff,20.904544960366874
sub-993015,ses-5mo,62,Right-vessel,HD95,16.66109848022461
sub-993015,ses-5mo,62,Right-vessel,MI,2.6848972250657042e-11
sub-993015,ses-5mo,62,Right-vessel,NMI,3.7981174196575613e-07
sub-993015,ses-5mo,5,Left-Inf-Lat-Vent,Dice,0.011583011583011582
sub-993015,ses-5mo,5,Left-Inf-Lat-Vent,IoU,0.005825242718446602
sub-993015,ses-5mo,5,Left-Inf-Lat-Vent,Hausdorff,39.61060464067672
sub-993015,ses-5mo,5,Left-Inf-Lat-Vent,HD95,31.44359664916992
sub-993015,ses-5mo,5,Left-Inf-Lat-Vent,MI,3.4322867222662454e-06
sub-993015,ses-5mo,5,Left-Inf-Lat-Vent,NMI,0.004544580348507153
sub-993015,ses-5mo,58,Right-Accumbens-area,Dice,0.0
sub-993015,ses-5mo,58,Right-Accumbens-area,IoU,0.0
sub-993015,ses-5mo,58,Right-Accumbens-area,Hausdorff,19.131126469708992
sub-993015,ses-5mo,58,Right-Accumbens-area,HD95,17.327719688415527
sub-993015,ses-5mo,58,Right-Accumbens-area,MI,1.903185649536148e-09
sub-993015,ses-5mo,58,Right-Accumbens-area,NMI,3.946738308889068e-06
sub-993015,ses-5mo,17,Left-Hippocampus,Dice,0.10474631751227496
sub-993015,ses-5mo,17,Left-Hippocampus,IoU,0.055267702936096716
sub-993015,ses-5mo,17,Left-Hippocampus,Hausdorff,39.05124837953327
sub-993015,ses-5mo,17,Left-Hippocampus,HD95,32.76278305053711
sub-993015,ses-5mo,17,Left-Hippocampus,MI,0.00017484604433670633
sub-993015,ses-5mo,17,Left-Hippocampus,NMI,0.05769764564389485
sub-993015,ses-5mo,53,Right-Hippocampus,Dice,0.0637065637065637
sub-993015,ses-5mo,53,Right-Hippocampus,IoU,0.03290129611166501
sub-993015,ses-5mo,53,Right-Hippocampus,Hausdorff,39.6232255123179
sub-993015,ses-5mo,53,Right-Hippocampus,HD95,33.241539001464844
sub-993015,ses-5mo,53,Right-Hippocampus,MI,9.930991774796265e-05
sub-993015,ses-5mo,53,Right-Hippocampus,NMI,0.03114874047057724
sub-993015,ses-5mo,10,Left-Thalamus,Dice,0.44721744119334483
sub-993015,ses-5mo,10,Left-Thalamus,IoU,0.28801034546462223
sub-993015,ses-5mo,10,Left-Thalamus,Hausdorff,18.384776310850235
sub-993015,ses-5mo,10,Left-Thalamus,HD95,13.290962171554552
sub-993015,ses-5mo,10,Left-Thalamus,MI,0.002460688747763627
sub-993015,ses-5mo,10,Left-Thalamus,NMI,0.32116772067817784
sub-993015,ses-5mo,12,Left-Putamen,Dice,0.20008302200083022
sub-993015,ses-5mo,12,Left-Putamen,IoU,0.11116236162361623
sub-993015,ses-5mo,12,Left-Putamen,Hausdorff,19.595917942265423
sub-993015,ses-5mo,12,Left-Putamen,HD95,15.754359054565423
sub-993015,ses-5mo,12,Left-Putamen,MI,0.0006724435856713745
sub-993015,ses-5mo,12,Left-Putamen,NMI,0.12190659981303051
sub-993015,ses-5mo,52,Right-Pallidum,Dice,0.00516795865633075
sub-993015,ses-5mo,52,Right-Pallidum,IoU,0.0025906735751295338
sub-993015,ses-5mo,52,Right-Pallidum,Hausdorff,13.892443989449804
sub-993015,ses-5mo,52,Right-Pallidum,HD95,11.224971771240234
sub-993015,ses-5mo,52,Right-Pallidum,MI,2.31310441199838e-06
sub-993015,ses-5mo,52,Right-Pallidum,NMI,0.0012890391042885017
sub-993015,ses-5mo,8,Left-Cerebellum-Cortex,Dice,0.0
sub-993015,ses-5mo,8,Left-Cerebellum-Cortex,IoU,0.0
sub-993015,ses-5mo,8,Left-Cerebellum-Cortex,Hausdorff,59.447455790807396
sub-993015,ses-5mo,8,Left-Cerebellum-Cortex,HD95,50.54206085205078
sub-993015,ses-5mo,8,Left-Cerebellum-Cortex,MI,2.3406167015347853e-05
sub-993015,ses-5mo,8,Left-Cerebellum-Cortex,NMI,0.0007482716647514711
sub-993015,ses-5mo,11,Left-Caudate,Dice,0.16594605723697756
sub-993015,ses-5mo,11,Left-Caudate,IoU,0.09048046699595869
sub-993015,ses-5mo,11,Left-Caudate,Hausdorff,16.401219466856727
sub-993015,ses-5mo,11,Left-Caudate,HD95,11.180339813232422
sub-993015,ses-5mo,11,Left-Caudate,MI,0.0003008313421355444
sub-993015,ses-5mo,11,Left-Caudate,NMI,0.09947290368774545
sub-993015,ses-5mo,3,Left-Cerebral-Cortex,Dice,0.24326859098254175
sub-993015,ses-5mo,3,Left-Cerebral-Cortex,IoU,0.13847796523351405
sub-993015,ses-5mo,3,Left-Cerebral-Cortex,Hausdorff,52.744667976962376
sub-993015,ses-5mo,3,Left-Cerebral-Cortex,HD95,24.919872283935547
sub-993015,ses-5mo,3,Left-Cerebral-Cortex,MI,0.009593163417491744
sub-993015,ses-5mo,3,Left-Cerebral-Cortex,NMI,0.09182181833060199
sub-993015,ses-5mo,4,Left-Lateral-Ventricle,Dice,0.30665978316985026
sub-993015,ses-5mo,4,Left-Lateral-Ventricle,IoU,0.18109756097560975
sub-993015,ses-5mo,4,Left-Lateral-Ventricle,Hausdorff,51.048996072400875
sub-993015,ses-5mo,4,Left-Lateral-Ventricle,HD95,32.99469547271728
sub-993015,ses-5mo,4,Left-Lateral-Ventricle,MI,0.001806649928701875
sub-993015,ses-5mo,4,Left-Lateral-Ventricle,NMI,0.21874215146904935
sub-993015,ses-5mo,18,Left-Amygdala,Dice,0.0
sub-993015,ses-5mo,18,Left-Amygdala,IoU,0.0
sub-993015,ses-5mo,18,Left-Amygdala,Hausdorff,38.65229618017538
sub-993015,ses-5mo,18,Left-Amygdala,HD95,35.95552749633789
sub-993015,ses-5mo,18,Left-Amygdala,MI,1.564481985394427e-08
sub-993015,ses-5mo,18,Left-Amygdala,NMI,1.2466438916874887e-05
sub-993015,ses-5mo,44,Right-Inf-Lat-Vent,Dice,0.0
sub-993015,ses-5mo,44,Right-Inf-Lat-Vent,IoU,0.0
sub-993015,ses-5mo,44,Right-Inf-Lat-Vent,Hausdorff,39.44616584663204
sub-993015,ses-5mo,44,Right-Inf-Lat-Vent,HD95,35.18522262573242
sub-993015,ses-5mo,44,Right-Inf-Lat-Vent,MI,1.923632891051661e-09
sub-993015,ses-5mo,44,Right-Inf-Lat-Vent,NMI,3.838124956563751e-06
sub-993015,ses-5mo,47,Right-Cerebellum-Cortex,Dice,0.0
sub-993015,ses-5mo,47,Right-Cerebellum-Cortex,IoU,0.0
sub-993015,ses-5mo,47,Right-Cerebellum-Cortex,Hausdorff,59.93329625508679
sub-993015,ses-5mo,47,Right-Cerebellum-Cortex,HD95,51.90375518798828
sub-993015,ses-5mo,47,Right-Cerebellum-Cortex,MI,1.989623777670646e-05
sub-993015,ses-5mo,47,Right-Cerebellum-Cortex,NMI,0.0006882931218014426
sub-993015,ses-5mo,13,Left-Pallidum,Dice,0.0
sub-993015,ses-5mo,13,Left-Pallidum,IoU,0.0
sub-993015,ses-5mo,13,Left-Pallidum,Hausdorff,16.278820596099706
sub-993015,ses-5mo,13,Left-Pallidum,HD95,13.638181686401367
sub-993015,ses-5mo,13,Left-Pallidum,MI,3.989426909656313e-08
sub-993015,ses-5mo,13,Left-Pallidum,NMI,2.0884811374585722e-05
sub-993015,ses-5mo,60,Right-VentralDC,Dice,0.002984669651336318
sub-993015,ses-5mo,60,Right-VentralDC,IoU,0.0014945652173913044
sub-993015,ses-5mo,60,Right-VentralDC,Hausdorff,27.23967694375247
sub-993015,ses-5mo,60,Right-VentralDC,HD95,21.563858032226562
sub-993015,ses-5mo,60,Right-VentralDC,MI,1.5698000776949608e-06
sub-993015,ses-5mo,60,Right-VentralDC,NMI,0.0003606756101772966
sub-993015,ses-5mo,49,Right-Thalamus,Dice,0.4164184525971667
sub-993015,ses-5mo,49,Right-Thalamus,IoU,0.2629599045784017
sub-993015,ses-5mo,49,Right-Thalamus,Hausdorff,18.681541692269406
sub-993015,ses-5mo,49,Right-Thalamus,HD95,12.845232963562012
sub-993015,ses-5mo,49,Right-Thalamus,MI,0.0022263520394096006
sub-993015,ses-5mo,49,Right-Thalamus,NMI,0.29403397520562596
sub-993015,ses-5mo,54,Right-Amygdala,Dice,0.0
sub-993015,ses-5mo,54,Right-Amygdala,IoU,0.0
sub-993015,ses-5mo,54,Right-Amygdala,Hausdorff,38.18376618407357
sub-993015,ses-5mo,54,Right-Amygdala,HD95,34.39621772766113
sub-993015,ses-5mo,54,Right-Amygdala,MI,1.837647519846745e-08
sub-993015,ses-5mo,54,Right-Amygdala,NMI,1.3501873234035545e-05
sub-993015,ses-5mo,24,CSF,Dice,0.0002771026150569644
sub-993015,ses-5mo,24,CSF,IoU,0.0001385705066533639
sub-993015,ses-5mo,24,CSF,Hausdorff,90.1443287178955
sub-993015,ses-5mo,24,CSF,HD95,69.92138671875
sub-993015,ses-5mo,24,CSF,MI,4.2193656934160005e-07
sub-993015,ses-5mo,24,CSF,NMI,5.541380875260522e-06
sub-993015,ses-5mo,16,Brain-Stem,Dice,0.0
sub-993015,ses-5mo,16,Brain-Stem,IoU,0.0
sub-993015,ses-5mo,16,Brain-Stem,Hausdorff,45.32107677449864
sub-993015,ses-5mo,16,Brain-Stem,HD95,39.41953811645507
sub-993015,ses-5mo,16,Brain-Stem,MI,1.9897905921329763e-06
sub-993015,ses-5mo,16,Brain-Stem,NMI,0.00018500810817255356
sub-993015,ses-5mo,50,Right-Caudate,Dice,0.2676680146350857
sub-993015,ses-5mo,50,Right-Caudate,IoU,0.15451311694086262
sub-993015,ses-5mo,50,Right-Caudate,Hausdorff,17.233687939614086
sub-993015,ses-5mo,50,Right-Caudate,HD95,9.69536018371582
sub-993015,ses-5mo,50,Right-Caudate,MI,0.000570026773229956
sub-993015,ses-5mo,50,Right-Caudate,NMI,0.17761598926055433
sub-993015,ses-5mo,30,Left-vessel,Dice,0.0
sub-993015,ses-5mo,30,Left-vessel,IoU,0.0
sub-993015,ses-5mo,30,Left-vessel,Hausdorff,22.38302928559939
sub-993015,ses-5mo,30,Left-vessel,HD95,22.001112270355225
sub-993015,ses-5mo,30,Left-vessel,MI,2.6044658596945883e-11
sub-993015,ses-5mo,30,Left-vessel,NMI,2.719191029781816e-07
sub-993015,ses-5mo,31,Left-choroid-plexus,Dice,0.0
sub-993015,ses-5mo,31,Left-choroid-plexus,IoU,0.0
sub-993015,ses-5mo,31,Left-choroid-plexus,Hausdorff,43.30127018922193
sub-993015,ses-5mo,31,Left-choroid-plexus,HD95,28.01249198913574
sub-993015,ses-5mo,31,Left-choroid-plexus,MI,3.276733939698161e-09
sub-993015,ses-5mo,31,Left-choroid-plexus,NMI,5.314380636037763e-06
sub-993015,ses-5mo,28,Left-VentralDC,Dice,0.0002744990392533626
sub-993015,ses-5mo,28,Left-VentralDC,IoU,0.00013726835964310226
sub-993015,ses-5mo,28,Left-VentralDC,Hausdorff,29.614185789921695
sub-993015,ses-5mo,28,Left-VentralDC,HD95,23.194826126098633
sub-993015,ses-5mo,28,Left-VentralDC,MI,1.9331869449154737e-08
sub-993015,ses-5mo,28,Left-VentralDC,NMI,4.490911868947367e-06
sub-993015,ses-5mo,15,4th-Ventricle,Dice,0.0
sub-993015,ses-5mo,15,4th-Ventricle,IoU,0.0
sub-993015,ses-5mo,15,4th-Ventricle,Hausdorff,59.447455790807396
sub-993015,ses-5mo,15,4th-Ventricle,HD95,54.602197265624994
sub-993015,ses-5mo,15,4th-Ventricle,MI,2.3390479483961953e-08
sub-993015,ses-5mo,15,4th-Ventricle,NMI,1.4166676738052112e-05
sub-993015,ses-5mo,2,Left-Cerebral-White-Matter,Dice,0.5624209033661495
sub-993015,ses-5mo,2,Left-Cerebral-White-Matter,IoU,0.39122779726213375
sub-993015,ses-5mo,2,Left-Cerebral-White-Matter,Hausdorff,53.38539126015655
sub-993015,ses-5mo,2,Left-Cerebral-White-Matter,HD95,23.51595115661621
sub-993015,ses-5mo,2,Left-Cerebral-White-Matter,MI,0.043647359718917526
sub-993015,ses-5mo,2,Left-Cerebral-White-Matter,NMI,0.3508087840694988
sub-993015,ses-5mo,41,Right-Cerebral-White-Matter,Dice,0.5564710585667698
sub-993015,ses-5mo,41,Right-Cerebral-White-Matter,IoU,0.385493523956831
sub-993015,ses-5mo,41,Right-Cerebral-White-Matter,Hausdorff,56.753854494650845
sub-993015,ses-5mo,41,Right-Cerebral-White-Matter,HD95,25.09980010986328
sub-993015,ses-5mo,41,Right-Cerebral-White-Matter,MI,0.04308634158659154
sub-993015,ses-5mo,41,Right-Cerebral-White-Matter,NMI,0.3433784225523289
sub-993015,ses-5mo,14,3rd-Ventricle,Dice,0.3482266236757255
sub-993015,ses-5mo,14,3rd-Ventricle,IoU,0.21081985499163414
sub-993015,ses-5mo,14,3rd-Ventricle,Hausdorff,26.248809496813376
sub-993015,ses-5mo,14,3rd-Ventricle,HD95,18.406476974487298
sub-993015,ses-5mo,14,3rd-Ventricle,MI,0.0003781588563431913
sub-993015,ses-5mo,14,3rd-Ventricle,NMI,0.25727571379454744
sub-993015,ses-5mo,63,Right-choroid-plexus,Dice,0.0
sub-993015,ses-5mo,63,Right-choroid-plexus,IoU,0.0
sub-993015,ses-5mo,63,Right-choroid-plexus,Hausdorff,46.16275555033516
sub-993015,ses-5mo,63,Right-choroid-plexus,HD95,30.209253883361814
sub-993015,ses-5mo,63,Right-choroid-plexus,MI,6.1253901150794005e-09
sub-993015,ses-5mo,63,Right-choroid-plexus,NMI,7.4659129476795555e-06
sub-993015,ses-5mo,26,Left-Accumbens-area,Dice,0.0
sub-993015,ses-5mo,26,Left-Accumbens-area,IoU,0.0
sub-993015,ses-5mo,26,Left-Accumbens-area,Hausdorff,22.9128784747792
sub-993015,ses-5mo,26,Left-Accumbens-area,HD95,20.432740211486816
sub-993015,ses-5mo,26,Left-Accumbens-area,MI,2.1983561275887038e-09
sub-993015,ses-5mo,26,Left-Accumbens-area,NMI,4.229731129773868e-06
sub-993015,ses-5mo,46,Right-Cerebellum-White-Matter,Dice,0.0
sub-993015,ses-5mo,46,Right-Cerebellum-White-Matter,IoU,0.0
sub-993015,ses-5mo,46,Right-Cerebellum-White-Matter,Hausdorff,52.40229002629561
sub-993015,ses-5mo,46,Right-Cerebellum-White-Matter,HD95,48.39628067016601
sub-993015,ses-5mo,46,Right-Cerebellum-White-Matter,MI,1.1476630468777727e-06
sub-993015,ses-5mo,46,Right-Cerebellum-White-Matter,NMI,0.0001287716255816133
sub-993015,ses-5mo,7,Left-Cerebellum-White-Matter,Dice,0.0
sub-993015,ses-5mo,7,Left-Cerebellum-White-Matter,IoU,0.0
sub-993015,ses-5mo,7,Left-Cerebellum-White-Matter,Hausdorff,51.468436929831086
sub-993015,ses-5mo,7,Left-Cerebellum-White-Matter,HD95,45.544484710693354
sub-993015,ses-5mo,7,Left-Cerebellum-White-Matter,MI,1.1099112726862224e-06
sub-993015,ses-5mo,7,Left-Cerebellum-White-Matter,NMI,0.0001261365328808069
sub-810675,ses-3mo,51,Right-Putamen,Dice,0.10841170323928945
sub-810675,ses-3mo,51,Right-Putamen,IoU,0.057312525894213505
sub-810675,ses-3mo,51,Right-Putamen,Hausdorff,20.12461179749811
sub-810675,ses-3mo,51,Right-Putamen,HD95,13.928388595581055
sub-810675,ses-3mo,51,Right-Putamen,MI,0.00025734944712058354
sub-810675,ses-3mo,51,Right-Putamen,NMI,0.05695114228488675
sub-810675,ses-3mo,42,Right-Cerebral-Cortex,Dice,0.2378800962608246
sub-810675,ses-3mo,42,Right-Cerebral-Cortex,IoU,0.13499654351332668
sub-810675,ses-3mo,42,Right-Cerebral-Cortex,Hausdorff,36.193922141707716
sub-810675,ses-3mo,42,Right-Cerebral-Cortex,HD95,11.747340202331543
sub-810675,ses-3mo,42,Right-Cerebral-Cortex,MI,0.009523238023550117
sub-810675,ses-3mo,42,Right-Cerebral-Cortex,NMI,0.08012028685985798
sub-810675,ses-3mo,43,Right-Lateral-Ventricle,Dice,0.37857142857142856
sub-810675,ses-3mo,43,Right-Lateral-Ventricle,IoU,0.23348017621145375
sub-810675,ses-3mo,43,Right-Lateral-Ventricle,Hausdorff,26.343879744638983
sub-810675,ses-3mo,43,Right-Lateral-Ventricle,HD95,11.357816696166992
sub-810675,ses-3mo,43,Right-Lateral-Ventricle,MI,0.002291548225168868
sub-810675,ses-3mo,43,Right-Lateral-Ventricle,NMI,0.2628456681927895
sub-810675,ses-3mo,5,Left-Inf-Lat-Vent,Dice,0.0
sub-810675,ses-3mo,5,Left-Inf-Lat-Vent,IoU,0.0
sub-810675,ses-3mo,5,Left-Inf-Lat-Vent,Hausdorff,28.6705423736629
sub-810675,ses-3mo,5,Left-Inf-Lat-Vent,HD95,23.12141056060791
sub-810675,ses-3mo,5,Left-Inf-Lat-Vent,MI,4.516128050436339e-09
sub-810675,ses-3mo,5,Left-Inf-Lat-Vent,NMI,6.332752062459024e-06
sub-810675,ses-3mo,58,Right-Accumbens-area,Dice,0.0
sub-810675,ses-3mo,58,Right-Accumbens-area,IoU,0.0
sub-810675,ses-3mo,58,Right-Accumbens-area,Hausdorff,15.811388300841896
sub-810675,ses-3mo,58,Right-Accumbens-area,HD95,13.762256050109862
sub-810675,ses-3mo,58,Right-Accumbens-area,MI,2.1461884210598582e-09
sub-810675,ses-3mo,58,Right-Accumbens-area,NMI,4.138728803015308e-06
sub-810675,ses-3mo,17,Left-Hippocampus,Dice,0.0
sub-810675,ses-3mo,17,Left-Hippocampus,IoU,0.0
sub-810675,ses-3mo,17,Left-Hippocampus,Hausdorff,28.178005607210743
sub-810675,ses-3mo,17,Left-Hippocampus,HD95,23.0
sub-810675,ses-3mo,17,Left-Hippocampus,MI,1.1139138532303538e-07
sub-810675,ses-3mo,17,Left-Hippocampus,NMI,3.470523879600843e-05
sub-810675,ses-3mo,53,Right-Hippocampus,Dice,0.0
sub-810675,ses-3mo,53,Right-Hippocampus,IoU,0.0
sub-810675,ses-3mo,53,Right-Hippocampus,Hausdorff,27.331300737432898
sub-810675,ses-3mo,53,Right-Hippocampus,HD95,21.747413635253903
sub-810675,ses-3mo,53,Right-Hippocampus,MI,1.1315995586836519e-07
sub-810675,ses-3mo,53,Right-Hippocampus,NMI,3.492499014265572e-05
sub-810675,ses-3mo,10,Left-Thalamus,Dice,0.2897359995167039
sub-810675,ses-3mo,10,Left-Thalamus,IoU,0.1694101024373013
sub-810675,ses-3mo,10,Left-Thalamus,Hausdorff,17.46424919657298
sub-810675,ses-3mo,10,Left-Thalamus,HD95,13.152946472167969
sub-810675,ses-3mo,10,Left-Thalamus,MI,0.0016156661115911074
sub-810675,ses-3mo,10,Left-Thalamus,NMI,0.18146932774629862
sub-810675,ses-3mo,12,Left-Putamen,Dice,0.12357390078195103
sub-810675,ses-3mo,12,Left-Putamen,IoU,0.06585599125563601
sub-810675,ses-3mo,12,Left-Putamen,Hausdorff,20.615528128088304
sub-810675,ses-3mo,12,Left-Putamen,HD95,14.149197959899896
sub-810675,ses-3mo,12,Left-Putamen,MI,0.00031031477247216437
sub-810675,ses-3mo,12,Left-Putamen,NMI,0.06768600598762489
sub-810675,ses-3mo,52,Right-Pallidum,Dice,0.0009407337723424271
sub-810675,ses-3mo,52,Right-Pallidum,IoU,0.00047058823529411766
sub-810675,ses-3mo,52,Right-Pallidum,Hausdorff,14.696938456699069
sub-810675,ses-3mo,52,Right-Pallidum,HD95,12.529964447021484
sub-810675,ses-3mo,52,Right-Pallidum,MI,1.4428342132958173e-07
sub-810675,ses-3mo,52,Right-Pallidum,NMI,9.99504300677579e-05
sub-810675,ses-3mo,8,Left-Cerebellum-Cortex,Dice,0.12589848419996164
sub-810675,ses-3mo,8,Left-Cerebellum-Cortex,IoU,0.0671780493951613
sub-810675,ses-3mo,8,Left-Cerebellum-Cortex,Hausdorff,36.89173349139343
sub-810675,ses-3mo,8,Left-Cerebellum-Cortex,HD95,26.851442337036133
sub-810675,ses-3mo,8,Left-Cerebellum-Cortex,MI,0.0015262573085878034
sub-810675,ses-3mo,8,Left-Cerebellum-Cortex,NMI,0.051626192144396565
sub-810675,ses-3mo,11,Left-Caudate,Dice,0.41629828944839514
sub-810675,ses-3mo,11,Left-Caudate,IoU,0.26286407766990294
sub-810675,ses-3mo,11,Left-Caudate,Hausdorff,16.792855623746664
sub-810675,ses-3mo,11,Left-Caudate,HD95,9.899495124816895
sub-810675,ses-3mo,11,Left-Caudate,MI,0.0009812975366867852
sub-810675,ses-3mo,11,Left-Caudate,NMI,0.30507017508698586
sub-810675,ses-3mo,3,Left-Cerebral-Cortex,Dice,0.22623626032801528
sub-810675,ses-3mo,3,Left-Cerebral-Cortex,IoU,0.1275458818263205
sub-810675,ses-3mo,3,Left-Cerebral-Cortex,Hausdorff,41.53311931459037
sub-810675,ses-3mo,3,Left-Cerebral-Cortex,HD95,12.529964447021484
sub-810675,ses-3mo,3,Left-Cerebral-Cortex,MI,0.008675486997014911
sub-810675,ses-3mo,3,Left-Cerebral-Cortex,NMI,0.07406201716255806
sub-810675,ses-3mo,4,Left-Lateral-Ventricle,Dice,0.40718354062536327
sub-810675,ses-3mo,4,Left-Lateral-Ventricle,IoU,0.25563745165292273
sub-810675,ses-3mo,4,Left-Lateral-Ventricle,Hausdorff,26.019223662515376
sub-810675,ses-3mo,4,Left-Lateral-Ventricle,HD95,11.401754379272461
sub-810675,ses-3mo,4,Left-Lateral-Ventricle,MI,0.0027165885421241054
sub-810675,ses-3mo,4,Left-Lateral-Ventricle,NMI,0.2977899578917068
sub-810675,ses-3mo,18,Left-Amygdala,Dice,0.0
sub-810675,ses-3mo,18,Left-Amygdala,IoU,0.0
sub-810675,ses-3mo,18,Left-Amygdala,Hausdorff,30.93541659651604
sub-810675,ses-3mo,18,Left-Amygdala,HD95,26.476404190063477
sub-810675,ses-3mo,18,Left-Amygdala,MI,2.7673723911069738e-08
sub-810675,ses-3mo,18,Left-Amygdala,NMI,1.6120610818792828e-05
sub-810675,ses-3mo,44,Right-Inf-Lat-Vent,Dice,0.009823182711198428
sub-810675,ses-3mo,44,Right-Inf-Lat-Vent,IoU,0.004935834155972359
sub-810675,ses-3mo,44,Right-Inf-Lat-Vent,Hausdorff,27.0
sub-810675,ses-3mo,44,Right-Inf-Lat-Vent,HD95,23.776035690307616
sub-810675,ses-3mo,44,Right-Inf-Lat-Vent,MI,2.7439979321154904e-06
sub-810675,ses-3mo,44,Right-Inf-Lat-Vent,NMI,0.0036879370919760015
sub-810675,ses-3mo,47,Right-Cerebellum-Cortex,Dice,0.11880605793265696
sub-810675,ses-3mo,47,Right-Cerebellum-Cortex,IoU,0.06315460372049399
sub-810675,ses-3mo,47,Right-Cerebellum-Cortex,Hausdorff,32.89376840679705
sub-810675,ses-3mo,47,Right-Cerebellum-Cortex,HD95,26.115129470825195
sub-810675,ses-3mo,47,Right-Cerebellum-Cortex,MI,0.0014163090513207195
sub-810675,ses-3mo,47,Right-Cerebellum-Cortex,NMI,0.047804925004757776
sub-810675,ses-3mo,13,Left-Pallidum,Dice,0.0
sub-810675,ses-3mo,13,Left-Pallidum,IoU,0.0
sub-810675,ses-3mo,13,Left-Pallidum,Hausdorff,14.45683229480096
sub-810675,ses-3mo,13,Left-Pallidum,HD95,12.727922439575195
sub-810675,ses-3mo,13,Left-Pallidum,MI,2.1163213040093637e-08
sub-810675,ses-3mo,13,Left-Pallidum,NMI,1.4690718862596023e-05
sub-810675,ses-3mo,60,Right-VentralDC,Dice,0.0
sub-810675,ses-3mo,60,Right-VentralDC,IoU,0.0
sub-810675,ses-3mo,60,Right-VentralDC,Hausdorff,23.021728866442675
sub-810675,ses-3mo,60,Right-VentralDC,HD95,18.055469512939453
sub-810675,ses-3mo,60,Right-VentralDC,MI,5.074626700915432e-08
sub-810675,ses-3mo,60,Right-VentralDC,NMI,2.271713332361951e-05
sub-810675,ses-3mo,49,Right-Thalamus,Dice,0.3007090402633578
sub-810675,ses-3mo,49,Right-Thalamus,IoU,0.17696147828030698
sub-810675,ses-3mo,49,Right-Thalamus,Hausdorff,17.72004514666935
sub-810675,ses-3mo,49,Right-Thalamus,HD95,13.152946472167969
sub-810675,ses-3mo,49,Right-Thalamus,MI,0.0016346540422019057
sub-810675,ses-3mo,49,Right-Thalamus,NMI,0.19130887970715915
sub-810675,ses-3mo,54,Right-Amygdala,Dice,0.0
sub-810675,ses-3mo,54,Right-Amygdala,IoU,0.0
sub-810675,ses-3mo,54,Right-Amygdala,Hausdorff,27.85677655436824
sub-810675,ses-3mo,54,Right-Amygdala,HD95,24.718414306640625
sub-810675,ses-3mo,54,Right-Amygdala,MI,3.208750751015161e-08
sub-810675,ses-3mo,54,Right-Amygdala,NMI,1.7501047542529362e-05
sub-810675,ses-3mo,16,Brain-Stem,Dice,0.26737404522707603
sub-810675,ses-3mo,16,Brain-Stem,IoU,0.15431723419041002
sub-810675,ses-3mo,16,Brain-Stem,Hausdorff,32.57299494980466
sub-810675,ses-3mo,16,Brain-Stem,HD95,25.703111648559563
sub-810675,ses-3mo,16,Brain-Stem,MI,0.002124212285577039
sub-810675,ses-3mo,16,Brain-Stem,NMI,0.15850594025793494
sub-810675,ses-3mo,50,Right-Caudate,Dice,0.25472935006555536
sub-810675,ses-3mo,50,Right-Caudate,IoU,0.14595406739643701
sub-810675,ses-3mo,50,Right-Caudate,Hausdorff,16.0312195418814
sub-810675,ses-3mo,50,Right-Caudate,HD95,9.110433578491211
sub-810675,ses-3mo,50,Right-Caudate,MI,0.000547798606859348
sub-810675,ses-3mo,50,Right-Caudate,NMI,0.1664548559351577
sub-810675,ses-3mo,31,Left-choroid-plexus,Dice,0.0
sub-810675,ses-3mo,31,Left-choroid-plexus,IoU,0.0
sub-810675,ses-3mo,31,Left-choroid-plexus,Hausdorff,60.18305409332431
sub-810675,ses-3mo,31,Left-choroid-plexus,HD95,39.39668502807617
sub-810675,ses-3mo,31,Left-choroid-plexus,MI,1.555925219326698e-10
sub-810675,ses-3mo,31,Left-choroid-plexus,NMI,9.535390555372621e-07
sub-810675,ses-3mo,28,Left-VentralDC,Dice,0.0
sub-810675,ses-3mo,28,Left-VentralDC,IoU,0.0
sub-810675,ses-3mo,28,Left-VentralDC,Hausdorff,22.561028345356956
sub-810675,ses-3mo,28,Left-VentralDC,HD95,18.138357162475586
sub-810675,ses-3mo,28,Left-VentralDC,MI,5.329056623781282e-08
sub-810675,ses-3mo,28,Left-VentralDC,NMI,2.3218649896167278e-05
sub-810675,ses-3mo,15,4th-Ventricle,Dice,0.0
sub-810675,ses-3mo,15,4th-Ventricle,IoU,0.0
sub-810675,ses-3mo,15,4th-Ventricle,Hausdorff,34.91418050019218
sub-810675,ses-3mo,15,4th-Ventricle,HD95,29.130721759796135
sub-810675,ses-3mo,15,4th-Ventricle,MI,3.4782886530987205e-08
sub-810675,ses-3mo,15,4th-Ventricle,NMI,1.726927638437697e-05
sub-810675,ses-3mo,2,Left-Cerebral-White-Matter,Dice,0.5505640900095885
sub-810675,ses-3mo,2,Left-Cerebral-White-Matter,IoU,0.3798471434402579
sub-810675,ses-3mo,2,Left-Cerebral-White-Matter,Hausdorff,32.83291031876401
sub-810675,ses-3mo,2,Left-Cerebral-White-Matter,HD95,8.774964332580566
sub-810675,ses-3mo,2,Left-Cerebral-White-Matter,MI,0.04455449496180716
sub-810675,ses-3mo,2,Left-Cerebral-White-Matter,NMI,0.3616391719306158
sub-810675,ses-3mo,41,Right-Cerebral-White-Matter,Dice,0.5396356398475731
sub-810675,ses-3mo,41,Right-Cerebral-White-Matter,IoU,0.36952123358532807
sub-810675,ses-3mo,41,Right-Cerebral-White-Matter,Hausdorff,27.03701166919155
sub-810675,ses-3mo,41,Right-Cerebral-White-Matter,HD95,8.306623458862305
sub-810675,ses-3mo,41,Right-Cerebral-White-Matter,MI,0.04270122734444705
sub-810675,ses-3mo,41,Right-Cerebral-White-Matter,NMI,0.3495742348705103
sub-810675,ses-3mo,14,3rd-Ventricle,Dice,0.06328631338162409
sub-810675,ses-3mo,14,3rd-Ventricle,IoU,0.03267716535433071
sub-810675,ses-3mo,14,3rd-Ventricle,Hausdorff,12.449899597988733
sub-810675,ses-3mo,14,3rd-Ventricle,HD95,10.049875259399414
sub-810675,ses-3mo,14,3rd-Ventricle,MI,6.0091951909616904e-05
sub-810675,ses-3mo,14,3rd-Ventricle,NMI,0.034887850342570643
sub-810675,ses-3mo,63,Right-choroid-plexus,Dice,0.0
sub-810675,ses-3mo,63,Right-choroid-plexus,IoU,0.0
sub-810675,ses-3mo,63,Right-choroid-plexus,Hausdorff,45.17742799230607
sub-810675,ses-3mo,63,Right-choroid-plexus,HD95,42.34254875183105
sub-810675,ses-3mo,63,Right-choroid-plexus,MI,4.694877850269547e-10
sub-810675,ses-3mo,63,Right-choroid-plexus,NMI,1.7139757701422547e-06
sub-810675,ses-3mo,26,Left-Accumbens-area,Dice,0.0
sub-810675,ses-3mo,26,Left-Accumbens-area,IoU,0.0
sub-810675,ses-3mo,26,Left-Accumbens-area,Hausdorff,16.97056274847714
sub-810675,ses-3mo,26,Left-Accumbens-area,HD95,15.264337539672852
sub-810675,ses-3mo,26,Left-Accumbens-area,MI,2.9653616225131397e-09
sub-810675,ses-3mo,26,Left-Accumbens-area,NMI,4.845445370202665e-06
sub-810675,ses-3mo,46,Right-Cerebellum-White-Matter,Dice,0.0028474817583199856
sub-810675,ses-3mo,46,Right-Cerebellum-White-Matter,IoU,0.0014257708073427196
sub-810675,ses-3mo,46,Right-Cerebellum-White-Matter,Hausdorff,34.88552708502482
sub-810675,ses-3mo,46,Right-Cerebellum-White-Matter,HD95,28.017850875854492
sub-810675,ses-3mo,46,Right-Cerebellum-White-Matter,MI,1.3380111092679243e-06
sub-810675,ses-3mo,46,Right-Cerebellum-White-Matter,NMI,0.00014932808517014744
sub-810675,ses-3mo,7,Left-Cerebellum-White-Matter,Dice,0.003080785029666819
sub-810675,ses-3mo,7,Left-Cerebellum-White-Matter,IoU,0.0015427689846294497
sub-810675,ses-3mo,7,Left-Cerebellum-White-Matter,Hausdorff,37.0
sub-810675,ses-3mo,7,Left-Cerebellum-White-Matter,HD95,29.154760360717773
sub-810675,ses-3mo,7,Left-Cerebellum-White-Matter,MI,1.7643797271898695e-06
sub-810675,ses-3mo,7,Left-Cerebellum-White-Matter,NMI,0.00019104135765436275
sub-981664,ses-5mo,51,Right-Putamen,Dice,0.20624427946710058
sub-981664,ses-5mo,51,Right-Putamen,IoU,0.11497902256491666
sub-981664,ses-5mo,51,Right-Putamen,Hausdorff,19.924858845171276
sub-981664,ses-5mo,51,Right-Putamen,HD95,13.747727394104004
sub-981664,ses-5mo,51,Right-Putamen,MI,0.0006991954730302397
sub-981664,ses-5mo,51,Right-Putamen,NMI,0.12409314095567195
sub-981664,ses-5mo,42,Right-Cerebral-Cortex,Dice,0.23397765662890677
sub-981664,ses-5mo,42,Right-Cerebral-Cortex,IoU,0.1324885030515954
sub-981664,ses-5mo,42,Right-Cerebral-Cortex,Hausdorff,36.578682316343766
sub-981664,ses-5mo,42,Right-Cerebral-Cortex,HD95,15.132745742797852
sub-981664,ses-5mo,42,Right-Cerebral-Cortex,MI,0.009372004741943663
sub-981664,ses-5mo,42,Right-Cerebral-Cortex,NMI,0.07649200659006805
sub-981664,ses-5mo,43,Right-Lateral-Ventricle,Dice,0.003870645523785741
sub-981664,ses-5mo,43,Right-Lateral-Ventricle,IoU,0.0019390754988428097
sub-981664,ses-5mo,43,Right-Lateral-Ventricle,Hausdorff,22.847319317591726
sub-981664,ses-5mo,43,Right-Lateral-Ventricle,HD95,17.329144477844217
sub-981664,ses-5mo,43,Right-Lateral-Ventricle,MI,4.460164840026186e-06
sub-981664,ses-5mo,43,Right-Lateral-Ventricle,NMI,0.0005328852768060394
sub-981664,ses-5mo,85,Optic-Chiasm,Dice,0.0
sub-981664,ses-5mo,85,Optic-Chiasm,IoU,0.0
sub-981664,ses-5mo,85,Optic-Chiasm,Hausdorff,26.076809620810597
sub-981664,ses-5mo,85,Optic-Chiasm,HD95,23.323806762695312
sub-981664,ses-5mo,85,Optic-Chiasm,MI,1.341748605477493e-09
sub-981664,ses-5mo,85,Optic-Chiasm,NMI,2.7111176514802736e-06
sub-981664,ses-5mo,62,Right-vessel,Dice,0.0
sub-981664,ses-5mo,62,Right-vessel,IoU,0.0
sub-981664,ses-5mo,62,Right-vessel,Hausdorff,17.05872210923198
sub-981664,ses-5mo,62,Right-vessel,HD95,15.805037975311278
sub-981664,ses-5mo,62,Right-vessel,MI,1.1702782692972436e-10
sub-981664,ses-5mo,62,Right-vessel,NMI,4.2595157304208495e-07
sub-981664,ses-5mo,5,Left-Inf-Lat-Vent,Dice,0.0028368794326241137
sub-981664,ses-5mo,5,Left-Inf-Lat-Vent,IoU,0.0014204545454545455
sub-981664,ses-5mo,5,Left-Inf-Lat-Vent,Hausdorff,21.0
sub-981664,ses-5mo,5,Left-Inf-Lat-Vent,HD95,15.132745742797852
sub-981664,ses-5mo,5,Left-Inf-Lat-Vent,MI,9.045909930928878e-07
sub-981664,ses-5mo,5,Left-Inf-Lat-Vent,NMI,0.0006335391245081536
sub-981664,ses-5mo,58,Right-Accumbens-area,Dice,0.0
sub-981664,ses-5mo,58,Right-Accumbens-area,IoU,0.0
sub-981664,ses-5mo,58,Right-Accumbens-area,Hausdorff,19.4164878389476
sub-981664,ses-5mo,58,Right-Accumbens-area,HD95,17.492855072021484
sub-981664,ses-5mo,58,Right-Accumbens-area,MI,4.098507015731388e-09
sub-981664,ses-5mo,58,Right-Accumbens-area,NMI,6.005455772675695e-06
sub-981664,ses-5mo,17,Left-Hippocampus,Dice,0.0
sub-981664,ses-5mo,17,Left-Hippocampus,IoU,0.0
sub-981664,ses-5mo,17,Left-Hippocampus,Hausdorff,27.367864366808018
sub-981664,ses-5mo,17,Left-Hippocampus,HD95,21.307275772094727
sub-981664,ses-5mo,17,Left-Hippocampus,MI,1.3326571816365228e-07
sub-981664,ses-5mo,17,Left-Hippocampus,NMI,3.983170145394e-05
sub-981664,ses-5mo,53,Right-Hippocampus,Dice,0.0
sub-981664,ses-5mo,53,Right-Hippocampus,IoU,0.0
sub-981664,ses-5mo,53,Right-Hippocampus,Hausdorff,29.068883707497267
sub-981664,ses-5mo,53,Right-Hippocampus,HD95,21.293172836303693
sub-981664,ses-5mo,53,Right-Hippocampus,MI,1.611816931498247e-07
sub-981664,ses-5mo,53,Right-Hippocampus,NMI,4.4465645791516524e-05
sub-981664,ses-5mo,10,Left-Thalamus,Dice,0.11206622094874244
sub-981664,ses-5mo,10,Left-Thalamus,IoU,0.059359190556492414
sub-981664,ses-5mo,10,Left-Thalamus,Hausdorff,24.596747752497688
sub-981664,ses-5mo,10,Left-Thalamus,HD95,17.929021835327145
sub-981664,ses-5mo,10,Left-Thalamus,MI,0.0004584025081433322
sub-981664,ses-5mo,10,Left-Thalamus,NMI,0.05388871739557611
sub-981664,ses-5mo,12,Left-Putamen,Dice,0.2501026694045175
sub-981664,ses-5mo,12,Left-Putamen,IoU,0.14292419619807556
sub-981664,ses-5mo,12,Left-Putamen,Hausdorff,17.72004514666935
sub-981664,ses-5mo,12,Left-Putamen,HD95,13.0
sub-981664,ses-5mo,12,Left-Putamen,MI,0.000885804068175003
sub-981664,ses-5mo,12,Left-Putamen,NMI,0.15864316456008368
sub-981664,ses-5mo,52,Right-Pallidum,Dice,0.0
sub-981664,ses-5mo,52,Right-Pallidum,IoU,0.0
sub-981664,ses-5mo,52,Right-Pallidum,Hausdorff,15.620499351813308
sub-981664,ses-5mo,52,Right-Pallidum,HD95,13.928388595581055
sub-981664,ses-5mo,52,Right-Pallidum,MI,2.461220079347584e-08
sub-981664,ses-5mo,52,Right-Pallidum,NMI,1.6072661840065938e-05
sub-981664,ses-5mo,8,Left-Cerebellum-Cortex,Dice,0.15982808238975532
sub-981664,ses-5mo,8,Left-Cerebellum-Cortex,IoU,0.08685497309257792
sub-981664,ses-5mo,8,Left-Cerebellum-Cortex,Hausdorff,33.436506994600975
sub-981664,ses-5mo,8,Left-Cerebellum-Cortex,HD95,23.216373443603516
sub-981664,ses-5mo,8,Left-Cerebellum-Cortex,MI,0.0022605851693012075
sub-981664,ses-5mo,8,Left-Cerebellum-Cortex,NMI,0.06622058024782654
sub-981664,ses-5mo,11,Left-Caudate,Dice,0.25464788732394367
sub-981664,ses-5mo,11,Left-Caudate,IoU,0.1459005810200129
sub-981664,ses-5mo,11,Left-Caudate,Hausdorff,17.88854381999832
sub-981664,ses-5mo,11,Left-Caudate,HD95,10.0
sub-981664,ses-5mo,11,Left-Caudate,MI,0.0005464850653282826
sub-981664,ses-5mo,11,Left-Caudate,NMI,0.16644991656635313
sub-981664,ses-5mo,3,Left-Cerebral-Cortex,Dice,0.24371402442304588
sub-981664,ses-5mo,3,Left-Cerebral-Cortex,IoU,0.13876670873203542
sub-981664,ses-5mo,3,Left-Cerebral-Cortex,Hausdorff,34.899856733230294
sub-981664,ses-5mo,3,Left-Cerebral-Cortex,HD95,12.845232963562012
sub-981664,ses-5mo,3,Left-Cerebral-Cortex,MI,0.009943895922691237
sub-981664,ses-5mo,3,Left-Cerebral-Cortex,NMI,0.0832206685852841
sub-981664,ses-5mo,77,WM-hypointensities,Dice,0.0004886391399951136
sub-981664,ses-5mo,77,WM-hypointensities,IoU,0.00024437927663734115
sub-981664,ses-5mo,77,WM-hypointensities,Hausdorff,76.84399781375251
sub-981664,ses-5mo,77,WM-hypointensities,HD95,70.10670166015625
sub-981664,ses-5mo,77,WM-hypointensities,MI,7.241254711144254e-07
sub-981664,ses-5mo,77,WM-hypointensities,NMI,0.0003011999123895303
sub-981664,ses-5mo,4,Left-Lateral-Ventricle,Dice,0.002403158436802655
sub-981664,ses-5mo,4,Left-Lateral-Ventricle,IoU,0.0012030247479376719
sub-981664,ses-5mo,4,Left-Lateral-Ventricle,Hausdorff,24.228082879171435
sub-981664,ses-5mo,4,Left-Lateral-Ventricle,HD95,17.291616439819336
sub-981664,ses-5mo,4,Left-Lateral-Ventricle,MI,1.2907036507414567e-06
sub-981664,ses-5mo,4,Left-Lateral-Ventricle,NMI,0.00014163651914048946
sub-981664,ses-5mo,18,Left-Amygdala,Dice,0.0
sub-981664,ses-5mo,18,Left-Amygdala,IoU,0.0
sub-981664,ses-5mo,18,Left-Amygdala,Hausdorff,29.698484809834994
sub-981664,ses-5mo,18,Left-Amygdala,HD95,25.868881225585934
sub-981664,ses-5mo,18,Left-Amygdala,MI,3.3555402656026793e-08
sub-981664,ses-5mo,18,Left-Amygdala,NMI,1.8179264069968383e-05
sub-981664,ses-5mo,44,Right-Inf-Lat-Vent,Dice,0.0
sub-981664,ses-5mo,44,Right-Inf-Lat-Vent,IoU,0.0
sub-981664,ses-5mo,44,Right-Inf-Lat-Vent,Hausdorff,26.70205984563738
sub-981664,ses-5mo,44,Right-Inf-Lat-Vent,HD95,20.064617156982376
sub-981664,ses-5mo,44,Right-Inf-Lat-Vent,MI,7.91191517095463e-09
sub-981664,ses-5mo,44,Right-Inf-Lat-Vent,NMI,7.523207496521732e-06
sub-981664,ses-5mo,47,Right-Cerebellum-Cortex,Dice,0.14753341433778858
sub-981664,ses-5mo,47,Right-Cerebellum-Cortex,IoU,0.07964160621285862
sub-981664,ses-5mo,47,Right-Cerebellum-Cortex,Hausdorff,33.91164991562634
sub-981664,ses-5mo,47,Right-Cerebellum-Cortex,HD95,23.74868392944336
sub-981664,ses-5mo,47,Right-Cerebellum-Cortex,MI,0.002054142062843045
sub-981664,ses-5mo,47,Right-Cerebellum-Cortex,NMI,0.05849844760475169
sub-981664,ses-5mo,13,Left-Pallidum,Dice,0.0
sub-981664,ses-5mo,13,Left-Pallidum,IoU,0.0
sub-981664,ses-5mo,13,Left-Pallidum,Hausdorff,16.401219466856727
sub-981664,ses-5mo,13,Left-Pallidum,HD95,13.03840446472168
sub-981664,ses-5mo,13,Left-Pallidum,MI,3.072091555895041e-08
sub-981664,ses-5mo,13,Left-Pallidum,NMI,1.8048137198543356e-05
sub-981664,ses-5mo,60,Right-VentralDC,Dice,0.0
sub-981664,ses-5mo,60,Right-VentralDC,IoU,0.0
sub-981664,ses-5mo,60,Right-VentralDC,Hausdorff,24.186773244895647
sub-981664,ses-5mo,60,Right-VentralDC,HD95,19.26136016845703
sub-981664,ses-5mo,60,Right-VentralDC,MI,1.7486300763662824e-07
sub-981664,ses-5mo,60,Right-VentralDC,NMI,4.761425894357398e-05
sub-981664,ses-5mo,49,Right-Thalamus,Dice,0.104507379337854
sub-981664,ses-5mo,49,Right-Thalamus,IoU,0.055134680134680134
sub-981664,ses-5mo,49,Right-Thalamus,Hausdorff,23.727621035409346
sub-981664,ses-5mo,49,Right-Thalamus,HD95,18.493242263793945
sub-981664,ses-5mo,49,Right-Thalamus,MI,0.0004068520003541027
sub-981664,ses-5mo,49,Right-Thalamus,NMI,0.04969332006560158
sub-981664,ses-5mo,54,Right-Amygdala,Dice,0.0
sub-981664,ses-5mo,54,Right-Amygdala,IoU,0.0
sub-981664,ses-5mo,54,Right-Amygdala,Hausdorff,30.870698080866262
sub-981664,ses-5mo,54,Right-Amygdala,HD95,26.60074653625488
sub-981664,ses-5mo,54,Right-Amygdala,MI,3.256685294692179e-08
sub-981664,ses-5mo,54,Right-Amygdala,NMI,1.7760053180870483e-05
sub-981664,ses-5mo,24,CSF,Dice,0.002911477670690167
sub-981664,ses-5mo,24,CSF,IoU,0.0014578611003654245
sub-981664,ses-5mo,24,CSF,Hausdorff,91.79324593890337
sub-981664,ses-5mo,24,CSF,HD95,76.34199371337894
sub-981664,ses-5mo,24,CSF,MI,0.00013522899191186828
sub-981664,ses-5mo,24,CSF,NMI,0.001508886148162606
sub-981664,ses-5mo,16,Brain-Stem,Dice,0.16666092290726126
sub-981664,ses-5mo,16,Brain-Stem,IoU,0.09090567314560698
sub-981664,ses-5mo,16,Brain-Stem,Hausdorff,35.679125549822544
sub-981664,ses-5mo,16,Brain-Stem,HD95,28.431494998931875
sub-981664,ses-5mo,16,Brain-Stem,MI,0.0012305814936690806
sub-981664,ses-5mo,16,Brain-Stem,NMI,0.08530791965898588
sub-981664,ses-5mo,50,Right-Caudate,Dice,0.20789327404113397
sub-981664,ses-5mo,50,Right-Caudate,IoU,0.11600496277915633
sub-981664,ses-5mo,50,Right-Caudate,Hausdorff,13.490737563232042
sub-981664,ses-5mo,50,Right-Caudate,HD95,10.488088607788086
sub-981664,ses-5mo,50,Right-Caudate,MI,0.00043192093637896745
sub-981664,ses-5mo,50,Right-Caudate,NMI,0.13005926375224008
sub-981664,ses-5mo,30,Left-vessel,Dice,0.0
sub-981664,ses-5mo,30,Left-vessel,IoU,0.0
sub-981664,ses-5mo,30,Left-vessel,Hausdorff,17.4928556845359
sub-981664,ses-5mo,30,Left-vessel,HD95,16.401220321655273
sub-981664,ses-5mo,30,Left-vessel,MI,1.499758599712961e-10
sub-981664,ses-5mo,30,Left-vessel,NMI,4.804671802303311e-07
sub-981664,ses-5mo,31,Left-choroid-plexus,Dice,0.011695906432748537
sub-981664,ses-5mo,31,Left-choroid-plexus,IoU,0.0058823529411764705
sub-981664,ses-5mo,31,Left-choroid-plexus,Hausdorff,39.63584236521283
sub-981664,ses-5mo,31,Left-choroid-plexus,HD95,16.542363739013666
sub-981664,ses-5mo,31,Left-choroid-plexus,MI,4.661479012880056e-06
sub-981664,ses-5mo,31,Left-choroid-plexus,NMI,0.004871923781153512
sub-981664,ses-5mo,28,Left-VentralDC,Dice,0.0
sub-981664,ses-5mo,28,Left-VentralDC,IoU,0.0
sub-981664,ses-5mo,28,Left-VentralDC,Hausdorff,24.61706725018234
sub-981664,ses-5mo,28,Left-VentralDC,HD95,19.26136016845703
sub-981664,ses-5mo,28,Left-VentralDC,MI,1.7458093142235388e-07
sub-981664,ses-5mo,28,Left-VentralDC,NMI,4.73904160325741e-05
sub-981664,ses-5mo,15,4th-Ventricle,Dice,0.0
sub-981664,ses-5mo,15,4th-Ventricle,IoU,0.0
sub-981664,ses-5mo,15,4th-Ventricle,Hausdorff,31.272991542223778
sub-981664,ses-5mo,15,4th-Ventricle,HD95,25.16544599533081
sub-981664,ses-5mo,15,4th-Ventricle,MI,6.3024542477224665e-09
sub-981664,ses-5mo,15,4th-Ventricle,NMI,7.433406457935598e-06
sub-981664,ses-5mo,2,Left-Cerebral-White-Matter,Dice,0.5601137624861265
sub-981664,ses-5mo,2,Left-Cerebral-White-Matter,IoU,0.3889986221781148
sub-981664,ses-5mo,2,Left-Cerebral-White-Matter,Hausdorff,31.953090617340916
sub-981664,ses-5mo,2,Left-Cerebral-White-Matter,HD95,9.0
sub-981664,ses-5mo,2,Left-Cerebral-White-Matter,MI,0.0479272917748457
sub-981664,ses-5mo,2,Left-Cerebral-White-Matter,NMI,0.35973537954355694
sub-981664,ses-5mo,41,Right-Cerebral-White-Matter,Dice,0.5405484320573388
sub-981664,ses-5mo,41,Right-Cerebral-White-Matter,IoU,0.37037778020913115
sub-981664,ses-5mo,41,Right-Cerebral-White-Matter,Hausdorff,36.24913792078372
sub-981664,ses-5mo,41,Right-Cerebral-White-Matter,HD95,11.045360565185547
sub-981664,ses-5mo,41,Right-Cerebral-White-Matter,MI,0.04550238729395417
sub-981664,ses-5mo,41,Right-Cerebral-White-Matter,NMI,0.33809026151314664
sub-981664,ses-5mo,14,3rd-Ventricle,Dice,0.0017873100983020554
sub-981664,ses-5mo,14,3rd-Ventricle,IoU,0.0008944543828264759
sub-981664,ses-5mo,14,3rd-Ventricle,Hausdorff,18.411952639521967
sub-981664,ses-5mo,14,3rd-Ventricle,HD95,15.372045135498045
sub-981664,ses-5mo,14,3rd-Ventricle,MI,3.3525815458970267e-07
sub-981664,ses-5mo,14,3rd-Ventricle,NMI,0.0004179859264609081
sub-981664,ses-5mo,63,Right-choroid-plexus,Dice,0.044444444444444446
sub-981664,ses-5mo,63,Right-choroid-plexus,IoU,0.022727272727272728
sub-981664,ses-5mo,63,Right-choroid-plexus,Hausdorff,54.037024344425184
sub-981664,ses-5mo,63,Right-choroid-plexus,HD95,16.78688001632691
sub-981664,ses-5mo,63,Right-choroid-plexus,MI,2.5268798490930158e-05
sub-981664,ses-5mo,63,Right-choroid-plexus,NMI,0.02377921443648731
sub-981664,ses-5mo,26,Left-Accumbens-area,Dice,0.0
sub-981664,ses-5mo,26,Left-Accumbens-area,IoU,0.0
sub-981664,ses-5mo,26,Left-Accumbens-area,Hausdorff,17.4928556845359
sub-981664,ses-5mo,26,Left-Accumbens-area,HD95,16.155494689941406
sub-981664,ses-5mo,26,Left-Accumbens-area,MI,4.45402901529373e-09
sub-981664,ses-5mo,26,Left-Accumbens-area,NMI,6.213359525751057e-06
sub-981664,ses-5mo,46,Right-Cerebellum-White-Matter,Dice,0.0006606266515666289
sub-981664,ses-5mo,46,Right-Cerebellum-White-Matter,IoU,0.0003304224687278735
sub-981664,ses-5mo,46,Right-Cerebellum-White-Matter,Hausdorff,36.124783736376884
sub-981664,ses-5mo,46,Right-Cerebellum-White-Matter,HD95,27.874719619750977
sub-981664,ses-5mo,46,Right-Cerebellum-White-Matter,MI,3.364259722927749e-07
sub-981664,ses-5mo,46,Right-Cerebellum-White-Matter,NMI,3.060708277965736e-05
sub-981664,ses-5mo,7,Left-Cerebellum-White-Matter,Dice,0.002170865180227036
sub-981664,ses-5mo,7,Left-Cerebellum-White-Matter,IoU,0.001086612034228279
sub-981664,ses-5mo,7,Left-Cerebellum-White-Matter,Hausdorff,35.84689665786984
sub-981664,ses-5mo,7,Left-Cerebellum-White-Matter,HD95,28.600698471069336
sub-981664,ses-5mo,7,Left-Cerebellum-White-Matter,MI,2.925217218968212e-07
sub-981664,ses-5mo,7,Left-Cerebellum-White-Matter,NMI,2.5707759683138817e-05
sub-402408,ses-7mo,51,Right-Putamen,Dice,0.4086630907802854
sub-402408,ses-7mo,51,Right-Putamen,IoU,0.25680488425337067
sub-402408,ses-7mo,51,Right-Putamen,Hausdorff,17.46424919657298
sub-402408,ses-7mo,51,Right-Putamen,HD95,11.045360565185547
sub-402408,ses-7mo,51,Right-Putamen,MI,0.0016714318881899779
sub-402408,ses-7mo,51,Right-Putamen,NMI,0.2958602676907347
sub-402408,ses-7mo,42,Right-Cerebral-Cortex,Dice,0.21868534054205116
sub-402408,ses-7mo,42,Right-Cerebral-Cortex,IoU,0.12276626107629786
sub-402408,ses-7mo,42,Right-Cerebral-Cortex,Hausdorff,34.45286635390443
sub-402408,ses-7mo,42,Right-Cerebral-Cortex,HD95,13.45362377166748
sub-402408,ses-7mo,42,Right-Cerebral-Cortex,MI,0.008158855409293304
sub-402408,ses-7mo,42,Right-Cerebral-Cortex,NMI,0.06816732917637719
sub-402408,ses-7mo,43,Right-Lateral-Ventricle,Dice,0.5909975179445898
sub-402408,ses-7mo,43,Right-Lateral-Ventricle,IoU,0.4194439154446772
sub-402408,ses-7mo,43,Right-Lateral-Ventricle,Hausdorff,29.68164415931166
sub-402408,ses-7mo,43,Right-Lateral-Ventricle,HD95,11.785509109497054
sub-402408,ses-7mo,43,Right-Lateral-Ventricle,MI,0.003946703721473138
sub-402408,ses-7mo,43,Right-Lateral-Ventricle,NMI,0.4891530977880825
sub-402408,ses-7mo,85,Optic-Chiasm,Dice,0.0
sub-402408,ses-7mo,85,Optic-Chiasm,IoU,0.0
sub-402408,ses-7mo,85,Optic-Chiasm,Hausdorff,22.64950330581225
sub-402408,ses-7mo,85,Optic-Chiasm,HD95,20.832666397094727
sub-402408,ses-7mo,85,Optic-Chiasm,MI,1.0278218207093737e-09
sub-402408,ses-7mo,85,Optic-Chiasm,NMI,2.3487108740689158e-06
sub-402408,ses-7mo,62,Right-vessel,Dice,0.0
sub-402408,ses-7mo,62,Right-vessel,IoU,0.0
sub-402408,ses-7mo,62,Right-vessel,Hausdorff,15.524174696260024
sub-402408,ses-7mo,62,Right-vessel,HD95,14.335174942016602
sub-402408,ses-7mo,62,Right-vessel,MI,8.543767079653339e-11
sub-402408,ses-7mo,62,Right-vessel,NMI,5.38186900689308e-07
sub-402408,ses-7mo,5,Left-Inf-Lat-Vent,Dice,0.0
sub-402408,ses-7mo,5,Left-Inf-Lat-Vent,IoU,0.0
sub-402408,ses-7mo,5,Left-Inf-Lat-Vent,Hausdorff,29.8496231131986
sub-402408,ses-7mo,5,Left-Inf-Lat-Vent,HD95,24.560127830505373
sub-402408,ses-7mo,5,Left-Inf-Lat-Vent,MI,2.671513281372797e-09
sub-402408,ses-7mo,5,Left-Inf-Lat-Vent,NMI,4.563010628807728e-06
sub-402408,ses-7mo,58,Right-Accumbens-area,Dice,0.0
sub-402408,ses-7mo,58,Right-Accumbens-area,IoU,0.0
sub-402408,ses-7mo,58,Right-Accumbens-area,Hausdorff,15.0
sub-402408,ses-7mo,58,Right-Accumbens-area,HD95,12.041594505310059
sub-402408,ses-7mo,58,Right-Accumbens-area,MI,2.4779866772747924e-09
sub-402408,ses-7mo,58,Right-Accumbens-area,NMI,4.552853152655355e-06
sub-402408,ses-7mo,17,Left-Hippocampus,Dice,0.0
sub-402408,ses-7mo,17,Left-Hippocampus,IoU,0.0
sub-402408,ses-7mo,17,Left-Hippocampus,Hausdorff,28.844410203711913
sub-402408,ses-7mo,17,Left-Hippocampus,HD95,22.877935028076173
sub-402408,ses-7mo,17,Left-Hippocampus,MI,1.1844033156766399e-07
sub-402408,ses-7mo,17,Left-Hippocampus,NMI,3.6330040092730256e-05
sub-402408,ses-7mo,53,Right-Hippocampus,Dice,0.0
sub-402408,ses-7mo,53,Right-Hippocampus,IoU,0.0
sub-402408,ses-7mo,53,Right-Hippocampus,Hausdorff,24.919871588754223
sub-402408,ses-7mo,53,Right-Hippocampus,HD95,20.420578002929688
sub-402408,ses-7mo,53,Right-Hippocampus,MI,1.311060846416164e-07
sub-402408,ses-7mo,53,Right-Hippocampus,NMI,3.88217109798907e-05
sub-402408,ses-7mo,10,Left-Thalamus,Dice,0.43204922418405567
sub-402408,ses-7mo,10,Left-Thalamus,IoU,0.27555024739805495
sub-402408,ses-7mo,10,Left-Thalamus,Hausdorff,21.840329667841555
sub-402408,ses-7mo,10,Left-Thalamus,HD95,15.05987434387206
sub-402408,ses-7mo,10,Left-Thalamus,MI,0.0025212408557107936
sub-402408,ses-7mo,10,Left-Thalamus,NMI,0.3102983848465185
sub-402408,ses-7mo,12,Left-Putamen,Dice,0.38422649140546006
sub-402408,ses-7mo,12,Left-Putamen,IoU,0.23779724655819776
sub-402408,ses-7mo,12,Left-Putamen,Hausdorff,17.349351572897472
sub-402408,ses-7mo,12,Left-Putamen,HD95,12.559844970703125
sub-402408,ses-7mo,12,Left-Putamen,MI,0.0015565708346923315
sub-402408,ses-7mo,12,Left-Putamen,NMI,0.27566529703005316
sub-402408,ses-7mo,52,Right-Pallidum,Dice,0.07780725022104333
sub-402408,ses-7mo,52,Right-Pallidum,IoU,0.040478380864765406
sub-402408,ses-7mo,52,Right-Pallidum,Hausdorff,13.076696830622021
sub-402408,ses-7mo,52,Right-Pallidum,HD95,10.770329475402832
sub-402408,ses-7mo,52,Right-Pallidum,MI,6.464238390211218e-05
sub-402408,ses-7mo,52,Right-Pallidum,NMI,0.04230907158183183
sub-402408,ses-7mo,8,Left-Cerebellum-Cortex,Dice,0.09939825508687784
sub-402408,ses-7mo,8,Left-Cerebellum-Cortex,IoU,0.052298307813782106
sub-402408,ses-7mo,8,Left-Cerebellum-Cortex,Hausdorff,39.7994974842648
sub-402408,ses-7mo,8,Left-Cerebellum-Cortex,HD95,28.17800521850586
sub-402408,ses-7mo,8,Left-Cerebellum-Cortex,MI,0.0010323438278435084
sub-402408,ses-7mo,8,Left-Cerebellum-Cortex,NMI,0.03454765995598107
sub-402408,ses-7mo,11,Left-Caudate,Dice,0.5968566559363757
sub-402408,ses-7mo,11,Left-Caudate,IoU,0.4253711201079622
sub-402408,ses-7mo,11,Left-Caudate,Hausdorff,8.717797887081348
sub-402408,ses-7mo,11,Left-Caudate,HD95,4.898979663848877
sub-402408,ses-7mo,11,Left-Caudate,MI,0.001566875760112516
sub-402408,ses-7mo,11,Left-Caudate,NMI,0.48081730264526834
sub-402408,ses-7mo,3,Left-Cerebral-Cortex,Dice,0.22866517089961808
sub-402408,ses-7mo,3,Left-Cerebral-Cortex,IoU,0.12909200854801212
sub-402408,ses-7mo,3,Left-Cerebral-Cortex,Hausdorff,37.027017163147235
sub-402408,ses-7mo,3,Left-Cerebral-Cortex,HD95,16.792856216430664
sub-402408,ses-7mo,3,Left-Cerebral-Cortex,MI,0.008941336935728194
sub-402408,ses-7mo,3,Left-Cerebral-Cortex,NMI,0.07280057115050106
sub-402408,ses-7mo,4,Left-Lateral-Ventricle,Dice,0.6358591248665956
sub-402408,ses-7mo,4,Left-Lateral-Ventricle,IoU,0.46612423720857454
sub-402408,ses-7mo,4,Left-Lateral-Ventricle,Hausdorff,20.248456731316587
sub-402408,ses-7mo,4,Left-Lateral-Ventricle,HD95,12.0
sub-402408,ses-7mo,4,Left-Lateral-Ventricle,MI,0.005153120522069823
sub-402408,ses-7mo,4,Left-Lateral-Ventricle,NMI,0.5216142575452497
sub-402408,ses-7mo,18,Left-Amygdala,Dice,0.0
sub-402408,ses-7mo,18,Left-Amygdala,IoU,0.0
sub-402408,ses-7mo,18,Left-Amygdala,Hausdorff,28.6705423736629
sub-402408,ses-7mo,18,Left-Amygdala,HD95,24.935916900634766
sub-402408,ses-7mo,18,Left-Amygdala,MI,3.044310105653619e-08
sub-402408,ses-7mo,18,Left-Amygdala,NMI,1.7385602615790127e-05
sub-402408,ses-7mo,44,Right-Inf-Lat-Vent,Dice,0.005625879043600563
sub-402408,ses-7mo,44,Right-Inf-Lat-Vent,IoU,0.0028208744710860366
sub-402408,ses-7mo,44,Right-Inf-Lat-Vent,Hausdorff,25.92296279363144
sub-402408,ses-7mo,44,Right-Inf-Lat-Vent,HD95,22.715633392333984
sub-402408,ses-7mo,44,Right-Inf-Lat-Vent,MI,1.0575227270779757e-06
sub-402408,ses-7mo,44,Right-Inf-Lat-Vent,NMI,0.001973077969080215
sub-402408,ses-7mo,47,Right-Cerebellum-Cortex,Dice,0.11328224415349376
sub-402408,ses-7mo,47,Right-Cerebellum-Cortex,IoU,0.060041966426858516
sub-402408,ses-7mo,47,Right-Cerebellum-Cortex,Hausdorff,36.124783736376884
sub-402408,ses-7mo,47,Right-Cerebellum-Cortex,HD95,26.248809814453125
sub-402408,ses-7mo,47,Right-Cerebellum-Cortex,MI,0.0012817921290671705
sub-402408,ses-7mo,47,Right-Cerebellum-Cortex,NMI,0.041489558019212176
sub-402408,ses-7mo,13,Left-Pallidum,Dice,0.06521739130434782
sub-402408,ses-7mo,13,Left-Pallidum,IoU,0.033707865168539325
sub-402408,ses-7mo,13,Left-Pallidum,Hausdorff,13.490737563232042
sub-402408,ses-7mo,13,Left-Pallidum,HD95,10.862780570983887
sub-402408,ses-7mo,13,Left-Pallidum,MI,5.7822727303348314e-05
sub-402408,ses-7mo,13,Left-Pallidum,NMI,0.03365774068335779
sub-402408,ses-7mo,60,Right-VentralDC,Dice,0.006280092108017585
sub-402408,ses-7mo,60,Right-VentralDC,IoU,0.003149937001259975
sub-402408,ses-7mo,60,Right-VentralDC,Hausdorff,21.37755832643195
sub-402408,ses-7mo,60,Right-VentralDC,HD95,16.309507369995117
sub-402408,ses-7mo,60,Right-VentralDC,MI,4.1594184526093605e-06
sub-402408,ses-7mo,60,Right-VentralDC,NMI,0.001395085504747491
sub-402408,ses-7mo,49,Right-Thalamus,Dice,0.4399915032216951
sub-402408,ses-7mo,49,Right-Thalamus,IoU,0.2820442992011619
sub-402408,ses-7mo,49,Right-Thalamus,Hausdorff,21.213203435596427
sub-402408,ses-7mo,49,Right-Thalamus,HD95,14.798648834228516
sub-402408,ses-7mo,49,Right-Thalamus,MI,0.0024616049491419864
sub-402408,ses-7mo,49,Right-Thalamus,NMI,0.3183906678912747
sub-402408,ses-7mo,54,Right-Amygdala,Dice,0.0
sub-402408,ses-7mo,54,Right-Amygdala,IoU,0.0
sub-402408,ses-7mo,54,Right-Amygdala,Hausdorff,26.419689627245813
sub-402408,ses-7mo,54,Right-Amygdala,HD95,23.0
sub-402408,ses-7mo,54,Right-Amygdala,MI,3.076240961345355e-08
sub-402408,ses-7mo,54,Right-Amygdala,NMI,1.7381100557818723e-05
sub-402408,ses-7mo,24,CSF,Dice,0.0011815557150247826
sub-402408,ses-7mo,24,CSF,IoU,0.0005911270823035922
sub-402408,ses-7mo,24,CSF,Hausdorff,88.29496021857646
sub-402408,ses-7mo,24,CSF,HD95,72.67048645019531
sub-402408,ses-7mo,24,CSF,MI,2.3933921688914172e-05
sub-402408,ses-7mo,24,CSF,NMI,0.00027604960231127524
sub-402408,ses-7mo,16,Brain-Stem,Dice,0.1846521825792306
sub-402408,ses-7mo,16,Brain-Stem,IoU,0.1017172471342615
sub-402408,ses-7mo,16,Brain-Stem,Hausdorff,34.942810419312295
sub-402408,ses-7mo,16,Brain-Stem,HD95,28.1069393157959
sub-402408,ses-7mo,16,Brain-Stem,MI,0.0012579283609331824
sub-402408,ses-7mo,16,Brain-Stem,NMI,0.09875370591575985
sub-402408,ses-7mo,50,Right-Caudate,Dice,0.5951732897840682
sub-402408,ses-7mo,50,Right-Caudate,IoU,0.42366313614053214
sub-402408,ses-7mo,50,Right-Caudate,Hausdorff,6.4031242374328485
sub-402408,ses-7mo,50,Right-Caudate,HD95,3.7416574954986572
sub-402408,ses-7mo,50,Right-Caudate,MI,0.0016259397540121555
sub-402408,ses-7mo,50,Right-Caudate,NMI,0.48072006759881925
sub-402408,ses-7mo,30,Left-vessel,Dice,0.0
sub-402408,ses-7mo,30,Left-vessel,IoU,0.0
sub-402408,ses-7mo,30,Left-vessel,Hausdorff,18.708286933869708
sub-402408,ses-7mo,30,Left-vessel,HD95,16.023276805877686
sub-402408,ses-7mo,30,Left-vessel,MI,1.3881270650084251e-10
sub-402408,ses-7mo,30,Left-vessel,NMI,5.115107255931151e-07
sub-402408,ses-7mo,31,Left-choroid-plexus,Dice,0.023225806451612905
sub-402408,ses-7mo,31,Left-choroid-plexus,IoU,0.01174934725848564
sub-402408,ses-7mo,31,Left-choroid-plexus,Hausdorff,21.095023109728988
sub-402408,ses-7mo,31,Left-choroid-plexus,HD95,13.224874210357662
sub-402408,ses-7mo,31,Left-choroid-plexus,MI,6.368242630520205e-06
sub-402408,ses-7mo,31,Left-choroid-plexus,NMI,0.010961572202506651
sub-402408,ses-7mo,28,Left-VentralDC,Dice,0.0016750418760469012
sub-402408,ses-7mo,28,Left-VentralDC,IoU,0.0008382229673093043
sub-402408,ses-7mo,28,Left-VentralDC,Hausdorff,20.71231517720798
sub-402408,ses-7mo,28,Left-VentralDC,HD95,17.169717788696293
sub-402408,ses-7mo,28,Left-VentralDC,MI,4.5690593310644075e-07
sub-402408,ses-7mo,28,Left-VentralDC,NMI,0.00015331541236180261
sub-402408,ses-7mo,15,4th-Ventricle,Dice,0.0
sub-402408,ses-7mo,15,4th-Ventricle,IoU,0.0
sub-402408,ses-7mo,15,4th-Ventricle,Hausdorff,38.01315561749642
sub-402408,ses-7mo,15,4th-Ventricle,HD95,26.604496383666987
sub-402408,ses-7mo,15,4th-Ventricle,MI,3.243794489997875e-08
sub-402408,ses-7mo,15,4th-Ventricle,NMI,1.661800472349135e-05
sub-402408,ses-7mo,2,Left-Cerebral-White-Matter,Dice,0.47302872416665054
sub-402408,ses-7mo,2,Left-Cerebral-White-Matter,IoU,0.30978233294434016
sub-402408,ses-7mo,2,Left-Cerebral-White-Matter,Hausdorff,35.0
sub-402408,ses-7mo,2,Left-Cerebral-White-Matter,HD95,13.601470947265625
sub-402408,ses-7mo,2,Left-Cerebral-White-Matter,MI,0.03582965818999601
sub-402408,ses-7mo,2,Left-Cerebral-White-Matter,NMI,0.31344557655514227
sub-402408,ses-7mo,41,Right-Cerebral-White-Matter,Dice,0.4939742495740116
sub-402408,ses-7mo,41,Right-Cerebral-White-Matter,IoU,0.3279985414819687
sub-402408,ses-7mo,41,Right-Cerebral-White-Matter,Hausdorff,29.8496231131986
sub-402408,ses-7mo,41,Right-Cerebral-White-Matter,HD95,10.392304420471191
sub-402408,ses-7mo,41,Right-Cerebral-White-Matter,MI,0.03840812678759576
sub-402408,ses-7mo,41,Right-Cerebral-White-Matter,NMI,0.32797800610296357
sub-402408,ses-7mo,14,3rd-Ventricle,Dice,0.1219414360208584
sub-402408,ses-7mo,14,3rd-Ventricle,IoU,0.06492951730029901
sub-402408,ses-7mo,14,3rd-Ventricle,Hausdorff,15.811388300841896
sub-402408,ses-7mo,14,3rd-Ventricle,HD95,10.816654205322266
sub-402408,ses-7mo,14,3rd-Ventricle,MI,0.00012947800107292504
sub-402408,ses-7mo,14,3rd-Ventricle,NMI,0.07902431777155573
sub-402408,ses-7mo,63,Right-choroid-plexus,Dice,0.0
sub-402408,ses-7mo,63,Right-choroid-plexus,IoU,0.0
sub-402408,ses-7mo,63,Right-choroid-plexus,Hausdorff,29.715315916207253
sub-402408,ses-7mo,63,Right-choroid-plexus,HD95,14.270589303970336
sub-402408,ses-7mo,63,Right-choroid-plexus,MI,2.502304681848257e-09
sub-402408,ses-7mo,63,Right-choroid-plexus,NMI,4.58509371639137e-06
sub-402408,ses-7mo,26,Left-Accumbens-area,Dice,0.0
sub-402408,ses-7mo,26,Left-Accumbens-area,IoU,0.0
sub-402408,ses-7mo,26,Left-Accumbens-area,Hausdorff,16.09347693943108
sub-402408,ses-7mo,26,Left-Accumbens-area,HD95,13.928388595581055
sub-402408,ses-7mo,26,Left-Accumbens-area,MI,2.450253225522777e-09
sub-402408,ses-7mo,26,Left-Accumbens-area,NMI,4.5144435499619175e-06
sub-402408,ses-7mo,46,Right-Cerebellum-White-Matter,Dice,0.00010627557255964716
sub-402408,ses-7mo,46,Right-Cerebellum-White-Matter,IoU,5.3140610054203425e-05
sub-402408,ses-7mo,46,Right-Cerebellum-White-Matter,Hausdorff,36.193922141707716
sub-402408,ses-7mo,46,Right-Cerebellum-White-Matter,HD95,28.740215301513672
sub-402408,ses-7mo,46,Right-Cerebellum-White-Matter,MI,1.1307654507193157e-06
sub-402408,ses-7mo,46,Right-Cerebellum-White-Matter,NMI,0.00011395101366672932
sub-402408,ses-7mo,7,Left-Cerebellum-White-Matter,Dice,0.0008809117436546826
sub-402408,ses-7mo,7,Left-Cerebellum-White-Matter,IoU,0.0004406499586890664
sub-402408,ses-7mo,7,Left-Cerebellum-White-Matter,Hausdorff,37.22902093797257
sub-402408,ses-7mo,7,Left-Cerebellum-White-Matter,HD95,30.654522609710707
sub-402408,ses-7mo,7,Left-Cerebellum-White-Matter,MI,4.5418797921091496e-08
sub-402408,ses-7mo,7,Left-Cerebellum-White-Matter,NMI,4.728561837070195e-06
sub-402408,ses-4mo,51,Right-Putamen,Dice,0.20804842506445465
sub-402408,ses-4mo,51,Right-Putamen,IoU,0.116101588890279
sub-402408,ses-4mo,51,Right-Putamen,Hausdorff,17.11724276862369
sub-402408,ses-4mo,51,Right-Putamen,HD95,13.892443656921387
sub-402408,ses-4mo,51,Right-Putamen,MI,0.0006618769168911843
sub-402408,ses-4mo,51,Right-Putamen,NMI,0.1283358800421285
sub-402408,ses-4mo,42,Right-Cerebral-Cortex,Dice,0.20350824104438092
sub-402408,ses-4mo,42,Right-Cerebral-Cortex,IoU,0.11328092101167743
sub-402408,ses-4mo,42,Right-Cerebral-Cortex,Hausdorff,52.04805471869242
sub-402408,ses-4mo,42,Right-Cerebral-Cortex,HD95,24.351591110229492
sub-402408,ses-4mo,42,Right-Cerebral-Cortex,MI,0.006729118277886463
sub-402408,ses-4mo,42,Right-Cerebral-Cortex,NMI,0.06601364760500644
sub-402408,ses-4mo,43,Right-Lateral-Ventricle,Dice,0.3986570323334063
sub-402408,ses-4mo,43,Right-Lateral-Ventricle,IoU,0.2489516864175023
sub-402408,ses-4mo,43,Right-Lateral-Ventricle,Hausdorff,46.79743582719036
sub-402408,ses-4mo,43,Right-Lateral-Ventricle,HD95,18.027755737304688
sub-402408,ses-4mo,43,Right-Lateral-Ventricle,MI,0.00221451851916308
sub-402408,ses-4mo,43,Right-Lateral-Ventricle,NMI,0.29659613332736606
sub-402408,ses-4mo,85,Optic-Chiasm,Dice,0.0
sub-402408,ses-4mo,85,Optic-Chiasm,IoU,0.0
sub-402408,ses-4mo,85,Optic-Chiasm,Hausdorff,37.86819245752297
sub-402408,ses-4mo,85,Optic-Chiasm,HD95,36.72737503051758
sub-402408,ses-4mo,85,Optic-Chiasm,MI,3.6972604910642543e-10
sub-402408,ses-4mo,85,Optic-Chiasm,NMI,9.81037649387289e-07
sub-402408,ses-4mo,5,Left-Inf-Lat-Vent,Dice,0.00663716814159292
sub-402408,ses-4mo,5,Left-Inf-Lat-Vent,IoU,0.003329633740288568
sub-402408,ses-4mo,5,Left-Inf-Lat-Vent,Hausdorff,42.02380277890139
sub-402408,ses-4mo,5,Left-Inf-Lat-Vent,HD95,35.916568756103516
sub-402408,ses-4mo,5,Left-Inf-Lat-Vent,MI,1.529481606549715e-06
sub-402408,ses-4mo,5,Left-Inf-Lat-Vent,NMI,0.0022883307167735757
sub-402408,ses-4mo,58,Right-Accumbens-area,Dice,0.0
sub-402408,ses-4mo,58,Right-Accumbens-area,IoU,0.0
sub-402408,ses-4mo,58,Right-Accumbens-area,Hausdorff,19.209372712298546
sub-402408,ses-4mo,58,Right-Accumbens-area,HD95,17.464248657226562
sub-402408,ses-4mo,58,Right-Accumbens-area,MI,1.911125106245407e-09
sub-402408,ses-4mo,58,Right-Accumbens-area,NMI,3.9470939947704365e-06
sub-402408,ses-4mo,17,Left-Hippocampus,Dice,0.07728279596357371
sub-402408,ses-4mo,17,Left-Hippocampus,IoU,0.04019457245263697
sub-402408,ses-4mo,17,Left-Hippocampus,Hausdorff,39.16631205513228
sub-402408,ses-4mo,17,Left-Hippocampus,HD95,34.073448181152344
sub-402408,ses-4mo,17,Left-Hippocampus,MI,0.00010465897796907252
sub-402408,ses-4mo,17,Left-Hippocampus,NMI,0.04077105067617297
sub-402408,ses-4mo,53,Right-Hippocampus,Dice,0.07656354328956154
sub-402408,ses-4mo,53,Right-Hippocampus,IoU,0.039805600555426986
sub-402408,ses-4mo,53,Right-Hippocampus,Hausdorff,34.49637662132068
sub-402408,ses-4mo,53,Right-Hippocampus,HD95,30.08321762084961
sub-402408,ses-4mo,53,Right-Hippocampus,MI,0.0001120159140694707
sub-402408,ses-4mo,53,Right-Hippocampus,NMI,0.03989990328174907
sub-402408,ses-4mo,10,Left-Thalamus,Dice,0.2631417624521073
sub-402408,ses-4mo,10,Left-Thalamus,IoU,0.15150445601341217
sub-402408,ses-4mo,10,Left-Thalamus,Hausdorff,18.601075237738275
sub-402408,ses-4mo,10,Left-Thalamus,HD95,13.304134368896484
sub-402408,ses-4mo,10,Left-Thalamus,MI,0.0011811687812787281
sub-402408,ses-4mo,10,Left-Thalamus,NMI,0.16323331579429187
sub-402408,ses-4mo,12,Left-Putamen,Dice,0.05995203836930456
sub-402408,ses-4mo,12,Left-Putamen,IoU,0.030902348578491966
sub-402408,ses-4mo,12,Left-Putamen,Hausdorff,21.283796653792763
sub-402408,ses-4mo,12,Left-Putamen,HD95,17.23948593139648
sub-402408,ses-4mo,12,Left-Putamen,MI,0.00013227652830219146
sub-402408,ses-4mo,12,Left-Putamen,NMI,0.02724604359529364
sub-402408,ses-4mo,52,Right-Pallidum,Dice,0.0
sub-402408,ses-4mo,52,Right-Pallidum,IoU,0.0
sub-402408,ses-4mo,52,Right-Pallidum,Hausdorff,20.273134932713294
sub-402408,ses-4mo,52,Right-Pallidum,HD95,17.11724281311035
sub-402408,ses-4mo,52,Right-Pallidum,MI,2.1607065578692526e-08
sub-402408,ses-4mo,52,Right-Pallidum,NMI,1.4261534180321295e-05
sub-402408,ses-4mo,8,Left-Cerebellum-Cortex,Dice,0.0
sub-402408,ses-4mo,8,Left-Cerebellum-Cortex,IoU,0.0
sub-402408,ses-4mo,8,Left-Cerebellum-Cortex,Hausdorff,58.146367040426526
sub-402408,ses-4mo,8,Left-Cerebellum-Cortex,HD95,49.35433044433592
sub-402408,ses-4mo,8,Left-Cerebellum-Cortex,MI,2.2732109618601656e-05
sub-402408,ses-4mo,8,Left-Cerebellum-Cortex,NMI,0.0007237121991374941
sub-402408,ses-4mo,11,Left-Caudate,Dice,0.26288879420536854
sub-402408,ses-4mo,11,Left-Caudate,IoU,0.15133676723080697
sub-402408,ses-4mo,11,Left-Caudate,Hausdorff,16.911534525287763
sub-402408,ses-4mo,11,Left-Caudate,HD95,10.392304420471191
sub-402408,ses-4mo,11,Left-Caudate,MI,0.000511451959590646
sub-402408,ses-4mo,11,Left-Caudate,NMI,0.17423420533152684
sub-402408,ses-4mo,3,Left-Cerebral-Cortex,Dice,0.21556874970626477
sub-402408,ses-4mo,3,Left-Cerebral-Cortex,IoU,0.12080529842255341
sub-402408,ses-4mo,3,Left-Cerebral-Cortex,Hausdorff,51.67204273105525
sub-402408,ses-4mo,3,Left-Cerebral-Cortex,HD95,24.22808265686035
sub-402408,ses-4mo,3,Left-Cerebral-Cortex,MI,0.007629957927407654
sub-402408,ses-4mo,3,Left-Cerebral-Cortex,NMI,0.07209786656484174
sub-402408,ses-4mo,4,Left-Lateral-Ventricle,Dice,0.4054426455390975
sub-402408,ses-4mo,4,Left-Lateral-Ventricle,IoU,0.25426658025491466
sub-402408,ses-4mo,4,Left-Lateral-Ventricle,Hausdorff,41.54515615568198
sub-402408,ses-4mo,4,Left-Lateral-Ventricle,HD95,14.244292926788317
sub-402408,ses-4mo,4,Left-Lateral-Ventricle,MI,0.00270851545036762
sub-402408,ses-4mo,4,Left-Lateral-Ventricle,NMI,0.293397363549314
sub-402408,ses-4mo,18,Left-Amygdala,Dice,0.0
sub-402408,ses-4mo,18,Left-Amygdala,IoU,0.0
sub-402408,ses-4mo,18,Left-Amygdala,Hausdorff,38.535697735995385
sub-402408,ses-4mo,18,Left-Amygdala,HD95,37.014862060546875
sub-402408,ses-4mo,18,Left-Amygdala,MI,1.1318735829108978e-08
sub-402408,ses-4mo,18,Left-Amygdala,NMI,1.0431631355866647e-05
sub-402408,ses-4mo,44,Right-Inf-Lat-Vent,Dice,0.0
sub-402408,ses-4mo,44,Right-Inf-Lat-Vent,IoU,0.0
sub-402408,ses-4mo,44,Right-Inf-Lat-Vent,Hausdorff,36.069377593742864
sub-402408,ses-4mo,44,Right-Inf-Lat-Vent,HD95,32.018743896484374
sub-402408,ses-4mo,44,Right-Inf-Lat-Vent,MI,2.8166715443595034e-09
sub-402408,ses-4mo,44,Right-Inf-Lat-Vent,NMI,4.526996819667499e-06
sub-402408,ses-4mo,47,Right-Cerebellum-Cortex,Dice,0.0
sub-402408,ses-4mo,47,Right-Cerebellum-Cortex,IoU,0.0
sub-402408,ses-4mo,47,Right-Cerebellum-Cortex,Hausdorff,53.907327887774215
sub-402408,ses-4mo,47,Right-Cerebellum-Cortex,HD95,46.18441390991211
sub-402408,ses-4mo,47,Right-Cerebellum-Cortex,MI,2.148000503947138e-05
sub-402408,ses-4mo,47,Right-Cerebellum-Cortex,NMI,0.0007063238320350284
sub-402408,ses-4mo,13,Left-Pallidum,Dice,0.0
sub-402408,ses-4mo,13,Left-Pallidum,IoU,0.0
sub-402408,ses-4mo,13,Left-Pallidum,Hausdorff,21.118712081942874
sub-402408,ses-4mo,13,Left-Pallidum,HD95,19.0
sub-402408,ses-4mo,13,Left-Pallidum,MI,2.3533598177561798e-08
sub-402408,ses-4mo,13,Left-Pallidum,NMI,1.5274153669228804e-05
sub-402408,ses-4mo,60,Right-VentralDC,Dice,0.0010116337885685382
sub-402408,ses-4mo,60,Right-VentralDC,IoU,0.0005060728744939271
sub-402408,ses-4mo,60,Right-VentralDC,Hausdorff,31.12876483254676
sub-402408,ses-4mo,60,Right-VentralDC,HD95,25.66612434387207
sub-402408,ses-4mo,60,Right-VentralDC,MI,1.937157697793375e-07
sub-402408,ses-4mo,60,Right-VentralDC,NMI,5.432078006406227e-05
sub-402408,ses-4mo,49,Right-Thalamus,Dice,0.45344866833598907
sub-402408,ses-4mo,49,Right-Thalamus,IoU,0.29319988224904325
sub-402408,ses-4mo,49,Right-Thalamus,Hausdorff,18.627936010197157
sub-402408,ses-4mo,49,Right-Thalamus,HD95,13.34166431427002
sub-402408,ses-4mo,49,Right-Thalamus,MI,0.00239307801369355
sub-402408,ses-4mo,49,Right-Thalamus,NMI,0.3281933650485595
sub-402408,ses-4mo,54,Right-Amygdala,Dice,0.0
sub-402408,ses-4mo,54,Right-Amygdala,IoU,0.0
sub-402408,ses-4mo,54,Right-Amygdala,Hausdorff,34.249087579087416
sub-402408,ses-4mo,54,Right-Amygdala,HD95,31.93087654113768
sub-402408,ses-4mo,54,Right-Amygdala,MI,1.4006717669122048e-08
sub-402408,ses-4mo,54,Right-Amygdala,NMI,1.1672202475737068e-05
sub-402408,ses-4mo,24,CSF,Dice,1.8154586302364635e-05
sub-402408,ses-4mo,24,CSF,IoU,9.07737554918122e-06
sub-402408,ses-4mo,24,CSF,Hausdorff,88.73556220591607
sub-402408,ses-4mo,24,CSF,HD95,72.2634048461914
sub-402408,ses-4mo,24,CSF,MI,4.647385250981964e-07
sub-402408,ses-4mo,24,CSF,NMI,6.794279431952196e-06
sub-402408,ses-4mo,16,Brain-Stem,Dice,0.0
sub-402408,ses-4mo,16,Brain-Stem,IoU,0.0
sub-402408,ses-4mo,16,Brain-Stem,Hausdorff,50.33885179461288
sub-402408,ses-4mo,16,Brain-Stem,HD95,39.69508781433104
sub-402408,ses-4mo,16,Brain-Stem,MI,1.680951064167522e-06
sub-402408,ses-4mo,16,Brain-Stem,NMI,0.00016951943962622835
sub-402408,ses-4mo,50,Right-Caudate,Dice,0.4453635176316935
sub-402408,ses-4mo,50,Right-Caudate,IoU,0.28647437692523103
sub-402408,ses-4mo,50,Right-Caudate,Hausdorff,14.7648230602334
sub-402408,ses-4mo,50,Right-Caudate,HD95,7.572912883758539
sub-402408,ses-4mo,50,Right-Caudate,MI,0.0009611784600595818
sub-402408,ses-4mo,50,Right-Caudate,NMI,0.3338574132807375
sub-402408,ses-4mo,31,Left-choroid-plexus,Dice,0.0
sub-402408,ses-4mo,31,Left-choroid-plexus,IoU,0.0
sub-402408,ses-4mo,31,Left-choroid-plexus,Hausdorff,47.275786614291256
sub-402408,ses-4mo,31,Left-choroid-plexus,HD95,31.224977493286133
sub-402408,ses-4mo,31,Left-choroid-plexus,MI,2.511052816809374e-09
sub-402408,ses-4mo,31,Left-choroid-plexus,NMI,4.584857196116282e-06
sub-402408,ses-4mo,28,Left-VentralDC,Dice,0.0
sub-402408,ses-4mo,28,Left-VentralDC,IoU,0.0
sub-402408,ses-4mo,28,Left-VentralDC,Hausdorff,30.479501308256342
sub-402408,ses-4mo,28,Left-VentralDC,HD95,26.13235321044921
sub-402408,ses-4mo,28,Left-VentralDC,MI,1.1970704066703846e-07
sub-402408,ses-4mo,28,Left-VentralDC,NMI,3.4524626712202306e-05
sub-402408,ses-4mo,15,4th-Ventricle,Dice,0.0
sub-402408,ses-4mo,15,4th-Ventricle,IoU,0.0
sub-402408,ses-4mo,15,4th-Ventricle,Hausdorff,55.95533933415113
sub-402408,ses-4mo,15,4th-Ventricle,HD95,46.19090728759766
sub-402408,ses-4mo,15,4th-Ventricle,MI,1.7960082388424232e-08
sub-402408,ses-4mo,15,4th-Ventricle,NMI,1.2377291643141996e-05
sub-402408,ses-4mo,2,Left-Cerebral-White-Matter,Dice,0.5135362692345995
sub-402408,ses-4mo,2,Left-Cerebral-White-Matter,IoU,0.3454751425183934
sub-402408,ses-4mo,2,Left-Cerebral-White-Matter,Hausdorff,52.933921071464184
sub-402408,ses-4mo,2,Left-Cerebral-White-Matter,HD95,23.874671936035156
sub-402408,ses-4mo,2,Left-Cerebral-White-Matter,MI,0.03532780420889228
sub-402408,ses-4mo,2,Left-Cerebral-White-Matter,NMI,0.32706919213668045
sub-402408,ses-4mo,41,Right-Cerebral-White-Matter,Dice,0.5169618836990026
sub-402408,ses-4mo,41,Right-Cerebral-White-Matter,IoU,0.348583005397334
sub-402408,ses-4mo,41,Right-Cerebral-White-Matter,Hausdorff,52.54521862167861
sub-402408,ses-4mo,41,Right-Cerebral-White-Matter,HD95,21.610183715820312
sub-402408,ses-4mo,41,Right-Cerebral-White-Matter,MI,0.03721251565692169
sub-402408,ses-4mo,41,Right-Cerebral-White-Matter,NMI,0.33284744158171903
sub-402408,ses-4mo,14,3rd-Ventricle,Dice,0.28492773571920166
sub-402408,ses-4mo,14,3rd-Ventricle,IoU,0.16613162118780098
sub-402408,ses-4mo,14,3rd-Ventricle,Hausdorff,29.068883707497267
sub-402408,ses-4mo,14,3rd-Ventricle,HD95,22.022714614868164
sub-402408,ses-4mo,14,3rd-Ventricle,MI,0.00021374368515595242
sub-402408,ses-4mo,14,3rd-Ventricle,NMI,0.20949559694811343
sub-402408,ses-4mo,63,Right-choroid-plexus,Dice,0.058823529411764705
sub-402408,ses-4mo,63,Right-choroid-plexus,IoU,0.030303030303030304
sub-402408,ses-4mo,63,Right-choroid-plexus,Hausdorff,47.30750469005948
sub-402408,ses-4mo,63,Right-choroid-plexus,HD95,28.295745944976797
sub-402408,ses-4mo,63,Right-choroid-plexus,MI,1.7147961394358766e-05
sub-402408,ses-4mo,63,Right-choroid-plexus,NMI,0.03321898485161768
sub-402408,ses-4mo,26,Left-Accumbens-area,Dice,0.0
sub-402408,ses-4mo,26,Left-Accumbens-area,IoU,0.0
sub-402408,ses-4mo,26,Left-Accumbens-area,Hausdorff,20.199009876724155
sub-402408,ses-4mo,26,Left-Accumbens-area,HD95,18.985515880584718
sub-402408,ses-4mo,26,Left-Accumbens-area,MI,1.4809772292653832e-09
sub-402408,ses-4mo,26,Left-Accumbens-area,NMI,3.4054018851278855e-06
sub-402408,ses-4mo,46,Right-Cerebellum-White-Matter,Dice,0.0
sub-402408,ses-4mo,46,Right-Cerebellum-White-Matter,IoU,0.0
sub-402408,ses-4mo,46,Right-Cerebellum-White-Matter,Hausdorff,44.9221548904324
sub-402408,ses-4mo,46,Right-Cerebellum-White-Matter,HD95,40.62019348144531
sub-402408,ses-4mo,46,Right-Cerebellum-White-Matter,MI,8.802329090154028e-07
sub-402408,ses-4mo,46,Right-Cerebellum-White-Matter,NMI,0.00010855352486488424
sub-402408,ses-4mo,7,Left-Cerebellum-White-Matter,Dice,0.0
sub-402408,ses-4mo,7,Left-Cerebellum-White-Matter,IoU,0.0
sub-402408,ses-4mo,7,Left-Cerebellum-White-Matter,Hausdorff,48.425200051213004
sub-402408,ses-4mo,7,Left-Cerebellum-White-Matter,HD95,43.058101654052734
sub-402408,ses-4mo,7,Left-Cerebellum-White-Matter,MI,7.841359792436914e-07
sub-402408,ses-4mo,7,Left-Cerebellum-White-Matter,NMI,0.00010014130696667109
sub-645257,ses-4mo,51,Right-Putamen,Dice,0.39101123595505616
sub-645257,ses-4mo,51,Right-Putamen,IoU,0.2430167597765363
sub-645257,ses-4mo,51,Right-Putamen,Hausdorff,14.594519519326424
sub-645257,ses-4mo,51,Right-Putamen,HD95,8.83176040649414
sub-645257,ses-4mo,51,Right-Putamen,MI,0.0013881960182486617
sub-645257,ses-4mo,51,Right-Putamen,NMI,0.2818682453461931
sub-645257,ses-4mo,42,Right-Cerebral-Cortex,Dice,0.21744868332893427
sub-645257,ses-4mo,42,Right-Cerebral-Cortex,IoU,0.12198733427491001
sub-645257,ses-4mo,42,Right-Cerebral-Cortex,Hausdorff,33.03028912982749
sub-645257,ses-4mo,42,Right-Cerebral-Cortex,HD95,10.770329475402832
sub-645257,ses-4mo,42,Right-Cerebral-Cortex,MI,0.0073926053502312745
sub-645257,ses-4mo,42,Right-Cerebral-Cortex,NMI,0.07409081764613758
sub-645257,ses-4mo,43,Right-Lateral-Ventricle,Dice,0.5151613955004891
sub-645257,ses-4mo,43,Right-Lateral-Ventricle,IoU,0.3469477382520861
sub-645257,ses-4mo,43,Right-Lateral-Ventricle,Hausdorff,20.904544960366874
sub-645257,ses-4mo,43,Right-Lateral-Ventricle,HD95,12.206555366516113
sub-645257,ses-4mo,43,Right-Lateral-Ventricle,MI,0.0028778855824262563
sub-645257,ses-4mo,43,Right-Lateral-Ventricle,NMI,0.42486608600873754
sub-645257,ses-4mo,85,Optic-Chiasm,Dice,0.0
sub-645257,ses-4mo,85,Optic-Chiasm,IoU,0.0
sub-645257,ses-4mo,85,Optic-Chiasm,Hausdorff,20.518284528683193
sub-645257,ses-4mo,85,Optic-Chiasm,HD95,19.209373474121094
sub-645257,ses-4mo,85,Optic-Chiasm,MI,2.2657638532573316e-10
sub-645257,ses-4mo,85,Optic-Chiasm,NMI,7.530598818013282e-07
sub-645257,ses-4mo,62,Right-vessel,Dice,0.0
sub-645257,ses-4mo,62,Right-vessel,IoU,0.0
sub-645257,ses-4mo,62,Right-vessel,Hausdorff,12.36931687685298
sub-645257,ses-4mo,62,Right-vessel,HD95,11.661903381347656
sub-645257,ses-4mo,62,Right-vessel,MI,4.1115309809249207e-11
sub-645257,ses-4mo,62,Right-vessel,NMI,3.265806506455776e-07
sub-645257,ses-4mo,5,Left-Inf-Lat-Vent,Dice,0.033783783783783786
sub-645257,ses-4mo,5,Left-Inf-Lat-Vent,IoU,0.01718213058419244
sub-645257,ses-4mo,5,Left-Inf-Lat-Vent,Hausdorff,24.08318915758459
sub-645257,ses-4mo,5,Left-Inf-Lat-Vent,HD95,21.21320343017578
sub-645257,ses-4mo,5,Left-Inf-Lat-Vent,MI,8.13629914054469e-06
sub-645257,ses-4mo,5,Left-Inf-Lat-Vent,NMI,0.017972611713428448
sub-645257,ses-4mo,58,Right-Accumbens-area,Dice,0.0
sub-645257,ses-4mo,58,Right-Accumbens-area,IoU,0.0
sub-645257,ses-4mo,58,Right-Accumbens-area,Hausdorff,12.041594578792296
sub-645257,ses-4mo,58,Right-Accumbens-area,HD95,9.26010012626648
sub-645257,ses-4mo,58,Right-Accumbens-area,MI,1.8652302786478043e-09
sub-645257,ses-4mo,58,Right-Accumbens-area,NMI,3.8665062838331325e-06
sub-645257,ses-4mo,17,Left-Hippocampus,Dice,0.005707297187117815
sub-645257,ses-4mo,17,Left-Hippocampus,IoU,0.0028618152085036794
sub-645257,ses-4mo,17,Left-Hippocampus,Hausdorff,20.074859899884732
sub-645257,ses-4mo,17,Left-Hippocampus,HD95,15.394804000854492
sub-645257,ses-4mo,17,Left-Hippocampus,MI,3.7104133502690283e-06
sub-645257,ses-4mo,17,Left-Hippocampus,NMI,0.0012173027358193373
sub-645257,ses-4mo,53,Right-Hippocampus,Dice,0.03503120595933159
sub-645257,ses-4mo,53,Right-Hippocampus,IoU,0.017827868852459017
sub-645257,ses-4mo,53,Right-Hippocampus,Hausdorff,20.808652046684813
sub-645257,ses-4mo,53,Right-Hippocampus,HD95,15.326413059234607
sub-645257,ses-4mo,53,Right-Hippocampus,MI,4.502784595968422e-05
sub-645257,ses-4mo,53,Right-Hippocampus,NMI,0.014641358319712342
sub-645257,ses-4mo,10,Left-Thalamus,Dice,0.5170338030032414
sub-645257,ses-4mo,10,Left-Thalamus,IoU,0.34864840752966364
sub-645257,ses-4mo,10,Left-Thalamus,Hausdorff,16.431676725154983
sub-645257,ses-4mo,10,Left-Thalamus,HD95,10.46897583007812
sub-645257,ses-4mo,10,Left-Thalamus,MI,0.0031732579119469967
sub-645257,ses-4mo,10,Left-Thalamus,NMI,0.3858614740288513
sub-645257,ses-4mo,12,Left-Putamen,Dice,0.26668384437000775
sub-645257,ses-4mo,12,Left-Putamen,IoU,0.15385758882116843
sub-645257,ses-4mo,12,Left-Putamen,Hausdorff,15.264337522473747
sub-645257,ses-4mo,12,Left-Putamen,HD95,11.0
sub-645257,ses-4mo,12,Left-Putamen,MI,0.0008012017165225084
sub-645257,ses-4mo,12,Left-Putamen,NMI,0.17543581905658148
sub-645257,ses-4mo,52,Right-Pallidum,Dice,0.1814977973568282
sub-645257,ses-4mo,52,Right-Pallidum,IoU,0.0998062015503876
sub-645257,ses-4mo,52,Right-Pallidum,Hausdorff,9.486832980505138
sub-645257,ses-4mo,52,Right-Pallidum,HD95,7.549834251403809
sub-645257,ses-4mo,52,Right-Pallidum,MI,0.00017818679202728798
sub-645257,ses-4mo,52,Right-Pallidum,NMI,0.11617744897461449
sub-645257,ses-4mo,8,Left-Cerebellum-Cortex,Dice,0.11849664601855121
sub-645257,ses-4mo,8,Left-Cerebellum-Cortex,IoU,0.06297976868752346
sub-645257,ses-4mo,8,Left-Cerebellum-Cortex,Hausdorff,36.4828726939094
sub-645257,ses-4mo,8,Left-Cerebellum-Cortex,HD95,29.068883895874023
sub-645257,ses-4mo,8,Left-Cerebellum-Cortex,MI,0.0012979817479267112
sub-645257,ses-4mo,8,Left-Cerebellum-Cortex,NMI,0.04692620267727721
sub-645257,ses-4mo,11,Left-Caudate,Dice,0.47410358565737054
sub-645257,ses-4mo,11,Left-Caudate,IoU,0.31070496083550914
sub-645257,ses-4mo,11,Left-Caudate,Hausdorff,8.660254037844387
sub-645257,ses-4mo,11,Left-Caudate,HD95,5.385164737701416
sub-645257,ses-4mo,11,Left-Caudate,MI,0.0010285666211169492
sub-645257,ses-4mo,11,Left-Caudate,NMI,0.3628961173907411
sub-645257,ses-4mo,3,Left-Cerebral-Cortex,Dice,0.23740144152553236
sub-645257,ses-4mo,3,Left-Cerebral-Cortex,IoU,0.13468832161703556
sub-645257,ses-4mo,3,Left-Cerebral-Cortex,Hausdorff,27.94637722496424
sub-645257,ses-4mo,3,Left-Cerebral-Cortex,HD95,10.0
sub-645257,ses-4mo,3,Left-Cerebral-Cortex,MI,0.00868766801636213
sub-645257,ses-4mo,3,Left-Cerebral-Cortex,NMI,0.08507882040226294
sub-645257,ses-4mo,4,Left-Lateral-Ventricle,Dice,0.5263594164456233
sub-645257,ses-4mo,4,Left-Lateral-Ventricle,IoU,0.35718303521205985
sub-645257,ses-4mo,4,Left-Lateral-Ventricle,Hausdorff,18.138357147217054
sub-645257,ses-4mo,4,Left-Lateral-Ventricle,HD95,8.602325439453125
sub-645257,ses-4mo,4,Left-Lateral-Ventricle,MI,0.00291871882269474
sub-645257,ses-4mo,4,Left-Lateral-Ventricle,NMI,0.43714419744991856
sub-645257,ses-4mo,18,Left-Amygdala,Dice,0.0
sub-645257,ses-4mo,18,Left-Amygdala,IoU,0.0
sub-645257,ses-4mo,18,Left-Amygdala,Hausdorff,22.869193252058544
sub-645257,ses-4mo,18,Left-Amygdala,HD95,20.797821044921868
sub-645257,ses-4mo,18,Left-Amygdala,MI,1.7979133048670604e-08
sub-645257,ses-4mo,18,Left-Amygdala,NMI,1.2968794343120427e-05
sub-645257,ses-4mo,44,Right-Inf-Lat-Vent,Dice,0.026785714285714284
sub-645257,ses-4mo,44,Right-Inf-Lat-Vent,IoU,0.013574660633484163
sub-645257,ses-4mo,44,Right-Inf-Lat-Vent,Hausdorff,22.869193252058544
sub-645257,ses-4mo,44,Right-Inf-Lat-Vent,HD95,20.638554763793945
sub-645257,ses-4mo,44,Right-Inf-Lat-Vent,MI,6.83441706631877e-06
sub-645257,ses-4mo,44,Right-Inf-Lat-Vent,NMI,0.013439978481379032
sub-645257,ses-4mo,47,Right-Cerebellum-Cortex,Dice,0.1320240043644299
sub-645257,ses-4mo,47,Right-Cerebellum-Cortex,IoU,0.07067757009345794
sub-645257,ses-4mo,47,Right-Cerebellum-Cortex,Hausdorff,33.25657829663178
sub-645257,ses-4mo,47,Right-Cerebellum-Cortex,HD95,26.699250888824437
sub-645257,ses-4mo,47,Right-Cerebellum-Cortex,MI,0.0015067849953434576
sub-645257,ses-4mo,47,Right-Cerebellum-Cortex,NMI,0.05441708109257766
sub-645257,ses-4mo,13,Left-Pallidum,Dice,0.08493870402802102
sub-645257,ses-4mo,13,Left-Pallidum,IoU,0.04435299497027892
sub-645257,ses-4mo,13,Left-Pallidum,Hausdorff,9.9498743710662
sub-645257,ses-4mo,13,Left-Pallidum,HD95,8.567332267761229
sub-645257,ses-4mo,13,Left-Pallidum,MI,7.221375801971642e-05
sub-645257,ses-4mo,13,Left-Pallidum,NMI,0.046825082283359916
sub-645257,ses-4mo,60,Right-VentralDC,Dice,0.044331210191082805
sub-645257,ses-4mo,60,Right-VentralDC,IoU,0.022668056279312142
sub-645257,ses-4mo,60,Right-VentralDC,Hausdorff,14.866068747318506
sub-645257,ses-4mo,60,Right-VentralDC,HD95,11.747340202331543
sub-645257,ses-4mo,60,Right-VentralDC,MI,5.0163205671770834e-05
sub-645257,ses-4mo,60,Right-VentralDC,NMI,0.020059191837752764
sub-645257,ses-4mo,49,Right-Thalamus,Dice,0.47349406473494066
sub-645257,ses-4mo,49,Right-Thalamus,IoU,0.31018160741885625
sub-645257,ses-4mo,49,Right-Thalamus,Hausdorff,17.233687939614086
sub-645257,ses-4mo,49,Right-Thalamus,HD95,12.041594505310059
sub-645257,ses-4mo,49,Right-Thalamus,MI,0.0025871183524028363
sub-645257,ses-4mo,49,Right-Thalamus,NMI,0.34588448973797337
sub-645257,ses-4mo,54,Right-Amygdala,Dice,0.010757507844016136
sub-645257,ses-4mo,54,Right-Amygdala,IoU,0.005407841369986481
sub-645257,ses-4mo,54,Right-Amygdala,Hausdorff,22.869193252058544
sub-645257,ses-4mo,54,Right-Amygdala,HD95,20.430348587036125
sub-645257,ses-4mo,54,Right-Amygdala,MI,5.636214418054731e-06
sub-645257,ses-4mo,54,Right-Amygdala,NMI,0.0037551690544535272
sub-645257,ses-4mo,24,CSF,Dice,0.001049797404205987
sub-645257,ses-4mo,24,CSF,IoU,0.0005251743654457937
sub-645257,ses-4mo,24,CSF,Hausdorff,83.16850365372699
sub-645257,ses-4mo,24,CSF,HD95,70.80254364013672
sub-645257,ses-4mo,24,CSF,MI,2.577215598718199e-05
sub-645257,ses-4mo,24,CSF,NMI,0.0003268455344524107
sub-645257,ses-4mo,16,Brain-Stem,Dice,0.2771555092471998
sub-645257,ses-4mo,16,Brain-Stem,IoU,0.16087087995161778
sub-645257,ses-4mo,16,Brain-Stem,Hausdorff,33.555923471125034
sub-645257,ses-4mo,16,Brain-Stem,HD95,27.622453689575195
sub-645257,ses-4mo,16,Brain-Stem,MI,0.0017187245071515864
sub-645257,ses-4mo,16,Brain-Stem,NMI,0.16977790327708603
sub-645257,ses-4mo,50,Right-Caudate,Dice,0.5585895506342722
sub-645257,ses-4mo,50,Right-Caudate,IoU,0.38752983293556087
sub-645257,ses-4mo,50,Right-Caudate,Hausdorff,7.681145747868608
sub-645257,ses-4mo,50,Right-Caudate,HD95,4.123105525970459
sub-645257,ses-4mo,50,Right-Caudate,MI,0.0013014029201618583
sub-645257,ses-4mo,50,Right-Caudate,NMI,0.44770671651784566
sub-645257,ses-4mo,31,Left-choroid-plexus,Dice,0.0
sub-645257,ses-4mo,31,Left-choroid-plexus,IoU,0.0
sub-645257,ses-4mo,31,Left-choroid-plexus,Hausdorff,13.038404810405298
sub-645257,ses-4mo,31,Left-choroid-plexus,HD95,12.206555366516113
sub-645257,ses-4mo,31,Left-choroid-plexus,MI,4.364031808517491e-10
sub-645257,ses-4mo,31,Left-choroid-plexus,NMI,1.7437249989795343e-06
sub-645257,ses-4mo,28,Left-VentralDC,Dice,0.019978969505783387
sub-645257,ses-4mo,28,Left-VentralDC,IoU,0.01009028146574615
sub-645257,ses-4mo,28,Left-VentralDC,Hausdorff,17.72004514666935
sub-645257,ses-4mo,28,Left-VentralDC,HD95,13.892443656921387
sub-645257,ses-4mo,28,Left-VentralDC,MI,1.776792895385982e-05
sub-645257,ses-4mo,28,Left-VentralDC,NMI,0.0073049563985884015
sub-645257,ses-4mo,15,4th-Ventricle,Dice,0.0
sub-645257,ses-4mo,15,4th-Ventricle,IoU,0.0
sub-645257,ses-4mo,15,4th-Ventricle,Hausdorff,37.20215047547655
sub-645257,ses-4mo,15,4th-Ventricle,HD95,26.115129470825195
sub-645257,ses-4mo,15,4th-Ventricle,MI,3.1980389019045305e-08
sub-645257,ses-4mo,15,4th-Ventricle,NMI,1.660671946567235e-05
sub-645257,ses-4mo,2,Left-Cerebral-White-Matter,Dice,0.5786590993384338
sub-645257,ses-4mo,2,Left-Cerebral-White-Matter,IoU,0.40712196424453534
sub-645257,ses-4mo,2,Left-Cerebral-White-Matter,Hausdorff,24.289915602982237
sub-645257,ses-4mo,2,Left-Cerebral-White-Matter,HD95,6.0
sub-645257,ses-4mo,2,Left-Cerebral-White-Matter,MI,0.0441804064559518
sub-645257,ses-4mo,2,Left-Cerebral-White-Matter,NMI,0.393075915752043
sub-645257,ses-4mo,41,Right-Cerebral-White-Matter,Dice,0.5805715751781989
sub-645257,ses-4mo,41,Right-Cerebral-White-Matter,IoU,0.40901785889703135
sub-645257,ses-4mo,41,Right-Cerebral-White-Matter,Hausdorff,25.632011235952593
sub-645257,ses-4mo,41,Right-Cerebral-White-Matter,HD95,6.7082037925720215
sub-645257,ses-4mo,41,Right-Cerebral-White-Matter,MI,0.04545557952694674
sub-645257,ses-4mo,41,Right-Cerebral-White-Matter,NMI,0.3949599002382449
sub-645257,ses-4mo,14,3rd-Ventricle,Dice,0.1731123388581952
sub-645257,ses-4mo,14,3rd-Ventricle,IoU,0.09475806451612903
sub-645257,ses-4mo,14,3rd-Ventricle,Hausdorff,11.045361017187261
sub-645257,ses-4mo,14,3rd-Ventricle,HD95,8.645772218704224
sub-645257,ses-4mo,14,3rd-Ventricle,MI,0.00017522121433460967
sub-645257,ses-4mo,14,3rd-Ventricle,NMI,0.1209755668653436
sub-645257,ses-4mo,63,Right-choroid-plexus,Dice,0.0
sub-645257,ses-4mo,63,Right-choroid-plexus,IoU,0.0
sub-645257,ses-4mo,63,Right-choroid-plexus,Hausdorff,42.638011210655684
sub-645257,ses-4mo,63,Right-choroid-plexus,HD95,17.060136222839354
sub-645257,ses-4mo,63,Right-choroid-plexus,MI,3.8404699446916313e-10
sub-645257,ses-4mo,63,Right-choroid-plexus,NMI,1.5176025806531233e-06
sub-645257,ses-4mo,26,Left-Accumbens-area,Dice,0.0
sub-645257,ses-4mo,26,Left-Accumbens-area,IoU,0.0
sub-645257,ses-4mo,26,Left-Accumbens-area,Hausdorff,14.142135623730951
sub-645257,ses-4mo,26,Left-Accumbens-area,HD95,11.348995018005368
sub-645257,ses-4mo,26,Left-Accumbens-area,MI,1.941505334268883e-09
sub-645257,ses-4mo,26,Left-Accumbens-area,NMI,3.986397891586574e-06
sub-645257,ses-4mo,46,Right-Cerebellum-White-Matter,Dice,0.0
sub-645257,ses-4mo,46,Right-Cerebellum-White-Matter,IoU,0.0
sub-645257,ses-4mo,46,Right-Cerebellum-White-Matter,Hausdorff,32.69556544854363
sub-645257,ses-4mo,46,Right-Cerebellum-White-Matter,HD95,27.58622932434082
sub-645257,ses-4mo,46,Right-Cerebellum-White-Matter,MI,6.098046034851232e-07
sub-645257,ses-4mo,46,Right-Cerebellum-White-Matter,NMI,9.324254917450302e-05
sub-645257,ses-4mo,7,Left-Cerebellum-White-Matter,Dice,0.0022650056625141564
sub-645257,ses-4mo,7,Left-Cerebellum-White-Matter,IoU,0.0011337868480725624
sub-645257,ses-4mo,7,Left-Cerebellum-White-Matter,Hausdorff,36.069377593742864
sub-645257,ses-4mo,7,Left-Cerebellum-White-Matter,HD95,30.561412811279297
sub-645257,ses-4mo,7,Left-Cerebellum-White-Matter,MI,8.827129031963921e-07
sub-645257,ses-4mo,7,Left-Cerebellum-White-Matter,NMI,0.0001291049190047296
sub-243511,ses-7mo,51,Right-Putamen,Dice,0.22169969768223044
sub-243511,ses-7mo,51,Right-Putamen,IoU,0.12466943709860219
sub-243511,ses-7mo,51,Right-Putamen,Hausdorff,19.544820285692065
sub-243511,ses-7mo,51,Right-Putamen,HD95,14.282856941223145
sub-243511,ses-7mo,51,Right-Putamen,MI,0.0007104265337643523
sub-243511,ses-7mo,51,Right-Putamen,NMI,0.13732069522793944
sub-243511,ses-7mo,42,Right-Cerebral-Cortex,Dice,0.26867408857590896
sub-243511,ses-7mo,42,Right-Cerebral-Cortex,IoU,0.15518400481565764
sub-243511,ses-7mo,42,Right-Cerebral-Cortex,Hausdorff,38.92300091205713
sub-243511,ses-7mo,42,Right-Cerebral-Cortex,HD95,17.262676239013672
sub-243511,ses-7mo,42,Right-Cerebral-Cortex,MI,0.012278975407697845
sub-243511,ses-7mo,42,Right-Cerebral-Cortex,NMI,0.09507977598357183
sub-243511,ses-7mo,43,Right-Lateral-Ventricle,Dice,0.005865468613503058
sub-243511,ses-7mo,43,Right-Lateral-Ventricle,IoU,0.0029413605357031104
sub-243511,ses-7mo,43,Right-Lateral-Ventricle,Hausdorff,25.079872407968907
sub-243511,ses-7mo,43,Right-Lateral-Ventricle,HD95,18.70427455902098
sub-243511,ses-7mo,43,Right-Lateral-Ventricle,MI,7.83448821547813e-06
sub-243511,ses-7mo,43,Right-Lateral-Ventricle,NMI,0.0009258783891985742
sub-243511,ses-7mo,85,Optic-Chiasm,Dice,0.0
sub-243511,ses-7mo,85,Optic-Chiasm,IoU,0.0
sub-243511,ses-7mo,85,Optic-Chiasm,Hausdorff,26.076809620810597
sub-243511,ses-7mo,85,Optic-Chiasm,HD95,23.74023113250732
sub-243511,ses-7mo,85,Optic-Chiasm,MI,1.2285124406343417e-09
sub-243511,ses-7mo,85,Optic-Chiasm,NMI,2.677681488277199e-06
sub-243511,ses-7mo,62,Right-vessel,Dice,0.0
sub-243511,ses-7mo,62,Right-vessel,IoU,0.0
sub-243511,ses-7mo,62,Right-vessel,Hausdorff,17.291616465790582
sub-243511,ses-7mo,62,Right-vessel,HD95,15.355705642700194
sub-243511,ses-7mo,62,Right-vessel,MI,1.9370125491237735e-10
sub-243511,ses-7mo,62,Right-vessel,NMI,9.438592839367335e-07
sub-243511,ses-7mo,5,Left-Inf-Lat-Vent,Dice,0.0
sub-243511,ses-7mo,5,Left-Inf-Lat-Vent,IoU,0.0
sub-243511,ses-7mo,5,Left-Inf-Lat-Vent,Hausdorff,26.076809620810597
sub-243511,ses-7mo,5,Left-Inf-Lat-Vent,HD95,20.2113031387329
sub-243511,ses-7mo,5,Left-Inf-Lat-Vent,MI,6.346074023184456e-09
sub-243511,ses-7mo,5,Left-Inf-Lat-Vent,NMI,7.029585420971886e-06
sub-243511,ses-7mo,58,Right-Accumbens-area,Dice,0.0
sub-243511,ses-7mo,58,Right-Accumbens-area,IoU,0.0
sub-243511,ses-7mo,58,Right-Accumbens-area,Hausdorff,18.384776310850235
sub-243511,ses-7mo,58,Right-Accumbens-area,HD95,16.163224697113037
sub-243511,ses-7mo,58,Right-Accumbens-area,MI,4.565420969710691e-09
sub-243511,ses-7mo,58,Right-Accumbens-area,NMI,6.34561615970345e-06
sub-243511,ses-7mo,17,Left-Hippocampus,Dice,0.0
sub-243511,ses-7mo,17,Left-Hippocampus,IoU,0.0
sub-243511,ses-7mo,17,Left-Hippocampus,Hausdorff,29.171904291629644
sub-243511,ses-7mo,17,Left-Hippocampus,HD95,23.874671936035156
sub-243511,ses-7mo,17,Left-Hippocampus,MI,1.2017938754219342e-07
sub-243511,ses-7mo,17,Left-Hippocampus,NMI,3.6519185612772663e-05
sub-243511,ses-7mo,53,Right-Hippocampus,Dice,0.0
sub-243511,ses-7mo,53,Right-Hippocampus,IoU,0.0
sub-243511,ses-7mo,53,Right-Hippocampus,Hausdorff,28.653097563788805
sub-243511,ses-7mo,53,Right-Hippocampus,HD95,22.833087253570554
sub-243511,ses-7mo,53,Right-Hippocampus,MI,1.5215804912717922e-07
sub-243511,ses-7mo,53,Right-Hippocampus,NMI,4.251184156763327e-05
sub-243511,ses-7mo,10,Left-Thalamus,Dice,0.07530408637419707
sub-243511,ses-7mo,10,Left-Thalamus,IoU,0.03912518639494426
sub-243511,ses-7mo,10,Left-Thalamus,Hausdorff,25.98076211353316
sub-243511,ses-7mo,10,Left-Thalamus,HD95,19.26136016845703
sub-243511,ses-7mo,10,Left-Thalamus,MI,0.00026086246674527963
sub-243511,ses-7mo,10,Left-Thalamus,NMI,0.03265361824804166
sub-243511,ses-7mo,12,Left-Putamen,Dice,0.16797728265618173
sub-243511,ses-7mo,12,Left-Putamen,IoU,0.09168951949445571
sub-243511,ses-7mo,12,Left-Putamen,Hausdorff,23.108440016582687
sub-243511,ses-7mo,12,Left-Putamen,HD95,16.76305389404297
sub-243511,ses-7mo,12,Left-Putamen,MI,0.0005129338152887569
sub-243511,ses-7mo,12,Left-Putamen,NMI,0.09700804975977105
sub-243511,ses-7mo,52,Right-Pallidum,Dice,0.010802469135802469
sub-243511,ses-7mo,52,Right-Pallidum,IoU,0.005430566330488751
sub-243511,ses-7mo,52,Right-Pallidum,Hausdorff,15.652475842498529
sub-243511,ses-7mo,52,Right-Pallidum,HD95,13.0
sub-243511,ses-7mo,52,Right-Pallidum,MI,6.13283911152793e-06
sub-243511,ses-7mo,52,Right-Pallidum,NMI,0.0035571667388110094
sub-243511,ses-7mo,8,Left-Cerebellum-Cortex,Dice,0.09827179046801202
sub-243511,ses-7mo,8,Left-Cerebellum-Cortex,IoU,0.05167499223887337
sub-243511,ses-7mo,8,Left-Cerebellum-Cortex,Hausdorff,36.359317925395686
sub-243511,ses-7mo,8,Left-Cerebellum-Cortex,HD95,26.4007568359375
sub-243511,ses-7mo,8,Left-Cerebellum-Cortex,MI,0.0010677757818941466
sub-243511,ses-7mo,8,Left-Cerebellum-Cortex,NMI,0.03306770763137443
sub-243511,ses-7mo,11,Left-Caudate,Dice,0.07288449660284126
sub-243511,ses-7mo,11,Left-Caudate,IoU,0.03782051282051282
sub-243511,ses-7mo,11,Left-Caudate,Hausdorff,15.588457268119896
sub-243511,ses-7mo,11,Left-Caudate,HD95,10.488088607788086
sub-243511,ses-7mo,11,Left-Caudate,MI,0.00011001215818445462
sub-243511,ses-7mo,11,Left-Caudate,NMI,0.03641464011725739
sub-243511,ses-7mo,3,Left-Cerebral-Cortex,Dice,0.27303868738609205
sub-243511,ses-7mo,3,Left-Cerebral-Cortex,IoU,0.15810353445198144
sub-243511,ses-7mo,3,Left-Cerebral-Cortex,Hausdorff,41.78516483155236
sub-243511,ses-7mo,3,Left-Cerebral-Cortex,HD95,19.646883010864258
sub-243511,ses-7mo,3,Left-Cerebral-Cortex,MI,0.01260192046148221
sub-243511,ses-7mo,3,Left-Cerebral-Cortex,NMI,0.09859166279581007
sub-243511,ses-7mo,77,WM-hypointensities,Dice,0.00043346337234503684
sub-243511,ses-7mo,77,WM-hypointensities,IoU,0.00021677866897897247
sub-243511,ses-7mo,77,WM-hypointensities,Hausdorff,71.77743377970545
sub-243511,ses-7mo,77,WM-hypointensities,HD95,60.00662155151366
sub-243511,ses-7mo,77,WM-hypointensities,MI,8.268270111312758e-07
sub-243511,ses-7mo,77,WM-hypointensities,NMI,0.00030960311306853884
sub-243511,ses-7mo,4,Left-Lateral-Ventricle,Dice,0.005198033787219617
sub-243511,ses-7mo,4,Left-Lateral-Ventricle,IoU,0.002605789384240639
sub-243511,ses-7mo,4,Left-Lateral-Ventricle,Hausdorff,26.645825188948457
sub-243511,ses-7mo,4,Left-Lateral-Ventricle,HD95,20.542638778686523
sub-243511,ses-7mo,4,Left-Lateral-Ventricle,MI,6.058615238964187e-06
sub-243511,ses-7mo,4,Left-Lateral-Ventricle,NMI,0.0006543796360332369
sub-243511,ses-7mo,18,Left-Amygdala,Dice,0.0
sub-243511,ses-7mo,18,Left-Amygdala,IoU,0.0
sub-243511,ses-7mo,18,Left-Amygdala,Hausdorff,32.29551052391029
sub-243511,ses-7mo,18,Left-Amygdala,HD95,28.23118782043457
sub-243511,ses-7mo,18,Left-Amygdala,MI,3.2679627281063765e-08
sub-243511,ses-7mo,18,Left-Amygdala,NMI,1.78902111315006e-05
sub-243511,ses-7mo,44,Right-Inf-Lat-Vent,Dice,0.0
sub-243511,ses-7mo,44,Right-Inf-Lat-Vent,IoU,0.0
sub-243511,ses-7mo,44,Right-Inf-Lat-Vent,Hausdorff,31.368774282716245
sub-243511,ses-7mo,44,Right-Inf-Lat-Vent,HD95,22.72993421554565
sub-243511,ses-7mo,44,Right-Inf-Lat-Vent,MI,1.1832513905940837e-08
sub-243511,ses-7mo,44,Right-Inf-Lat-Vent,NMI,1.046972303972788e-05
sub-243511,ses-7mo,47,Right-Cerebellum-Cortex,Dice,0.10345529835041749
sub-243511,ses-7mo,47,Right-Cerebellum-Cortex,IoU,0.05454935929558308
sub-243511,ses-7mo,47,Right-Cerebellum-Cortex,Hausdorff,36.6333181680284
sub-243511,ses-7mo,47,Right-Cerebellum-Cortex,HD95,26.870058059692383
sub-243511,ses-7mo,47,Right-Cerebellum-Cortex,MI,0.0011450964107883495
sub-243511,ses-7mo,47,Right-Cerebellum-Cortex,NMI,0.03581221250548004
sub-243511,ses-7mo,13,Left-Pallidum,Dice,0.004934210526315789
sub-243511,ses-7mo,13,Left-Pallidum,IoU,0.00247320692497939
sub-243511,ses-7mo,13,Left-Pallidum,Hausdorff,15.427248620541512
sub-243511,ses-7mo,13,Left-Pallidum,HD95,13.747727394104004
sub-243511,ses-7mo,13,Left-Pallidum,MI,2.0124028974029135e-06
sub-243511,ses-7mo,13,Left-Pallidum,NMI,0.001233745388305772
sub-243511,ses-7mo,60,Right-VentralDC,Dice,0.0
sub-243511,ses-7mo,60,Right-VentralDC,IoU,0.0
sub-243511,ses-7mo,60,Right-VentralDC,Hausdorff,26.076809620810597
sub-243511,ses-7mo,60,Right-VentralDC,HD95,21.742813110351562
sub-243511,ses-7mo,60,Right-VentralDC,MI,1.6406786931149643e-07
sub-243511,ses-7mo,60,Right-VentralDC,NMI,4.579417720097887e-05
sub-243511,ses-7mo,49,Right-Thalamus,Dice,0.0747481764501563
sub-243511,ses-7mo,49,Right-Thalamus,IoU,0.03882514252724255
sub-243511,ses-7mo,49,Right-Thalamus,Hausdorff,26.1725046566048
sub-243511,ses-7mo,49,Right-Thalamus,HD95,19.883406352996825
sub-243511,ses-7mo,49,Right-Thalamus,MI,0.00025612823165279276
sub-243511,ses-7mo,49,Right-Thalamus,NMI,0.03254560803383237
sub-243511,ses-7mo,54,Right-Amygdala,Dice,0.0
sub-243511,ses-7mo,54,Right-Amygdala,IoU,0.0
sub-243511,ses-7mo,54,Right-Amygdala,Hausdorff,32.03123475609393
sub-243511,ses-7mo,54,Right-Amygdala,HD95,27.633290100097646
sub-243511,ses-7mo,54,Right-Amygdala,MI,3.7637489231419786e-08
sub-243511,ses-7mo,54,Right-Amygdala,NMI,1.9272702709809034e-05
sub-243511,ses-7mo,24,CSF,Dice,0.002178261979632927
sub-243511,ses-7mo,24,CSF,IoU,0.0010903184894721176
sub-243511,ses-7mo,24,CSF,Hausdorff,91.72785836374901
sub-243511,ses-7mo,24,CSF,HD95,76.98051452636719
sub-243511,ses-7mo,24,CSF,MI,9.262898500728259e-05
sub-243511,ses-7mo,24,CSF,NMI,0.0010437263784107466
sub-243511,ses-7mo,16,Brain-Stem,Dice,0.10770008668015024
sub-243511,ses-7mo,16,Brain-Stem,IoU,0.056914913921441386
sub-243511,ses-7mo,16,Brain-Stem,Hausdorff,36.51027252705737
sub-243511,ses-7mo,16,Brain-Stem,HD95,29.223278045654297
sub-243511,ses-7mo,16,Brain-Stem,MI,0.000678380446161572
sub-243511,ses-7mo,16,Brain-Stem,NMI,0.04915040793726203
sub-243511,ses-7mo,50,Right-Caudate,Dice,0.10499903493534067
sub-243511,ses-7mo,50,Right-Caudate,IoU,0.055408433489509065
sub-243511,ses-7mo,50,Right-Caudate,Hausdorff,17.029386365926403
sub-243511,ses-7mo,50,Right-Caudate,HD95,9.219544410705566
sub-243511,ses-7mo,50,Right-Caudate,MI,0.00018250983762510808
sub-243511,ses-7mo,50,Right-Caudate,NMI,0.05710680835396323
sub-243511,ses-7mo,30,Left-vessel,Dice,0.0
sub-243511,ses-7mo,30,Left-vessel,IoU,0.0
sub-243511,ses-7mo,30,Left-vessel,Hausdorff,17.233687939614086
sub-243511,ses-7mo,30,Left-vessel,HD95,16.155494689941406
sub-243511,ses-7mo,30,Left-vessel,MI,9.439469473134171e-11
sub-243511,ses-7mo,30,Left-vessel,NMI,4.940425855843642e-07
sub-243511,ses-7mo,31,Left-choroid-plexus,Dice,0.014508928571428572
sub-243511,ses-7mo,31,Left-choroid-plexus,IoU,0.007307476110174255
sub-243511,ses-7mo,31,Left-choroid-plexus,Hausdorff,39.50949253027682
sub-243511,ses-7mo,31,Left-choroid-plexus,HD95,18.583395862579312
sub-243511,ses-7mo,31,Left-choroid-plexus,MI,6.922724138668255e-06
sub-243511,ses-7mo,31,Left-choroid-plexus,NMI,0.005598815494455146
sub-243511,ses-7mo,28,Left-VentralDC,Dice,0.0
sub-243511,ses-7mo,28,Left-VentralDC,IoU,0.0
sub-243511,ses-7mo,28,Left-VentralDC,Hausdorff,26.19160170741759
sub-243511,ses-7mo,28,Left-VentralDC,HD95,22.091852283477778
sub-243511,ses-7mo,28,Left-VentralDC,MI,1.6337634591717665e-07
sub-243511,ses-7mo,28,Left-VentralDC,NMI,4.5237147827086476e-05
sub-243511,ses-7mo,15,4th-Ventricle,Dice,0.0
sub-243511,ses-7mo,15,4th-Ventricle,IoU,0.0
sub-243511,ses-7mo,15,4th-Ventricle,Hausdorff,33.54101966249684
sub-243511,ses-7mo,15,4th-Ventricle,HD95,30.090695190429688
sub-243511,ses-7mo,15,4th-Ventricle,MI,1.4526324188771263e-08
sub-243511,ses-7mo,15,4th-Ventricle,NMI,1.2005636442602246e-05
sub-243511,ses-7mo,2,Left-Cerebral-White-Matter,Dice,0.5007751434826785
sub-243511,ses-7mo,2,Left-Cerebral-White-Matter,IoU,0.33402270600420286
sub-243511,ses-7mo,2,Left-Cerebral-White-Matter,Hausdorff,38.535697735995385
sub-243511,ses-7mo,2,Left-Cerebral-White-Matter,HD95,15.81138801574707
sub-243511,ses-7mo,2,Left-Cerebral-White-Matter,MI,0.039298528108128644
sub-243511,ses-7mo,2,Left-Cerebral-White-Matter,NMI,0.3147748150295159
sub-243511,ses-7mo,41,Right-Cerebral-White-Matter,Dice,0.49878510396899506
sub-243511,ses-7mo,41,Right-Cerebral-White-Matter,IoU,0.33225429969267606
sub-243511,ses-7mo,41,Right-Cerebral-White-Matter,Hausdorff,33.31666249791537
sub-243511,ses-7mo,41,Right-Cerebral-White-Matter,HD95,12.328827857971191
sub-243511,ses-7mo,41,Right-Cerebral-White-Matter,MI,0.03952504730109721
sub-243511,ses-7mo,41,Right-Cerebral-White-Matter,NMI,0.3185199725344807
sub-243511,ses-7mo,14,3rd-Ventricle,Dice,0.0017667844522968198
sub-243511,ses-7mo,14,3rd-Ventricle,IoU,0.0008841732979664014
sub-243511,ses-7mo,14,3rd-Ventricle,Hausdorff,21.18962010041709
sub-243511,ses-7mo,14,3rd-Ventricle,HD95,17.160872840881343
sub-243511,ses-7mo,14,3rd-Ventricle,MI,3.01350514713796e-07
sub-243511,ses-7mo,14,3rd-Ventricle,NMI,0.000368040947252809
sub-243511,ses-7mo,63,Right-choroid-plexus,Dice,0.009944064636420136
sub-243511,ses-7mo,63,Right-choroid-plexus,IoU,0.004996876951905059
sub-243511,ses-7mo,63,Right-choroid-plexus,Hausdorff,49.71921157862421
sub-243511,ses-7mo,63,Right-choroid-plexus,HD95,20.701432418823234
sub-243511,ses-7mo,63,Right-choroid-plexus,MI,4.075224059879317e-06
sub-243511,ses-7mo,63,Right-choroid-plexus,NMI,0.0036491784966573983
sub-243511,ses-7mo,26,Left-Accumbens-area,Dice,0.0
sub-243511,ses-7mo,26,Left-Accumbens-area,IoU,0.0
sub-243511,ses-7mo,26,Left-Accumbens-area,Hausdorff,19.697715603592208
sub-243511,ses-7mo,26,Left-Accumbens-area,HD95,17.83115081787109
sub-243511,ses-7mo,26,Left-Accumbens-area,MI,4.32723263899806e-09
sub-243511,ses-7mo,26,Left-Accumbens-area,NMI,6.0850384045446525e-06
sub-243511,ses-7mo,46,Right-Cerebellum-White-Matter,Dice,0.0029926430857475372
sub-243511,ses-7mo,46,Right-Cerebellum-White-Matter,IoU,0.0014985638762852267
sub-243511,ses-7mo,46,Right-Cerebellum-White-Matter,Hausdorff,37.322915213043046
sub-243511,ses-7mo,46,Right-Cerebellum-White-Matter,HD95,30.526217746734623
sub-243511,ses-7mo,46,Right-Cerebellum-White-Matter,MI,9.241702395040732e-07
sub-243511,ses-7mo,46,Right-Cerebellum-White-Matter,NMI,7.544877897056428e-05
sub-243511,ses-7mo,7,Left-Cerebellum-White-Matter,Dice,0.00199315394947788
sub-243511,ses-7mo,7,Left-Cerebellum-White-Matter,IoU,0.0009975711311589173
sub-243511,ses-7mo,7,Left-Cerebellum-White-Matter,Hausdorff,37.53664875824692
sub-243511,ses-7mo,7,Left-Cerebellum-White-Matter,HD95,30.232433319091797
sub-243511,ses-7mo,7,Left-Cerebellum-White-Matter,MI,1.454148013519779e-07
sub-243511,ses-7mo,7,Left-Cerebellum-White-Matter,NMI,1.231118024181651e-05
sub-116845,ses-6mo,51,Right-Putamen,Dice,0.3586607235409972
sub-116845,ses-6mo,51,Right-Putamen,IoU,0.2185171150688392
sub-116845,ses-6mo,51,Right-Putamen,Hausdorff,14.696938456699069
sub-116845,ses-6mo,51,Right-Putamen,HD95,10.630146026611328
sub-116845,ses-6mo,51,Right-Putamen,MI,0.001385150953517063
sub-116845,ses-6mo,51,Right-Putamen,NMI,0.2502894888557919
sub-116845,ses-6mo,42,Right-Cerebral-Cortex,Dice,0.19530438155445753
sub-116845,ses-6mo,42,Right-Cerebral-Cortex,IoU,0.10822012286076314
sub-116845,ses-6mo,42,Right-Cerebral-Cortex,Hausdorff,37.027017163147235
sub-116845,ses-6mo,42,Right-Cerebral-Cortex,HD95,11.180339813232422
sub-116845,ses-6mo,42,Right-Cerebral-Cortex,MI,0.006567432801807313
sub-116845,ses-6mo,42,Right-Cerebral-Cortex,NMI,0.058253413282942444
sub-116845,ses-6mo,43,Right-Lateral-Ventricle,Dice,0.38883720930232557
sub-116845,ses-6mo,43,Right-Lateral-Ventricle,IoU,0.24133949191685913
sub-116845,ses-6mo,43,Right-Lateral-Ventricle,Hausdorff,31.559467676119
sub-116845,ses-6mo,43,Right-Lateral-Ventricle,HD95,13.304134368896484
sub-116845,ses-6mo,43,Right-Lateral-Ventricle,MI,0.00221652182649837
sub-116845,ses-6mo,43,Right-Lateral-Ventricle,NMI,0.3163399849397115
sub-116845,ses-6mo,85,Optic-Chiasm,Dice,0.0
sub-116845,ses-6mo,85,Optic-Chiasm,IoU,0.0
sub-116845,ses-6mo,85,Optic-Chiasm,Hausdorff,21.656407827707714
sub-116845,ses-6mo,85,Optic-Chiasm,HD95,19.589434814453128
sub-116845,ses-6mo,85,Optic-Chiasm,MI,7.89846035330452e-10
sub-116845,ses-6mo,85,Optic-Chiasm,NMI,2.3339122033979807e-06
sub-116845,ses-6mo,62,Right-vessel,Dice,0.0
sub-116845,ses-6mo,62,Right-vessel,IoU,0.0
sub-116845,ses-6mo,62,Right-vessel,Hausdorff,12.569805089976535
sub-116845,ses-6mo,62,Right-vessel,HD95,11.713212203979491
sub-116845,ses-6mo,62,Right-vessel,MI,1.0845361029599224e-10
sub-116845,ses-6mo,62,Right-vessel,NMI,5.942762728446297e-07
sub-116845,ses-6mo,5,Left-Inf-Lat-Vent,Dice,0.0
sub-116845,ses-6mo,5,Left-Inf-Lat-Vent,IoU,0.0
sub-116845,ses-6mo,5,Left-Inf-Lat-Vent,Hausdorff,31.464265445104548
sub-116845,ses-6mo,5,Left-Inf-Lat-Vent,HD95,26.444277572631837
sub-116845,ses-6mo,5,Left-Inf-Lat-Vent,MI,2.8108842926324006e-09
sub-116845,ses-6mo,5,Left-Inf-Lat-Vent,NMI,4.406272556654675e-06
sub-116845,ses-6mo,58,Right-Accumbens-area,Dice,0.0
sub-116845,ses-6mo,58,Right-Accumbens-area,IoU,0.0
sub-116845,ses-6mo,58,Right-Accumbens-area,Hausdorff,15.524174696260024
sub-116845,ses-6mo,58,Right-Accumbens-area,HD95,13.069038009643553
sub-116845,ses-6mo,58,Right-Accumbens-area,MI,1.966782609103229e-09
sub-116845,ses-6mo,58,Right-Accumbens-area,NMI,4.010220954750889e-06
sub-116845,ses-6mo,17,Left-Hippocampus,Dice,0.0
sub-116845,ses-6mo,17,Left-Hippocampus,IoU,0.0
sub-116845,ses-6mo,17,Left-Hippocampus,Hausdorff,29.171904291629644
sub-116845,ses-6mo,17,Left-Hippocampus,HD95,24.879711151123047
sub-116845,ses-6mo,17,Left-Hippocampus,MI,1.2053610193773698e-07
sub-116845,ses-6mo,17,Left-Hippocampus,NMI,3.689050910248131e-05
sub-116845,ses-6mo,53,Right-Hippocampus,Dice,0.0
sub-116845,ses-6mo,53,Right-Hippocampus,IoU,0.0
sub-116845,ses-6mo,53,Right-Hippocampus,Hausdorff,25.98076211353316
sub-116845,ses-6mo,53,Right-Hippocampus,HD95,20.809853553771966
sub-116845,ses-6mo,53,Right-Hippocampus,MI,1.1044319292745006e-07
sub-116845,ses-6mo,53,Right-Hippocampus,NMI,3.465864162811207e-05
sub-116845,ses-6mo,10,Left-Thalamus,Dice,0.29047094642741467
sub-116845,ses-6mo,10,Left-Thalamus,IoU,0.16991284577491475
sub-116845,ses-6mo,10,Left-Thalamus,Hausdorff,22.759613353482084
sub-116845,ses-6mo,10,Left-Thalamus,HD95,15.779733657836914
sub-116845,ses-6mo,10,Left-Thalamus,MI,0.0015429251131789268
sub-116845,ses-6mo,10,Left-Thalamus,NMI,0.18442749379186282
sub-116845,ses-6mo,12,Left-Putamen,Dice,0.22522618414050027
sub-116845,ses-6mo,12,Left-Putamen,IoU,0.1269041621686458
sub-116845,ses-6mo,12,Left-Putamen,Hausdorff,19.339079605813716
sub-116845,ses-6mo,12,Left-Putamen,HD95,13.928388595581055
sub-116845,ses-6mo,12,Left-Putamen,MI,0.0007566486785548386
sub-116845,ses-6mo,12,Left-Putamen,NMI,0.13995880383576706
sub-116845,ses-6mo,52,Right-Pallidum,Dice,0.035621198957428324
sub-116845,ses-6mo,52,Right-Pallidum,IoU,0.01813356921716055
sub-116845,ses-6mo,52,Right-Pallidum,Hausdorff,35.298725189445584
sub-116845,ses-6mo,52,Right-Pallidum,HD95,10.677078247070312
sub-116845,ses-6mo,52,Right-Pallidum,MI,2.530996698168881e-05
sub-116845,ses-6mo,52,Right-Pallidum,NMI,0.01630240456934759
sub-116845,ses-6mo,8,Left-Cerebellum-Cortex,Dice,0.13001493748603285
sub-116845,ses-6mo,8,Left-Cerebellum-Cortex,IoU,0.0695272599189876
sub-116845,ses-6mo,8,Left-Cerebellum-Cortex,Hausdorff,30.62678566222711
sub-116845,ses-6mo,8,Left-Cerebellum-Cortex,HD95,22.135944366455078
sub-116845,ses-6mo,8,Left-Cerebellum-Cortex,MI,0.0017623274310815716
sub-116845,ses-6mo,8,Left-Cerebellum-Cortex,NMI,0.04895263765274141
sub-116845,ses-6mo,11,Left-Caudate,Dice,0.35999164752557944
sub-116845,ses-6mo,11,Left-Caudate,IoU,0.21950598421186657
sub-116845,ses-6mo,11,Left-Caudate,Hausdorff,12.12435565298214
sub-116845,ses-6mo,11,Left-Caudate,HD95,6.7675047874450485
sub-116845,ses-6mo,11,Left-Caudate,MI,0.0007723715309259084
sub-116845,ses-6mo,11,Left-Caudate,NMI,0.2590722849253516
sub-116845,ses-6mo,3,Left-Cerebral-Cortex,Dice,0.1921307252853699
sub-116845,ses-6mo,3,Left-Cerebral-Cortex,IoU,0.10627467813771961
sub-116845,ses-6mo,3,Left-Cerebral-Cortex,Hausdorff,39.50949253027682
sub-116845,ses-6mo,3,Left-Cerebral-Cortex,HD95,12.369317054748535
sub-116845,ses-6mo,3,Left-Cerebral-Cortex,MI,0.006430469544577391
sub-116845,ses-6mo,3,Left-Cerebral-Cortex,NMI,0.054761961887957976
sub-116845,ses-6mo,77,WM-hypointensities,Dice,0.0041841004184100415
sub-116845,ses-6mo,77,WM-hypointensities,IoU,0.0020964360587002098
sub-116845,ses-6mo,77,WM-hypointensities,Hausdorff,78.80355321938218
sub-116845,ses-6mo,77,WM-hypointensities,HD95,76.48529052734375
sub-116845,ses-6mo,77,WM-hypointensities,MI,2.882015157502495e-06
sub-116845,ses-6mo,77,WM-hypointensities,NMI,0.003037693781220979
sub-116845,ses-6mo,4,Left-Lateral-Ventricle,Dice,0.3704313241445519
sub-116845,ses-6mo,4,Left-Lateral-Ventricle,IoU,0.22731863322672952
sub-116845,ses-6mo,4,Left-Lateral-Ventricle,Hausdorff,29.017236257093817
sub-116845,ses-6mo,4,Left-Lateral-Ventricle,HD95,14.676478481292712
sub-116845,ses-6mo,4,Left-Lateral-Ventricle,MI,0.0023390823700848882
sub-116845,ses-6mo,4,Left-Lateral-Ventricle,NMI,0.30059291094274965
sub-116845,ses-6mo,18,Left-Amygdala,Dice,0.0
sub-116845,ses-6mo,18,Left-Amygdala,IoU,0.0
sub-116845,ses-6mo,18,Left-Amygdala,Hausdorff,30.463092423455635
sub-116845,ses-6mo,18,Left-Amygdala,HD95,28.17800521850586
sub-116845,ses-6mo,18,Left-Amygdala,MI,2.7994186866829238e-08
sub-116845,ses-6mo,18,Left-Amygdala,NMI,1.644548879822594e-05
sub-116845,ses-6mo,44,Right-Inf-Lat-Vent,Dice,0.017152658662092625
sub-116845,ses-6mo,44,Right-Inf-Lat-Vent,IoU,0.00865051903114187
sub-116845,ses-6mo,44,Right-Inf-Lat-Vent,Hausdorff,25.13961017995307
sub-116845,ses-6mo,44,Right-Inf-Lat-Vent,HD95,22.199095344543455
sub-116845,ses-6mo,44,Right-Inf-Lat-Vent,MI,6.091668408246171e-06
sub-116845,ses-6mo,44,Right-Inf-Lat-Vent,NMI,0.007244277017464177
sub-116845,ses-6mo,47,Right-Cerebellum-Cortex,Dice,0.15603050603861934
sub-116845,ses-6mo,47,Right-Cerebellum-Cortex,IoU,0.08461664173381775
sub-116845,ses-6mo,47,Right-Cerebellum-Cortex,Hausdorff,30.298514815086232
sub-116845,ses-6mo,47,Right-Cerebellum-Cortex,HD95,21.954498291015625
sub-116845,ses-6mo,47,Right-Cerebellum-Cortex,MI,0.0023243317066877914
sub-116845,ses-6mo,47,Right-Cerebellum-Cortex,NMI,0.0637773695606464
sub-116845,ses-6mo,13,Left-Pallidum,Dice,0.011976047904191617
sub-116845,ses-6mo,13,Left-Pallidum,IoU,0.006024096385542169
sub-116845,ses-6mo,13,Left-Pallidum,Hausdorff,15.937377450509228
sub-116845,ses-6mo,13,Left-Pallidum,HD95,12.247448921203613
sub-116845,ses-6mo,13,Left-Pallidum,MI,7.089251639546548e-06
sub-116845,ses-6mo,13,Left-Pallidum,NMI,0.0039939063099723405
sub-116845,ses-6mo,60,Right-VentralDC,Dice,0.012186379928315413
sub-116845,ses-6mo,60,Right-VentralDC,IoU,0.006130544536602957
sub-116845,ses-6mo,60,Right-VentralDC,Hausdorff,19.261360284258224
sub-116845,ses-6mo,60,Right-VentralDC,HD95,15.132745742797852
sub-116845,ses-6mo,60,Right-VentralDC,MI,1.1746560173719008e-05
sub-116845,ses-6mo,60,Right-VentralDC,NMI,0.0034320417407115683
sub-116845,ses-6mo,49,Right-Thalamus,Dice,0.3399312714776632
sub-116845,ses-6mo,49,Right-Thalamus,IoU,0.20476939637327152
sub-116845,ses-6mo,49,Right-Thalamus,Hausdorff,20.493901531919196
sub-116845,ses-6mo,49,Right-Thalamus,HD95,14.0
sub-116845,ses-6mo,49,Right-Thalamus,MI,0.0017956288281579954
sub-116845,ses-6mo,49,Right-Thalamus,NMI,0.225931428511192
sub-116845,ses-6mo,54,Right-Amygdala,Dice,0.0
sub-116845,ses-6mo,54,Right-Amygdala,IoU,0.0
sub-116845,ses-6mo,54,Right-Amygdala,Hausdorff,27.294688127912362
sub-116845,ses-6mo,54,Right-Amygdala,HD95,23.873624420166017
sub-116845,ses-6mo,54,Right-Amygdala,MI,3.617752118381277e-08
sub-116845,ses-6mo,54,Right-Amygdala,NMI,1.918047571072255e-05
sub-116845,ses-6mo,24,CSF,Dice,0.0027672210093169095
sub-116845,ses-6mo,24,CSF,IoU,0.0013855275351105274
sub-116845,ses-6mo,24,CSF,Hausdorff,87.57853618324526
sub-116845,ses-6mo,24,CSF,HD95,74.24958038330078
sub-116845,ses-6mo,24,CSF,MI,0.00012650568578083323
sub-116845,ses-6mo,24,CSF,NMI,0.0013453865453861645
sub-116845,ses-6mo,16,Brain-Stem,Dice,0.2592918556631237
sub-116845,ses-6mo,16,Brain-Stem,IoU,0.1489576851275669
sub-116845,ses-6mo,16,Brain-Stem,Hausdorff,35.79106033634656
sub-116845,ses-6mo,16,Brain-Stem,HD95,29.27456283569336
sub-116845,ses-6mo,16,Brain-Stem,MI,0.0022436971083688883
sub-116845,ses-6mo,16,Brain-Stem,NMI,0.1532871882750996
sub-116845,ses-6mo,50,Right-Caudate,Dice,0.45166340508806263
sub-116845,ses-6mo,50,Right-Caudate,IoU,0.2917087967644085
sub-116845,ses-6mo,50,Right-Caudate,Hausdorff,12.806248474865697
sub-116845,ses-6mo,50,Right-Caudate,HD95,5.099019527435303
sub-116845,ses-6mo,50,Right-Caudate,MI,0.0010886246993196988
sub-116845,ses-6mo,50,Right-Caudate,NMI,0.34508902394129276
sub-116845,ses-6mo,30,Left-vessel,Dice,0.0
sub-116845,ses-6mo,30,Left-vessel,IoU,0.0
sub-116845,ses-6mo,30,Left-vessel,Hausdorff,18.49324200890693
sub-116845,ses-6mo,30,Left-vessel,HD95,17.580417442321775
sub-116845,ses-6mo,30,Left-vessel,MI,1.8583922854769784e-10
sub-116845,ses-6mo,30,Left-vessel,NMI,6.778333908401214e-07
sub-116845,ses-6mo,31,Left-choroid-plexus,Dice,0.0
sub-116845,ses-6mo,31,Left-choroid-plexus,IoU,0.0
sub-116845,ses-6mo,31,Left-choroid-plexus,Hausdorff,32.46536616149585
sub-116845,ses-6mo,31,Left-choroid-plexus,HD95,13.076696395874023
sub-116845,ses-6mo,31,Left-choroid-plexus,MI,2.0521378166920862e-09
sub-116845,ses-6mo,31,Left-choroid-plexus,NMI,3.831951134534226e-06
sub-116845,ses-6mo,28,Left-VentralDC,Dice,0.0032585083272990588
sub-116845,ses-6mo,28,Left-VentralDC,IoU,0.0016319129646418858
sub-116845,ses-6mo,28,Left-VentralDC,Hausdorff,22.847319317591726
sub-116845,ses-6mo,28,Left-VentralDC,HD95,17.549928665161133
sub-116845,ses-6mo,28,Left-VentralDC,MI,1.5742977639692894e-06
sub-116845,ses-6mo,28,Left-VentralDC,NMI,0.0004641211712011502
sub-116845,ses-6mo,15,4th-Ventricle,Dice,0.0
sub-116845,ses-6mo,15,4th-Ventricle,IoU,0.0
sub-116845,ses-6mo,15,4th-Ventricle,Hausdorff,34.539832078341085
sub-116845,ses-6mo,15,4th-Ventricle,HD95,28.72019910812377
sub-116845,ses-6mo,15,4th-Ventricle,MI,3.735914859924732e-08
sub-116845,ses-6mo,15,4th-Ventricle,NMI,1.6787624637948818e-05
sub-116845,ses-6mo,2,Left-Cerebral-White-Matter,Dice,0.5503564112086833
sub-116845,ses-6mo,2,Left-Cerebral-White-Matter,IoU,0.379649463815833
sub-116845,ses-6mo,2,Left-Cerebral-White-Matter,Hausdorff,32.341923257592455
sub-116845,ses-6mo,2,Left-Cerebral-White-Matter,HD95,9.110433578491211
sub-116845,ses-6mo,2,Left-Cerebral-White-Matter,MI,0.046863386252433456
sub-116845,ses-6mo,2,Left-Cerebral-White-Matter,NMI,0.3628479951024431
sub-116845,ses-6mo,41,Right-Cerebral-White-Matter,Dice,0.5941844149621839
sub-116845,ses-6mo,41,Right-Cerebral-White-Matter,IoU,0.4226617070447405
sub-116845,ses-6mo,41,Right-Cerebral-White-Matter,Hausdorff,31.52776554086889
sub-116845,ses-6mo,41,Right-Cerebral-White-Matter,HD95,8.062257766723633
sub-116845,ses-6mo,41,Right-Cerebral-White-Matter,MI,0.053716837704846344
sub-116845,ses-6mo,41,Right-Cerebral-White-Matter,NMI,0.3989956340198531
sub-116845,ses-6mo,14,3rd-Ventricle,Dice,0.04788961038961039
sub-116845,ses-6mo,14,3rd-Ventricle,IoU,0.024532224532224534
sub-116845,ses-6mo,14,3rd-Ventricle,Hausdorff,17.11724276862369
sub-116845,ses-6mo,14,3rd-Ventricle,HD95,11.789826393127441
sub-116845,ses-6mo,14,3rd-Ventricle,MI,4.139966092096638e-05
sub-116845,ses-6mo,14,3rd-Ventricle,NMI,0.025495914195247806
sub-116845,ses-6mo,63,Right-choroid-plexus,Dice,0.0
sub-116845,ses-6mo,63,Right-choroid-plexus,IoU,0.0
sub-116845,ses-6mo,63,Right-choroid-plexus,Hausdorff,12.649110640673518
sub-116845,ses-6mo,63,Right-choroid-plexus,HD95,11.195960998535158
sub-116845,ses-6mo,63,Right-choroid-plexus,MI,3.0736620125720697e-09
sub-116845,ses-6mo,63,Right-choroid-plexus,NMI,5.100512235721838e-06
sub-116845,ses-6mo,26,Left-Accumbens-area,Dice,0.0
sub-116845,ses-6mo,26,Left-Accumbens-area,IoU,0.0
sub-116845,ses-6mo,26,Left-Accumbens-area,Hausdorff,17.46424919657298
sub-116845,ses-6mo,26,Left-Accumbens-area,HD95,15.945181989669793
sub-116845,ses-6mo,26,Left-Accumbens-area,MI,1.941510166124285e-09
sub-116845,ses-6mo,26,Left-Accumbens-area,NMI,3.8200256270580766e-06
sub-116845,ses-6mo,46,Right-Cerebellum-White-Matter,Dice,0.03347077370846471
sub-116845,ses-6mo,46,Right-Cerebellum-White-Matter,IoU,0.017020226936359153
sub-116845,ses-6mo,46,Right-Cerebellum-White-Matter,Hausdorff,35.84689665786984
sub-116845,ses-6mo,46,Right-Cerebellum-White-Matter,HD95,22.825424194335938
sub-116845,ses-6mo,46,Right-Cerebellum-White-Matter,MI,0.00010811901898295724
sub-116845,ses-6mo,46,Right-Cerebellum-White-Matter,NMI,0.010053628072746979
sub-116845,ses-6mo,7,Left-Cerebellum-White-Matter,Dice,0.01890570430733411
sub-116845,ses-6mo,7,Left-Cerebellum-White-Matter,IoU,0.009543061301241069
sub-116845,ses-6mo,7,Left-Cerebellum-White-Matter,Hausdorff,35.566838487557476
sub-116845,ses-6mo,7,Left-Cerebellum-White-Matter,HD95,26.5894718170166
sub-116845,ses-6mo,7,Left-Cerebellum-White-Matter,MI,4.8201569332023307e-05
sub-116845,ses-6mo,7,Left-Cerebellum-White-Matter,NMI,0.004339175583956705
sub-470437,ses-7mo,51,Right-Putamen,Dice,0.44312505890114035
sub-470437,ses-7mo,51,Right-Putamen,IoU,0.28462469733656176
sub-470437,ses-7mo,51,Right-Putamen,Hausdorff,18.16590212458495
sub-470437,ses-7mo,51,Right-Putamen,HD95,10.344079971313477
sub-470437,ses-7mo,51,Right-Putamen,MI,0.00197586121674514
sub-470437,ses-7mo,51,Right-Putamen,NMI,0.3287722192988456
sub-470437,ses-7mo,42,Right-Cerebral-Cortex,Dice,0.2633951035946354
sub-470437,ses-7mo,42,Right-Cerebral-Cortex,IoU,0.1516724409448819
sub-470437,ses-7mo,42,Right-Cerebral-Cortex,Hausdorff,34.07345007480164
sub-470437,ses-7mo,42,Right-Cerebral-Cortex,HD95,10.440306663513184
sub-470437,ses-7mo,42,Right-Cerebral-Cortex,MI,0.011220587839050444
sub-470437,ses-7mo,42,Right-Cerebral-Cortex,NMI,0.09503198059357962
sub-470437,ses-7mo,43,Right-Lateral-Ventricle,Dice,0.49152133729807923
sub-470437,ses-7mo,43,Right-Lateral-Ventricle,IoU,0.32583910495471496
sub-470437,ses-7mo,43,Right-Lateral-Ventricle,Hausdorff,21.633307652783937
sub-470437,ses-7mo,43,Right-Lateral-Ventricle,HD95,7.681145668029785
sub-470437,ses-7mo,43,Right-Lateral-Ventricle,MI,0.0027943446040209104
sub-470437,ses-7mo,43,Right-Lateral-Ventricle,NMI,0.4085103315890939
sub-470437,ses-7mo,85,Optic-Chiasm,Dice,0.0
sub-470437,ses-7mo,85,Optic-Chiasm,IoU,0.0
sub-470437,ses-7mo,85,Optic-Chiasm,Hausdorff,21.095023109728988
sub-470437,ses-7mo,85,Optic-Chiasm,HD95,19.72308349609375
sub-470437,ses-7mo,85,Optic-Chiasm,MI,5.485032237366699e-10
sub-470437,ses-7mo,85,Optic-Chiasm,NMI,1.7988034024962481e-06
sub-470437,ses-7mo,62,Right-vessel,Dice,0.0
sub-470437,ses-7mo,62,Right-vessel,IoU,0.0
sub-470437,ses-7mo,62,Right-vessel,Hausdorff,14.035668847618199
sub-470437,ses-7mo,62,Right-vessel,HD95,12.727922439575195
sub-470437,ses-7mo,62,Right-vessel,MI,1.1330343252708742e-10
sub-470437,ses-7mo,62,Right-vessel,NMI,5.863188792029554e-07
sub-470437,ses-7mo,5,Left-Inf-Lat-Vent,Dice,0.01593625498007968
sub-470437,ses-7mo,5,Left-Inf-Lat-Vent,IoU,0.008032128514056224
sub-470437,ses-7mo,5,Left-Inf-Lat-Vent,Hausdorff,21.283796653792763
sub-470437,ses-7mo,5,Left-Inf-Lat-Vent,HD95,18.124553680419922
sub-470437,ses-7mo,5,Left-Inf-Lat-Vent,MI,3.423869510052219e-06
sub-470437,ses-7mo,5,Left-Inf-Lat-Vent,NMI,0.009034801882290321
sub-470437,ses-7mo,58,Right-Accumbens-area,Dice,0.0
sub-470437,ses-7mo,58,Right-Accumbens-area,IoU,0.0
sub-470437,ses-7mo,58,Right-Accumbens-area,Hausdorff,13.601470508735444
sub-470437,ses-7mo,58,Right-Accumbens-area,HD95,10.592032909393302
sub-470437,ses-7mo,58,Right-Accumbens-area,MI,1.96323328233649e-09
sub-470437,ses-7mo,58,Right-Accumbens-area,NMI,4.008416064537447e-06
sub-470437,ses-7mo,17,Left-Hippocampus,Dice,0.0056565656565656566
sub-470437,ses-7mo,17,Left-Hippocampus,IoU,0.0028363047001620746
sub-470437,ses-7mo,17,Left-Hippocampus,Hausdorff,23.895606290697042
sub-470437,ses-7mo,17,Left-Hippocampus,HD95,18.395634841918934
sub-470437,ses-7mo,17,Left-Hippocampus,MI,3.91819232383863e-06
sub-470437,ses-7mo,17,Left-Hippocampus,NMI,0.0012840880940019053
sub-470437,ses-7mo,53,Right-Hippocampus,Dice,0.01339969372128637
sub-470437,ses-7mo,53,Right-Hippocampus,IoU,0.006745037579495085
sub-470437,ses-7mo,53,Right-Hippocampus,Hausdorff,24.779023386727733
sub-470437,ses-7mo,53,Right-Hippocampus,HD95,17.916473388671875
sub-470437,ses-7mo,53,Right-Hippocampus,MI,1.3357059812600281e-05
sub-470437,ses-7mo,53,Right-Hippocampus,NMI,0.0041613338948268495
sub-470437,ses-7mo,10,Left-Thalamus,Dice,0.5126280848607303
sub-470437,ses-7mo,10,Left-Thalamus,IoU,0.34465359984475064
sub-470437,ses-7mo,10,Left-Thalamus,Hausdorff,14.45683229480096
sub-470437,ses-7mo,10,Left-Thalamus,HD95,10.344079971313477
sub-470437,ses-7mo,10,Left-Thalamus,MI,0.0029255567858304504
sub-470437,ses-7mo,10,Left-Thalamus,NMI,0.38395768218222026
sub-470437,ses-7mo,12,Left-Putamen,Dice,0.4376012965964344
sub-470437,ses-7mo,12,Left-Putamen,IoU,0.2800829875518672
sub-470437,ses-7mo,12,Left-Putamen,Hausdorff,14.560219778561036
sub-470437,ses-7mo,12,Left-Putamen,HD95,10.772645711898791
sub-470437,ses-7mo,12,Left-Putamen,MI,0.001831286060297943
sub-470437,ses-7mo,12,Left-Putamen,NMI,0.3246905535530243
sub-470437,ses-7mo,52,Right-Pallidum,Dice,0.20047732696897375
sub-470437,ses-7mo,52,Right-Pallidum,IoU,0.11140583554376658
sub-470437,ses-7mo,52,Right-Pallidum,Hausdorff,9.899494936611665
sub-470437,ses-7mo,52,Right-Pallidum,HD95,8.285479116439811
sub-470437,ses-7mo,52,Right-Pallidum,MI,0.00021886775216124098
sub-470437,ses-7mo,52,Right-Pallidum,NMI,0.13024825220376784
sub-470437,ses-7mo,8,Left-Cerebellum-Cortex,Dice,0.16135886088579512
sub-470437,ses-7mo,8,Left-Cerebellum-Cortex,IoU,0.08775984473160019
sub-470437,ses-7mo,8,Left-Cerebellum-Cortex,Hausdorff,28.653097563788805
sub-470437,ses-7mo,8,Left-Cerebellum-Cortex,HD95,21.118711471557617
sub-470437,ses-7mo,8,Left-Cerebellum-Cortex,MI,0.0024339966022082103
sub-470437,ses-7mo,8,Left-Cerebellum-Cortex,NMI,0.06755820551860504
sub-470437,ses-7mo,11,Left-Caudate,Dice,0.6009316770186336
sub-470437,ses-7mo,11,Left-Caudate,IoU,0.4295227524972253
sub-470437,ses-7mo,11,Left-Caudate,Hausdorff,6.708203932499369
sub-470437,ses-7mo,11,Left-Caudate,HD95,3.605551242828369
sub-470437,ses-7mo,11,Left-Caudate,MI,0.0015536866657028382
sub-470437,ses-7mo,11,Left-Caudate,NMI,0.4876683693301555
sub-470437,ses-7mo,3,Left-Cerebral-Cortex,Dice,0.281522351459721
sub-470437,ses-7mo,3,Left-Cerebral-Cortex,IoU,0.16382078154979415
sub-470437,ses-7mo,3,Left-Cerebral-Cortex,Hausdorff,40.92676385936225
sub-470437,ses-7mo,3,Left-Cerebral-Cortex,HD95,10.488088607788086
sub-470437,ses-7mo,3,Left-Cerebral-Cortex,MI,0.01253420351754056
sub-470437,ses-7mo,3,Left-Cerebral-Cortex,NMI,0.10697744963092763
sub-470437,ses-7mo,4,Left-Lateral-Ventricle,Dice,0.4734136206775125
sub-470437,ses-7mo,4,Left-Lateral-Ventricle,IoU,0.3101125668942609
sub-470437,ses-7mo,4,Left-Lateral-Ventricle,Hausdorff,20.09975124224178
sub-470437,ses-7mo,4,Left-Lateral-Ventricle,HD95,9.539392471313477
sub-470437,ses-7mo,4,Left-Lateral-Ventricle,MI,0.002994684036830143
sub-470437,ses-7mo,4,Left-Lateral-Ventricle,NMI,0.3906103425229158
sub-470437,ses-7mo,18,Left-Amygdala,Dice,0.011881188118811881
sub-470437,ses-7mo,18,Left-Amygdala,IoU,0.00597609561752988
sub-470437,ses-7mo,18,Left-Amygdala,Hausdorff,23.40939982143925
sub-470437,ses-7mo,18,Left-Amygdala,HD95,20.250924682617185
sub-470437,ses-7mo,18,Left-Amygdala,MI,6.8747640112352674e-06
sub-470437,ses-7mo,18,Left-Amygdala,NMI,0.004087429325264353
sub-470437,ses-7mo,44,Right-Inf-Lat-Vent,Dice,0.09145129224652088
sub-470437,ses-7mo,44,Right-Inf-Lat-Vent,IoU,0.04791666666666667
sub-470437,ses-7mo,44,Right-Inf-Lat-Vent,Hausdorff,22.825424421026653
sub-470437,ses-7mo,44,Right-Inf-Lat-Vent,HD95,20.68934030532836
sub-470437,ses-7mo,44,Right-Inf-Lat-Vent,MI,3.997508644257423e-05
sub-470437,ses-7mo,44,Right-Inf-Lat-Vent,NMI,0.05428421055228663
sub-470437,ses-7mo,47,Right-Cerebellum-Cortex,Dice,0.1425632749548239
sub-470437,ses-7mo,47,Right-Cerebellum-Cortex,IoU,0.07675269527760442
sub-470437,ses-7mo,47,Right-Cerebellum-Cortex,Hausdorff,28.24889378365107
sub-470437,ses-7mo,47,Right-Cerebellum-Cortex,HD95,21.118711471557617
sub-470437,ses-7mo,47,Right-Cerebellum-Cortex,MI,0.0020876138482331316
sub-470437,ses-7mo,47,Right-Cerebellum-Cortex,NMI,0.056475354737326046
sub-470437,ses-7mo,13,Left-Pallidum,Dice,0.1941747572815534
sub-470437,ses-7mo,13,Left-Pallidum,IoU,0.10752688172043011
sub-470437,ses-7mo,13,Left-Pallidum,Hausdorff,11.224972160321824
sub-470437,ses-7mo,13,Left-Pallidum,HD95,8.124038696289062
sub-470437,ses-7mo,13,Left-Pallidum,MI,0.00022238028050661706
sub-470437,ses-7mo,13,Left-Pallidum,NMI,0.125089380659478
sub-470437,ses-7mo,60,Right-VentralDC,Dice,0.04408895825204838
sub-470437,ses-7mo,60,Right-VentralDC,IoU,0.022541392379812487
sub-470437,ses-7mo,60,Right-VentralDC,Hausdorff,16.61324772583615
sub-470437,ses-7mo,60,Right-VentralDC,HD95,12.06853795051575
sub-470437,ses-7mo,60,Right-VentralDC,MI,6.0644847065207416e-05
sub-470437,ses-7mo,60,Right-VentralDC,NMI,0.019106069050136808
sub-470437,ses-7mo,49,Right-Thalamus,Dice,0.5074516747823521
sub-470437,ses-7mo,49,Right-Thalamus,IoU,0.33999011369253584
sub-470437,ses-7mo,49,Right-Thalamus,Hausdorff,15.652475842498529
sub-470437,ses-7mo,49,Right-Thalamus,HD95,11.956019687652542
sub-470437,ses-7mo,49,Right-Thalamus,MI,0.0028465488246237894
sub-470437,ses-7mo,49,Right-Thalamus,NMI,0.3811954440956649
sub-470437,ses-7mo,54,Right-Amygdala,Dice,0.01722900215362527
sub-470437,ses-7mo,54,Right-Amygdala,IoU,0.008689355539464157
sub-470437,ses-7mo,54,Right-Amygdala,Hausdorff,25.0
sub-470437,ses-7mo,54,Right-Amygdala,HD95,20.991662025451657
sub-470437,ses-7mo,54,Right-Amygdala,MI,1.203878943037782e-05
sub-470437,ses-7mo,54,Right-Amygdala,NMI,0.006566152062365189
sub-470437,ses-7mo,24,CSF,Dice,0.0012097587203441092
sub-470437,ses-7mo,24,CSF,IoU,0.000605245460659045
sub-470437,ses-7mo,24,CSF,Hausdorff,89.5377015563835
sub-470437,ses-7mo,24,CSF,HD95,73.35530090332031
sub-470437,ses-7mo,24,CSF,MI,3.668019032902157e-05
sub-470437,ses-7mo,24,CSF,NMI,0.00041041943948345606
sub-470437,ses-7mo,16,Brain-Stem,Dice,0.3094154458825203
sub-470437,ses-7mo,16,Brain-Stem,IoU,0.18302275690909856
sub-470437,ses-7mo,16,Brain-Stem,Hausdorff,30.099833886584822
sub-470437,ses-7mo,16,Brain-Stem,HD95,24.06241798400879
sub-470437,ses-7mo,16,Brain-Stem,MI,0.0027088071878110785
sub-470437,ses-7mo,16,Brain-Stem,NMI,0.19281299691792206
sub-470437,ses-7mo,50,Right-Caudate,Dice,0.6458675424192666
sub-470437,ses-7mo,50,Right-Caudate,IoU,0.47696038803556995
sub-470437,ses-7mo,50,Right-Caudate,Hausdorff,8.06225774829855
sub-470437,ses-7mo,50,Right-Caudate,HD95,3.7416574954986572
sub-470437,ses-7mo,50,Right-Caudate,MI,0.0017989084663047434
sub-470437,ses-7mo,50,Right-Caudate,NMI,0.5343940517389508
sub-470437,ses-7mo,30,Left-vessel,Dice,0.0
sub-470437,ses-7mo,30,Left-vessel,IoU,0.0
sub-470437,ses-7mo,30,Left-vessel,Hausdorff,15.066519173319364
sub-470437,ses-7mo,30,Left-vessel,HD95,14.5154718875885
sub-470437,ses-7mo,30,Left-vessel,MI,1.9715084087972923e-11
sub-470437,ses-7mo,30,Left-vessel,NMI,9.647878983226709e-08
sub-470437,ses-7mo,31,Left-choroid-plexus,Dice,0.05930807248764415
sub-470437,ses-7mo,31,Left-choroid-plexus,IoU,0.030560271646859084
sub-470437,ses-7mo,31,Left-choroid-plexus,Hausdorff,31.064449134018133
sub-470437,ses-7mo,31,Left-choroid-plexus,HD95,9.273618698120117
sub-470437,ses-7mo,31,Left-choroid-plexus,MI,2.9753230559083962e-05
sub-470437,ses-7mo,31,Left-choroid-plexus,NMI,0.03457021802116346
sub-470437,ses-7mo,28,Left-VentralDC,Dice,0.04090462143559489
sub-470437,ses-7mo,28,Left-VentralDC,IoU,0.020879341497691228
sub-470437,ses-7mo,28,Left-VentralDC,Hausdorff,17.029386365926403
sub-470437,ses-7mo,28,Left-VentralDC,HD95,12.041594505310059
sub-470437,ses-7mo,28,Left-VentralDC,MI,5.4969500980878806e-05
sub-470437,ses-7mo,28,Left-VentralDC,NMI,0.017452325405538448
sub-470437,ses-7mo,15,4th-Ventricle,Dice,0.0015189873417721519
sub-470437,ses-7mo,15,4th-Ventricle,IoU,0.0007600709399543957
sub-470437,ses-7mo,15,4th-Ventricle,Hausdorff,33.24154027718932
sub-470437,ses-7mo,15,4th-Ventricle,HD95,26.944387435913086
sub-470437,ses-7mo,15,4th-Ventricle,MI,4.9053563225714e-07
sub-470437,ses-7mo,15,4th-Ventricle,NMI,0.00019809790619813075
sub-470437,ses-7mo,2,Left-Cerebral-White-Matter,Dice,0.5407835777245423
sub-470437,ses-7mo,2,Left-Cerebral-White-Matter,IoU,0.3705986099589401
sub-470437,ses-7mo,2,Left-Cerebral-White-Matter,Hausdorff,32.69556544854363
sub-470437,ses-7mo,2,Left-Cerebral-White-Matter,HD95,6.480740547180176
sub-470437,ses-7mo,2,Left-Cerebral-White-Matter,MI,0.04399807601606227
sub-470437,ses-7mo,2,Left-Cerebral-White-Matter,NMI,0.3570425321254552
sub-470437,ses-7mo,41,Right-Cerebral-White-Matter,Dice,0.5494420068319592
sub-470437,ses-7mo,41,Right-Cerebral-White-Matter,IoU,0.37877975883747295
sub-470437,ses-7mo,41,Right-Cerebral-White-Matter,Hausdorff,28.792360097775937
sub-470437,ses-7mo,41,Right-Cerebral-White-Matter,HD95,6.78233003616333
sub-470437,ses-7mo,41,Right-Cerebral-White-Matter,MI,0.045551842492196126
sub-470437,ses-7mo,41,Right-Cerebral-White-Matter,NMI,0.3635455214780416
sub-470437,ses-7mo,14,3rd-Ventricle,Dice,0.20512820512820512
sub-470437,ses-7mo,14,3rd-Ventricle,IoU,0.11428571428571428
sub-470437,ses-7mo,14,3rd-Ventricle,Hausdorff,13.416407864998739
sub-470437,ses-7mo,14,3rd-Ventricle,HD95,8.602325439453125
sub-470437,ses-7mo,14,3rd-Ventricle,MI,0.00022619595489375277
sub-470437,ses-7mo,14,3rd-Ventricle,NMI,0.1406853915197978
sub-470437,ses-7mo,63,Right-choroid-plexus,Dice,0.05191873589164785
sub-470437,ses-7mo,63,Right-choroid-plexus,IoU,0.026651216685979143
sub-470437,ses-7mo,63,Right-choroid-plexus,Hausdorff,34.438350715445125
sub-470437,ses-7mo,63,Right-choroid-plexus,HD95,9.044173431396482
sub-470437,ses-7mo,63,Right-choroid-plexus,MI,1.8513188382164906e-05
sub-470437,ses-7mo,63,Right-choroid-plexus,NMI,0.028227629568477405
sub-470437,ses-7mo,26,Left-Accumbens-area,Dice,0.0
sub-470437,ses-7mo,26,Left-Accumbens-area,IoU,0.0
sub-470437,ses-7mo,26,Left-Accumbens-area,Hausdorff,13.564659966250536
sub-470437,ses-7mo,26,Left-Accumbens-area,HD95,10.949868011474608
sub-470437,ses-7mo,26,Left-Accumbens-area,MI,2.1018046396061507e-09
sub-470437,ses-7mo,26,Left-Accumbens-area,NMI,4.126154782313063e-06
sub-470437,ses-7mo,46,Right-Cerebellum-White-Matter,Dice,0.056339427662957076
sub-470437,ses-7mo,46,Right-Cerebellum-White-Matter,IoU,0.028986248146822758
sub-470437,ses-7mo,46,Right-Cerebellum-White-Matter,Hausdorff,30.430248109405877
sub-470437,ses-7mo,46,Right-Cerebellum-White-Matter,HD95,17.916473388671875
sub-470437,ses-7mo,46,Right-Cerebellum-White-Matter,MI,0.00022367312778717827
sub-470437,ses-7mo,46,Right-Cerebellum-White-Matter,NMI,0.02127865015150272
sub-470437,ses-7mo,7,Left-Cerebellum-White-Matter,Dice,0.03400375435773666
sub-470437,ses-7mo,7,Left-Cerebellum-White-Matter,IoU,0.017295940637276297
sub-470437,ses-7mo,7,Left-Cerebellum-White-Matter,Hausdorff,30.23243291566195
sub-470437,ses-7mo,7,Left-Cerebellum-White-Matter,HD95,18.788293838500977
sub-470437,ses-7mo,7,Left-Cerebellum-White-Matter,MI,0.00010693436997725948
sub-470437,ses-7mo,7,Left-Cerebellum-White-Matter,NMI,0.010890534635818327
sub-551495,ses-6mo,51,Right-Putamen,Dice,0.36577358890183204
sub-551495,ses-6mo,51,Right-Putamen,IoU,0.2238206324520477
sub-551495,ses-6mo,51,Right-Putamen,Hausdorff,16.522711641858304
sub-551495,ses-6mo,51,Right-Putamen,HD95,10.24695110321045
sub-551495,ses-6mo,51,Right-Putamen,MI,0.0014059036262053343
sub-551495,ses-6mo,51,Right-Putamen,NMI,0.25926887159359696
sub-551495,ses-6mo,42,Right-Cerebral-Cortex,Dice,0.23396165358789742
sub-551495,ses-6mo,42,Right-Cerebral-Cortex,IoU,0.1324782409528172
sub-551495,ses-6mo,42,Right-Cerebral-Cortex,Hausdorff,32.817678162843876
sub-551495,ses-6mo,42,Right-Cerebral-Cortex,HD95,11.704699516296387
sub-551495,ses-6mo,42,Right-Cerebral-Cortex,MI,0.008957373597207746
sub-551495,ses-6mo,42,Right-Cerebral-Cortex,NMI,0.07924248602421174
sub-551495,ses-6mo,43,Right-Lateral-Ventricle,Dice,0.4819773429454171
sub-551495,ses-6mo,43,Right-Lateral-Ventricle,IoU,0.3175033921302578
sub-551495,ses-6mo,43,Right-Lateral-Ventricle,Hausdorff,26.870057685088806
sub-551495,ses-6mo,43,Right-Lateral-Ventricle,HD95,6.928203105926514
sub-551495,ses-6mo,43,Right-Lateral-Ventricle,MI,0.0026119440468584756
sub-551495,ses-6mo,43,Right-Lateral-Ventricle,NMI,0.4050266933800154
sub-551495,ses-6mo,85,Optic-Chiasm,Dice,0.0
sub-551495,ses-6mo,85,Optic-Chiasm,IoU,0.0
sub-551495,ses-6mo,85,Optic-Chiasm,Hausdorff,18.57417562100671
sub-551495,ses-6mo,85,Optic-Chiasm,HD95,17.0880069732666
sub-551495,ses-6mo,85,Optic-Chiasm,MI,5.911737897308514e-10
sub-551495,ses-6mo,85,Optic-Chiasm,NMI,2.039492199069815e-06
sub-551495,ses-6mo,5,Left-Inf-Lat-Vent,Dice,0.0881542699724518
sub-551495,ses-6mo,5,Left-Inf-Lat-Vent,IoU,0.04610951008645533
sub-551495,ses-6mo,5,Left-Inf-Lat-Vent,Hausdorff,20.518284528683193
sub-551495,ses-6mo,5,Left-Inf-Lat-Vent,HD95,18.40515899658203
sub-551495,ses-6mo,5,Left-Inf-Lat-Vent,MI,2.9122110088940883e-05
sub-551495,ses-6mo,5,Left-Inf-Lat-Vent,NMI,0.053181651925380484
sub-551495,ses-6mo,58,Right-Accumbens-area,Dice,0.0
sub-551495,ses-6mo,58,Right-Accumbens-area,IoU,0.0
sub-551495,ses-6mo,58,Right-Accumbens-area,Hausdorff,10.63014581273465
sub-551495,ses-6mo,58,Right-Accumbens-area,HD95,8.602325439453125
sub-551495,ses-6mo,58,Right-Accumbens-area,MI,2.609097797960148e-09
sub-551495,ses-6mo,58,Right-Accumbens-area,NMI,4.6922895054914615e-06
sub-551495,ses-6mo,17,Left-Hippocampus,Dice,0.000774593338497289
sub-551495,ses-6mo,17,Left-Hippocampus,IoU,0.0003874467260751647
sub-551495,ses-6mo,17,Left-Hippocampus,Hausdorff,26.419689627245813
sub-551495,ses-6mo,17,Left-Hippocampus,HD95,18.466184616088867
sub-551495,ses-6mo,17,Left-Hippocampus,MI,8.745658572622738e-08
sub-551495,ses-6mo,17,Left-Hippocampus,NMI,2.7580004541570818e-05
sub-551495,ses-6mo,53,Right-Hippocampus,Dice,0.0030575195872348557
sub-551495,ses-6mo,53,Right-Hippocampus,IoU,0.0015311004784688996
sub-551495,ses-6mo,53,Right-Hippocampus,Hausdorff,23.790754506740637
sub-551495,ses-6mo,53,Right-Hippocampus,HD95,17.492855072021484
sub-551495,ses-6mo,53,Right-Hippocampus,MI,1.521952259125392e-06
sub-551495,ses-6mo,53,Right-Hippocampus,NMI,0.00047416172703295187
sub-551495,ses-6mo,10,Left-Thalamus,Dice,0.5797755980523605
sub-551495,ses-6mo,10,Left-Thalamus,IoU,0.40822816257577266
sub-551495,ses-6mo,10,Left-Thalamus,Hausdorff,14.317821063276353
sub-551495,ses-6mo,10,Left-Thalamus,HD95,10.049875259399414
sub-551495,ses-6mo,10,Left-Thalamus,MI,0.0035180879418629375
sub-551495,ses-6mo,10,Left-Thalamus,NMI,0.45303407587902883
sub-551495,ses-6mo,12,Left-Putamen,Dice,0.3964688792043804
sub-551495,ses-6mo,12,Left-Putamen,IoU,0.24724738675958188
sub-551495,ses-6mo,12,Left-Putamen,Hausdorff,15.362291495737216
sub-551495,ses-6mo,12,Left-Putamen,HD95,9.848857879638672
sub-551495,ses-6mo,12,Left-Putamen,MI,0.0014839092417520587
sub-551495,ses-6mo,12,Left-Putamen,NMI,0.28670242984766636
sub-551495,ses-6mo,52,Right-Pallidum,Dice,0.2909090909090909
sub-551495,ses-6mo,52,Right-Pallidum,IoU,0.1702127659574468
sub-551495,ses-6mo,52,Right-Pallidum,Hausdorff,9.0
sub-551495,ses-6mo,52,Right-Pallidum,HD95,6.4031243324279785
sub-551495,ses-6mo,52,Right-Pallidum,MI,0.00036257093469649657
sub-551495,ses-6mo,52,Right-Pallidum,NMI,0.20269905561592944
sub-551495,ses-6mo,8,Left-Cerebellum-Cortex,Dice,0.16897632954196126
sub-551495,ses-6mo,8,Left-Cerebellum-Cortex,IoU,0.09228516936632014
sub-551495,ses-6mo,8,Left-Cerebellum-Cortex,Hausdorff,31.38470965295043
sub-551495,ses-6mo,8,Left-Cerebellum-Cortex,HD95,22.715633392333984
sub-551495,ses-6mo,8,Left-Cerebellum-Cortex,MI,0.0025174262532616258
sub-551495,ses-6mo,8,Left-Cerebellum-Cortex,NMI,0.07258816690181817
sub-551495,ses-6mo,11,Left-Caudate,Dice,0.5818110390885877
sub-551495,ses-6mo,11,Left-Caudate,IoU,0.4102493074792244
sub-551495,ses-6mo,11,Left-Caudate,Hausdorff,7.14142842854285
sub-551495,ses-6mo,11,Left-Caudate,HD95,3.1622776985168457
sub-551495,ses-6mo,11,Left-Caudate,MI,0.001481060870744331
sub-551495,ses-6mo,11,Left-Caudate,NMI,0.4701188673084992
sub-551495,ses-6mo,3,Left-Cerebral-Cortex,Dice,0.26408921510056615
sub-551495,ses-6mo,3,Left-Cerebral-Cortex,IoU,0.15213294219833168
sub-551495,ses-6mo,3,Left-Cerebral-Cortex,Hausdorff,34.438350715445125
sub-551495,ses-6mo,3,Left-Cerebral-Cortex,HD95,10.677078247070312
sub-551495,ses-6mo,3,Left-Cerebral-Cortex,MI,0.01112915893806185
sub-551495,ses-6mo,3,Left-Cerebral-Cortex,NMI,0.09728634695353514
sub-551495,ses-6mo,4,Left-Lateral-Ventricle,Dice,0.5010248901903368
sub-551495,ses-6mo,4,Left-Lateral-Ventricle,IoU,0.33424496972064854
sub-551495,ses-6mo,4,Left-Lateral-Ventricle,Hausdorff,17.233687939614086
sub-551495,ses-6mo,4,Left-Lateral-Ventricle,HD95,10.15369849205019
sub-551495,ses-6mo,4,Left-Lateral-Ventricle,MI,0.003134179421122519
sub-551495,ses-6mo,4,Left-Lateral-Ventricle,NMI,0.42256725647782295
sub-551495,ses-6mo,18,Left-Amygdala,Dice,0.003177124702144559
sub-551495,ses-6mo,18,Left-Amygdala,IoU,0.0015910898965791568
sub-551495,ses-6mo,18,Left-Amygdala,Hausdorff,25.632011235952593
sub-551495,ses-6mo,18,Left-Amygdala,HD95,21.31308078765869
sub-551495,ses-6mo,18,Left-Amygdala,MI,1.1385023894112509e-06
sub-551495,ses-6mo,18,Left-Amygdala,NMI,0.0006797695757751491
sub-551495,ses-6mo,44,Right-Inf-Lat-Vent,Dice,0.0893371757925072
sub-551495,ses-6mo,44,Right-Inf-Lat-Vent,IoU,0.04675716440422323
sub-551495,ses-6mo,44,Right-Inf-Lat-Vent,Hausdorff,20.149441679609886
sub-551495,ses-6mo,44,Right-Inf-Lat-Vent,HD95,19.00394477844238
sub-551495,ses-6mo,44,Right-Inf-Lat-Vent,MI,2.9452484718332436e-05
sub-551495,ses-6mo,44,Right-Inf-Lat-Vent,NMI,0.0565276978439872
sub-551495,ses-6mo,47,Right-Cerebellum-Cortex,Dice,0.1657497871907914
sub-551495,ses-6mo,47,Right-Cerebellum-Cortex,IoU,0.09036378245089076
sub-551495,ses-6mo,47,Right-Cerebellum-Cortex,Hausdorff,29.9833287011299
sub-551495,ses-6mo,47,Right-Cerebellum-Cortex,HD95,20.39607810974121
sub-551495,ses-6mo,47,Right-Cerebellum-Cortex,MI,0.0023992083143963127
sub-551495,ses-6mo,47,Right-Cerebellum-Cortex,NMI,0.07110383562454592
sub-551495,ses-6mo,13,Left-Pallidum,Dice,0.2494802494802495
sub-551495,ses-6mo,13,Left-Pallidum,IoU,0.14251781472684086
sub-551495,ses-6mo,13,Left-Pallidum,Hausdorff,9.219544457292887
sub-551495,ses-6mo,13,Left-Pallidum,HD95,7.071067810058594
sub-551495,ses-6mo,13,Left-Pallidum,MI,0.00031976070446613645
sub-551495,ses-6mo,13,Left-Pallidum,NMI,0.1681881507098942
sub-551495,ses-6mo,60,Right-VentralDC,Dice,0.12183125236473705
sub-551495,ses-6mo,60,Right-VentralDC,IoU,0.06486704270749395
sub-551495,ses-6mo,60,Right-VentralDC,Hausdorff,16.55294535724685
sub-551495,ses-6mo,60,Right-VentralDC,HD95,13.03840446472168
sub-551495,ses-6mo,60,Right-VentralDC,MI,0.00022015587588001184
sub-551495,ses-6mo,60,Right-VentralDC,NMI,0.06748780003923908
sub-551495,ses-6mo,49,Right-Thalamus,Dice,0.5818843215714805
sub-551495,ses-6mo,49,Right-Thalamus,IoU,0.410322183459881
sub-551495,ses-6mo,49,Right-Thalamus,Hausdorff,19.05255888325765
sub-551495,ses-6mo,49,Right-Thalamus,HD95,10.816654205322266
sub-551495,ses-6mo,49,Right-Thalamus,MI,0.0034354432707671373
sub-551495,ses-6mo,49,Right-Thalamus,NMI,0.45413781701181416
sub-551495,ses-6mo,54,Right-Amygdala,Dice,0.01823486506199854
sub-551495,ses-6mo,54,Right-Amygdala,IoU,0.009201324990798674
sub-551495,ses-6mo,54,Right-Amygdala,Hausdorff,22.561028345356956
sub-551495,ses-6mo,54,Right-Amygdala,HD95,19.209373474121094
sub-551495,ses-6mo,54,Right-Amygdala,MI,1.2764073995535429e-05
sub-551495,ses-6mo,54,Right-Amygdala,NMI,0.007058702353828859
sub-551495,ses-6mo,24,CSF,Dice,0.0016870029941083674
sub-551495,ses-6mo,24,CSF,IoU,0.0008442135924832769
sub-551495,ses-6mo,24,CSF,Hausdorff,90.04443347592343
sub-551495,ses-6mo,24,CSF,HD95,74.32361602783203
sub-551495,ses-6mo,24,CSF,MI,5.328697312617967e-05
sub-551495,ses-6mo,24,CSF,NMI,0.0005984128435126962
sub-551495,ses-6mo,16,Brain-Stem,Dice,0.35533772400061264
sub-551495,ses-6mo,16,Brain-Stem,IoU,0.2160551313093686
sub-551495,ses-6mo,16,Brain-Stem,Hausdorff,30.740852297878796
sub-551495,ses-6mo,16,Brain-Stem,HD95,25.612497329711914
sub-551495,ses-6mo,16,Brain-Stem,MI,0.0030759541849875627
sub-551495,ses-6mo,16,Brain-Stem,NMI,0.23351961792324483
sub-551495,ses-6mo,50,Right-Caudate,Dice,0.6186726659167604
sub-551495,ses-6mo,50,Right-Caudate,IoU,0.44788273615635177
sub-551495,ses-6mo,50,Right-Caudate,Hausdorff,6.782329983125268
sub-551495,ses-6mo,50,Right-Caudate,HD95,3.316624879837036
sub-551495,ses-6mo,50,Right-Caudate,MI,0.0016719731732057373
sub-551495,ses-6mo,50,Right-Caudate,NMI,0.5092911047434385
sub-551495,ses-6mo,31,Left-choroid-plexus,Dice,0.0
sub-551495,ses-6mo,31,Left-choroid-plexus,IoU,0.0
sub-551495,ses-6mo,31,Left-choroid-plexus,Hausdorff,11.832159566199232
sub-551495,ses-6mo,31,Left-choroid-plexus,HD95,9.019384956359865
sub-551495,ses-6mo,31,Left-choroid-plexus,MI,2.3180125985317697e-09
sub-551495,ses-6mo,31,Left-choroid-plexus,NMI,3.852894422846797e-06
sub-551495,ses-6mo,28,Left-VentralDC,Dice,0.08578987150415722
sub-551495,ses-6mo,28,Left-VentralDC,IoU,0.04481737413622902
sub-551495,ses-6mo,28,Left-VentralDC,Hausdorff,18.439088914585774
sub-551495,ses-6mo,28,Left-VentralDC,HD95,12.980740547180176
sub-551495,ses-6mo,28,Left-VentralDC,MI,0.00014306759095560734
sub-551495,ses-6mo,28,Left-VentralDC,NMI,0.043820075817033774
sub-551495,ses-6mo,15,4th-Ventricle,Dice,0.0
sub-551495,ses-6mo,15,4th-Ventricle,IoU,0.0
sub-551495,ses-6mo,15,4th-Ventricle,Hausdorff,34.597687784012386
sub-551495,ses-6mo,15,4th-Ventricle,HD95,29.557570457458493
sub-551495,ses-6mo,15,4th-Ventricle,MI,3.5493247323744974e-08
sub-551495,ses-6mo,15,4th-Ventricle,NMI,1.4827811994118715e-05
sub-551495,ses-6mo,2,Left-Cerebral-White-Matter,Dice,0.5768305113914667
sub-551495,ses-6mo,2,Left-Cerebral-White-Matter,IoU,0.4053139952820711
sub-551495,ses-6mo,2,Left-Cerebral-White-Matter,Hausdorff,29.30870177950569
sub-551495,ses-6mo,2,Left-Cerebral-White-Matter,HD95,7.348469257354736
sub-551495,ses-6mo,2,Left-Cerebral-White-Matter,MI,0.04679301834151886
sub-551495,ses-6mo,2,Left-Cerebral-White-Matter,NMI,0.39066741991207593
sub-551495,ses-6mo,41,Right-Cerebral-White-Matter,Dice,0.5634150116069125
sub-551495,ses-6mo,41,Right-Cerebral-White-Matter,IoU,0.39219051859725224
sub-551495,ses-6mo,41,Right-Cerebral-White-Matter,Hausdorff,30.14962686336267
sub-551495,ses-6mo,41,Right-Cerebral-White-Matter,HD95,8.602325439453125
sub-551495,ses-6mo,41,Right-Cerebral-White-Matter,MI,0.04623992556534654
sub-551495,ses-6mo,41,Right-Cerebral-White-Matter,NMI,0.3787892406502859
sub-551495,ses-6mo,14,3rd-Ventricle,Dice,0.28946090335114133
sub-551495,ses-6mo,14,3rd-Ventricle,IoU,0.1692220329358319
sub-551495,ses-6mo,14,3rd-Ventricle,Hausdorff,12.36931687685298
sub-551495,ses-6mo,14,3rd-Ventricle,HD95,7.549834251403809
sub-551495,ses-6mo,14,3rd-Ventricle,MI,0.0003039221316857377
sub-551495,ses-6mo,14,3rd-Ventricle,NMI,0.21913295179633951
sub-551495,ses-6mo,63,Right-choroid-plexus,Dice,0.007220216606498195
sub-551495,ses-6mo,63,Right-choroid-plexus,IoU,0.0036231884057971015
sub-551495,ses-6mo,63,Right-choroid-plexus,Hausdorff,26.019223662515376
sub-551495,ses-6mo,63,Right-choroid-plexus,HD95,6.47685973644256
sub-551495,ses-6mo,63,Right-choroid-plexus,MI,2.108488773876149e-06
sub-551495,ses-6mo,63,Right-choroid-plexus,NMI,0.002652125676684276
sub-551495,ses-6mo,26,Left-Accumbens-area,Dice,0.0
sub-551495,ses-6mo,26,Left-Accumbens-area,IoU,0.0
sub-551495,ses-6mo,26,Left-Accumbens-area,Hausdorff,11.357816691600547
sub-551495,ses-6mo,26,Left-Accumbens-area,HD95,9.219544410705566
sub-551495,ses-6mo,26,Left-Accumbens-area,MI,2.3623562850778315e-09
sub-551495,ses-6mo,26,Left-Accumbens-area,NMI,4.435519184192021e-06
sub-551495,ses-6mo,46,Right-Cerebellum-White-Matter,Dice,0.019544263314529384
sub-551495,ses-6mo,46,Right-Cerebellum-White-Matter,IoU,0.009868568608980397
sub-551495,ses-6mo,46,Right-Cerebellum-White-Matter,Hausdorff,32.61901286060018
sub-551495,ses-6mo,46,Right-Cerebellum-White-Matter,HD95,22.338308334350586
sub-551495,ses-6mo,46,Right-Cerebellum-White-Matter,MI,5.2130212314641295e-05
sub-551495,ses-6mo,46,Right-Cerebellum-White-Matter,NMI,0.004507634598386491
sub-551495,ses-6mo,7,Left-Cerebellum-White-Matter,Dice,0.022790235743034865
sub-551495,ses-6mo,7,Left-Cerebellum-White-Matter,IoU,0.01152646327922593
sub-551495,ses-6mo,7,Left-Cerebellum-White-Matter,Hausdorff,31.63858403911275
sub-551495,ses-6mo,7,Left-Cerebellum-White-Matter,HD95,22.516660690307617
sub-551495,ses-6mo,7,Left-Cerebellum-White-Matter,MI,6.284526436972984e-05
sub-551495,ses-6mo,7,Left-Cerebellum-White-Matter,NMI,0.006284727176894603
sub-657158,ses-4mo,51,Right-Putamen,Dice,0.37750385208012327
sub-657158,ses-4mo,51,Right-Putamen,IoU,0.23266856600189934
sub-657158,ses-4mo,51,Right-Putamen,Hausdorff,17.4928556845359
sub-657158,ses-4mo,51,Right-Putamen,HD95,11.357816696166992
sub-657158,ses-4mo,51,Right-Putamen,MI,0.0014726570802429425
sub-657158,ses-4mo,51,Right-Putamen,NMI,0.28291721828669064
sub-657158,ses-4mo,42,Right-Cerebral-Cortex,Dice,0.1831549890948746
sub-657158,ses-4mo,42,Right-Cerebral-Cortex,IoU,0.10080936348204489
sub-657158,ses-4mo,42,Right-Cerebral-Cortex,Hausdorff,37.107950630558946
sub-657158,ses-4mo,42,Right-Cerebral-Cortex,HD95,17.535672187805176
sub-657158,ses-4mo,42,Right-Cerebral-Cortex,MI,0.005963207307226791
sub-657158,ses-4mo,42,Right-Cerebral-Cortex,NMI,0.05219662218387666
sub-657158,ses-4mo,43,Right-Lateral-Ventricle,Dice,0.6518157181571815
sub-657158,ses-4mo,43,Right-Lateral-Ventricle,IoU,0.4834767226823189
sub-657158,ses-4mo,43,Right-Lateral-Ventricle,Hausdorff,21.118712081942874
sub-657158,ses-4mo,43,Right-Lateral-Ventricle,HD95,13.747727394104004
sub-657158,ses-4mo,43,Right-Lateral-Ventricle,MI,0.005337076613541651
sub-657158,ses-4mo,43,Right-Lateral-Ventricle,NMI,0.5482853916345485
sub-657158,ses-4mo,85,Optic-Chiasm,Dice,0.0
sub-657158,ses-4mo,85,Optic-Chiasm,IoU,0.0
sub-657158,ses-4mo,85,Optic-Chiasm,Hausdorff,21.93171219946131
sub-657158,ses-4mo,85,Optic-Chiasm,HD95,20.51828384399414
sub-657158,ses-4mo,85,Optic-Chiasm,MI,3.971441321420563e-10
sub-657158,ses-4mo,85,Optic-Chiasm,NMI,1.6701373981843866e-06
sub-657158,ses-4mo,62,Right-vessel,Dice,0.0
sub-657158,ses-4mo,62,Right-vessel,IoU,0.0
sub-657158,ses-4mo,62,Right-vessel,Hausdorff,14.45683229480096
sub-657158,ses-4mo,62,Right-vessel,HD95,13.095675468444824
sub-657158,ses-4mo,62,Right-vessel,MI,1.2565487254759082e-10
sub-657158,ses-4mo,62,Right-vessel,NMI,4.857185541032221e-07
sub-657158,ses-4mo,5,Left-Inf-Lat-Vent,Dice,0.034904013961605584
sub-657158,ses-4mo,5,Left-Inf-Lat-Vent,IoU,0.017761989342806393
sub-657158,ses-4mo,5,Left-Inf-Lat-Vent,Hausdorff,26.645825188948457
sub-657158,ses-4mo,5,Left-Inf-Lat-Vent,HD95,20.71231460571289
sub-657158,ses-4mo,5,Left-Inf-Lat-Vent,MI,1.4237196109219839e-05
sub-657158,ses-4mo,5,Left-Inf-Lat-Vent,NMI,0.017196186380847408
sub-657158,ses-4mo,58,Right-Accumbens-area,Dice,0.0
sub-657158,ses-4mo,58,Right-Accumbens-area,IoU,0.0
sub-657158,ses-4mo,58,Right-Accumbens-area,Hausdorff,14.7648230602334
sub-657158,ses-4mo,58,Right-Accumbens-area,HD95,11.736564636230469
sub-657158,ses-4mo,58,Right-Accumbens-area,MI,2.1127350953925117e-09
sub-657158,ses-4mo,58,Right-Accumbens-area,NMI,4.172113670011579e-06
sub-657158,ses-4mo,17,Left-Hippocampus,Dice,0.0
sub-657158,ses-4mo,17,Left-Hippocampus,IoU,0.0
sub-657158,ses-4mo,17,Left-Hippocampus,Hausdorff,28.653097563788805
sub-657158,ses-4mo,17,Left-Hippocampus,HD95,23.280864238739014
sub-657158,ses-4mo,17,Left-Hippocampus,MI,1.2119383381592203e-07
sub-657158,ses-4mo,17,Left-Hippocampus,NMI,3.676338291398756e-05
sub-657158,ses-4mo,53,Right-Hippocampus,Dice,0.0
sub-657158,ses-4mo,53,Right-Hippocampus,IoU,0.0
sub-657158,ses-4mo,53,Right-Hippocampus,Hausdorff,27.2213151776324
sub-657158,ses-4mo,53,Right-Hippocampus,HD95,21.954498291015625
sub-657158,ses-4mo,53,Right-Hippocampus,MI,1.2383375264134796e-07
sub-657158,ses-4mo,53,Right-Hippocampus,NMI,3.712944788742231e-05
sub-657158,ses-4mo,10,Left-Thalamus,Dice,0.39033047735618115
sub-657158,ses-4mo,10,Left-Thalamus,IoU,0.24249106531822676
sub-657158,ses-4mo,10,Left-Thalamus,Hausdorff,24.186773244895647
sub-657158,ses-4mo,10,Left-Thalamus,HD95,16.309507369995117
sub-657158,ses-4mo,10,Left-Thalamus,MI,0.00238053190501484
sub-657158,ses-4mo,10,Left-Thalamus,NMI,0.27125024773672024
sub-657158,ses-4mo,12,Left-Putamen,Dice,0.36948051948051946
sub-657158,ses-4mo,12,Left-Putamen,IoU,0.22660294703305456
sub-657158,ses-4mo,12,Left-Putamen,Hausdorff,17.72004514666935
sub-657158,ses-4mo,12,Left-Putamen,HD95,12.083045959472656
sub-657158,ses-4mo,12,Left-Putamen,MI,0.0014298859937778925
sub-657158,ses-4mo,12,Left-Putamen,NMI,0.2699215632230675
sub-657158,ses-4mo,52,Right-Pallidum,Dice,0.2581767571329158
sub-657158,ses-4mo,52,Right-Pallidum,IoU,0.14822213343987214
sub-657158,ses-4mo,52,Right-Pallidum,Hausdorff,9.433981132056603
sub-657158,ses-4mo,52,Right-Pallidum,HD95,7.0
sub-657158,ses-4mo,52,Right-Pallidum,MI,0.0003319885941256395
sub-657158,ses-4mo,52,Right-Pallidum,NMI,0.175263863180951
sub-657158,ses-4mo,8,Left-Cerebellum-Cortex,Dice,0.07332011717016303
sub-657158,ses-4mo,8,Left-Cerebellum-Cortex,IoU,0.03805516309355612
sub-657158,ses-4mo,8,Left-Cerebellum-Cortex,Hausdorff,38.06573262134856
sub-657158,ses-4mo,8,Left-Cerebellum-Cortex,HD95,29.44486427307129
sub-657158,ses-4mo,8,Left-Cerebellum-Cortex,MI,0.0006511480955612571
sub-657158,ses-4mo,8,Left-Cerebellum-Cortex,NMI,0.021894751941654227
sub-657158,ses-4mo,11,Left-Caudate,Dice,0.6012195121951219
sub-657158,ses-4mo,11,Left-Caudate,IoU,0.42981691368788144
sub-657158,ses-4mo,11,Left-Caudate,Hausdorff,12.68857754044952
sub-657158,ses-4mo,11,Left-Caudate,HD95,4.254266357421864
sub-657158,ses-4mo,11,Left-Caudate,MI,0.0014899921448734933
sub-657158,ses-4mo,11,Left-Caudate,NMI,0.48700617202368157
sub-657158,ses-4mo,3,Left-Cerebral-Cortex,Dice,0.17596253844314308
sub-657158,ses-4mo,3,Left-Cerebral-Cortex,IoU,0.09646870864864535
sub-657158,ses-4mo,3,Left-Cerebral-Cortex,Hausdorff,41.15823125451335
sub-657158,ses-4mo,3,Left-Cerebral-Cortex,HD95,20.420578002929688
sub-657158,ses-4mo,3,Left-Cerebral-Cortex,MI,0.005583787649874723
sub-657158,ses-4mo,3,Left-Cerebral-Cortex,NMI,0.04808259911822109
sub-657158,ses-4mo,4,Left-Lateral-Ventricle,Dice,0.5856945595139464
sub-657158,ses-4mo,4,Left-Lateral-Ventricle,IoU,0.4141216902288526
sub-657158,ses-4mo,4,Left-Lateral-Ventricle,Hausdorff,26.30589287593181
sub-657158,ses-4mo,4,Left-Lateral-Ventricle,HD95,15.264337539672852
sub-657158,ses-4mo,4,Left-Lateral-Ventricle,MI,0.004561546728302904
sub-657158,ses-4mo,4,Left-Lateral-Ventricle,NMI,0.47705703024001217
sub-657158,ses-4mo,18,Left-Amygdala,Dice,0.0
sub-657158,ses-4mo,18,Left-Amygdala,IoU,0.0
sub-657158,ses-4mo,18,Left-Amygdala,Hausdorff,29.478805945967352
sub-657158,ses-4mo,18,Left-Amygdala,HD95,25.937380218505854
sub-657158,ses-4mo,18,Left-Amygdala,MI,2.7703412122756944e-08
sub-657158,ses-4mo,18,Left-Amygdala,NMI,1.6052927750009735e-05
sub-657158,ses-4mo,44,Right-Inf-Lat-Vent,Dice,0.028350515463917526
sub-657158,ses-4mo,44,Right-Inf-Lat-Vent,IoU,0.01437908496732026
sub-657158,ses-4mo,44,Right-Inf-Lat-Vent,Hausdorff,24.698178070456937
sub-657158,ses-4mo,44,Right-Inf-Lat-Vent,HD95,21.34243631362915
sub-657158,ses-4mo,44,Right-Inf-Lat-Vent,MI,8.072325752340517e-06
sub-657158,ses-4mo,44,Right-Inf-Lat-Vent,NMI,0.013870275845274128
sub-657158,ses-4mo,47,Right-Cerebellum-Cortex,Dice,0.04796237800473108
sub-657158,ses-4mo,47,Right-Cerebellum-Cortex,IoU,0.02457041681179612
sub-657158,ses-4mo,47,Right-Cerebellum-Cortex,Hausdorff,38.17066936798463
sub-657158,ses-4mo,47,Right-Cerebellum-Cortex,HD95,29.832868576049805
sub-657158,ses-4mo,47,Right-Cerebellum-Cortex,MI,0.00033829960904526585
sub-657158,ses-4mo,47,Right-Cerebellum-Cortex,NMI,0.01096932926422364
sub-657158,ses-4mo,13,Left-Pallidum,Dice,0.12558139534883722
sub-657158,ses-4mo,13,Left-Pallidum,IoU,0.06699751861042183
sub-657158,ses-4mo,13,Left-Pallidum,Hausdorff,10.954451150103322
sub-657158,ses-4mo,13,Left-Pallidum,HD95,8.645772218704224
sub-657158,ses-4mo,13,Left-Pallidum,MI,0.00012759825189093745
sub-657158,ses-4mo,13,Left-Pallidum,NMI,0.07416984319638732
sub-657158,ses-4mo,60,Right-VentralDC,Dice,0.002426202992317024
sub-657158,ses-4mo,60,Right-VentralDC,IoU,0.0012145748987854252
sub-657158,ses-4mo,60,Right-VentralDC,Hausdorff,21.118712081942874
sub-657158,ses-4mo,60,Right-VentralDC,HD95,16.068597793579094
sub-657158,ses-4mo,60,Right-VentralDC,MI,9.196323857993379e-07
sub-657158,ses-4mo,60,Right-VentralDC,NMI,0.0002991717950949074
sub-657158,ses-4mo,49,Right-Thalamus,Dice,0.42948227492986485
sub-657158,ses-4mo,49,Right-Thalamus,IoU,0.27346541084767784
sub-657158,ses-4mo,49,Right-Thalamus,Hausdorff,24.331050121192877
sub-657158,ses-4mo,49,Right-Thalamus,HD95,16.446863174438477
sub-657158,ses-4mo,49,Right-Thalamus,MI,0.002611317691561253
sub-657158,ses-4mo,49,Right-Thalamus,NMI,0.3084694034309813
sub-657158,ses-4mo,54,Right-Amygdala,Dice,0.0
sub-657158,ses-4mo,54,Right-Amygdala,IoU,0.0
sub-657158,ses-4mo,54,Right-Amygdala,Hausdorff,24.228082879171435
sub-657158,ses-4mo,54,Right-Amygdala,HD95,21.648323345184323
sub-657158,ses-4mo,54,Right-Amygdala,MI,3.237976950719876e-08
sub-657158,ses-4mo,54,Right-Amygdala,NMI,1.788823715365305e-05
sub-657158,ses-4mo,24,CSF,Dice,0.0007381623575378468
sub-657158,ses-4mo,24,CSF,IoU,0.00036921744998058423
sub-657158,ses-4mo,24,CSF,Hausdorff,92.11948762341224
sub-657158,ses-4mo,24,CSF,HD95,78.56844329833984
sub-657158,ses-4mo,24,CSF,MI,9.674041409657783e-06
sub-657158,ses-4mo,24,CSF,NMI,0.00010765781446082611
sub-657158,ses-4mo,16,Brain-Stem,Dice,0.1891972768758884
sub-657158,ses-4mo,16,Brain-Stem,IoU,0.10448254492873374
sub-657158,ses-4mo,16,Brain-Stem,Hausdorff,41.42463035441596
sub-657158,ses-4mo,16,Brain-Stem,HD95,34.32200622558594
sub-657158,ses-4mo,16,Brain-Stem,MI,0.0013683540837564922
sub-657158,ses-4mo,16,Brain-Stem,NMI,0.10178222420395598
sub-657158,ses-4mo,50,Right-Caudate,Dice,0.6207035175879397
sub-657158,ses-4mo,50,Right-Caudate,IoU,0.450014573010784
sub-657158,ses-4mo,50,Right-Caudate,Hausdorff,7.681145747868608
sub-657158,ses-4mo,50,Right-Caudate,HD95,3.7416574954986572
sub-657158,ses-4mo,50,Right-Caudate,MI,0.0015721349098154335
sub-657158,ses-4mo,50,Right-Caudate,NMI,0.5090259004328215
sub-657158,ses-4mo,30,Left-vessel,Dice,0.0
sub-657158,ses-4mo,30,Left-vessel,IoU,0.0
sub-657158,ses-4mo,30,Left-vessel,Hausdorff,18.681541692269406
sub-657158,ses-4mo,30,Left-vessel,HD95,16.901177883148193
sub-657158,ses-4mo,30,Left-vessel,MI,8.206708345187487e-12
sub-657158,ses-4mo,30,Left-vessel,NMI,2.5705990751694213e-08
sub-657158,ses-4mo,31,Left-choroid-plexus,Dice,0.0
sub-657158,ses-4mo,31,Left-choroid-plexus,IoU,0.0
sub-657158,ses-4mo,31,Left-choroid-plexus,Hausdorff,33.66006535941367
sub-657158,ses-4mo,31,Left-choroid-plexus,HD95,25.00599784851074
sub-657158,ses-4mo,31,Left-choroid-plexus,MI,5.2627475623386565e-09
sub-657158,ses-4mo,31,Left-choroid-plexus,NMI,6.606611366770689e-06
sub-657158,ses-4mo,28,Left-VentralDC,Dice,0.0011322891111530478
sub-657158,ses-4mo,28,Left-VentralDC,IoU,0.0005664652567975831
sub-657158,ses-4mo,28,Left-VentralDC,Hausdorff,22.64950330581225
sub-657158,ses-4mo,28,Left-VentralDC,HD95,17.57839584350586
sub-657158,ses-4mo,28,Left-VentralDC,MI,1.8783532975569047e-07
sub-657158,ses-4mo,28,Left-VentralDC,NMI,5.745793837883098e-05
sub-657158,ses-4mo,15,4th-Ventricle,Dice,0.0
sub-657158,ses-4mo,15,4th-Ventricle,IoU,0.0
sub-657158,ses-4mo,15,4th-Ventricle,Hausdorff,38.48376280978771
sub-657158,ses-4mo,15,4th-Ventricle,HD95,27.568885517120332
sub-657158,ses-4mo,15,4th-Ventricle,MI,3.8773295268207646e-08
sub-657158,ses-4mo,15,4th-Ventricle,NMI,2.0076035979550728e-05
sub-657158,ses-4mo,2,Left-Cerebral-White-Matter,Dice,0.5467515667583487
sub-657158,ses-4mo,2,Left-Cerebral-White-Matter,IoU,0.3762271847345133
sub-657158,ses-4mo,2,Left-Cerebral-White-Matter,Hausdorff,41.20679555607303
sub-657158,ses-4mo,2,Left-Cerebral-White-Matter,HD95,16.15704069137537
sub-657158,ses-4mo,2,Left-Cerebral-White-Matter,MI,0.04544635194792575
sub-657158,ses-4mo,2,Left-Cerebral-White-Matter,NMI,0.36544392940199916
sub-657158,ses-4mo,41,Right-Cerebral-White-Matter,Dice,0.5593562879874984
sub-657158,ses-4mo,41,Right-Cerebral-White-Matter,IoU,0.38826830209539304
sub-657158,ses-4mo,41,Right-Cerebral-White-Matter,Hausdorff,34.19064199455752
sub-657158,ses-4mo,41,Right-Cerebral-White-Matter,HD95,13.747727394104004
sub-657158,ses-4mo,41,Right-Cerebral-White-Matter,MI,0.0469597410207387
sub-657158,ses-4mo,41,Right-Cerebral-White-Matter,NMI,0.37632305035857067
sub-657158,ses-4mo,14,3rd-Ventricle,Dice,0.12299168975069252
sub-657158,ses-4mo,14,3rd-Ventricle,IoU,0.06552538370720189
sub-657158,ses-4mo,14,3rd-Ventricle,Hausdorff,16.401219466856727
sub-657158,ses-4mo,14,3rd-Ventricle,HD95,11.575837135314941
sub-657158,ses-4mo,14,3rd-Ventricle,MI,0.0001728972881514937
sub-657158,ses-4mo,14,3rd-Ventricle,NMI,0.07537004867414153
sub-657158,ses-4mo,63,Right-choroid-plexus,Dice,0.0
sub-657158,ses-4mo,63,Right-choroid-plexus,IoU,0.0
sub-657158,ses-4mo,63,Right-choroid-plexus,Hausdorff,36.61966684720111
sub-657158,ses-4mo,63,Right-choroid-plexus,HD95,26.996291160583493
sub-657158,ses-4mo,63,Right-choroid-plexus,MI,6.316399266690156e-09
sub-657158,ses-4mo,63,Right-choroid-plexus,NMI,7.443970520688208e-06
sub-657158,ses-4mo,26,Left-Accumbens-area,Dice,0.0
sub-657158,ses-4mo,26,Left-Accumbens-area,IoU,0.0
sub-657158,ses-4mo,26,Left-Accumbens-area,Hausdorff,15.588457268119896
sub-657158,ses-4mo,26,Left-Accumbens-area,HD95,12.878251314163206
sub-657158,ses-4mo,26,Left-Accumbens-area,MI,3.0816797490712056e-09
sub-657158,ses-4mo,26,Left-Accumbens-area,NMI,5.139174088126062e-06
sub-657158,ses-4mo,46,Right-Cerebellum-White-Matter,Dice,0.0
sub-657158,ses-4mo,46,Right-Cerebellum-White-Matter,IoU,0.0
sub-657158,ses-4mo,46,Right-Cerebellum-White-Matter,Hausdorff,40.50925820105819
sub-657158,ses-4mo,46,Right-Cerebellum-White-Matter,HD95,33.55592346191406
sub-657158,ses-4mo,46,Right-Cerebellum-White-Matter,MI,2.1437785054181403e-06
sub-657158,ses-4mo,46,Right-Cerebellum-White-Matter,NMI,0.00019230312549922115
sub-657158,ses-4mo,7,Left-Cerebellum-White-Matter,Dice,0.0
sub-657158,ses-4mo,7,Left-Cerebellum-White-Matter,IoU,0.0
sub-657158,ses-4mo,7,Left-Cerebellum-White-Matter,Hausdorff,40.50925820105819
sub-657158,ses-4mo,7,Left-Cerebellum-White-Matter,HD95,32.65195121765136
sub-657158,ses-4mo,7,Left-Cerebellum-White-Matter,MI,1.715223150414169e-06
sub-657158,ses-4mo,7,Left-Cerebellum-White-Matter,NMI,0.0001692170011793999
sub-298032,ses-3mo,51,Right-Putamen,Dice,0.38538052278510293
sub-298032,ses-3mo,51,Right-Putamen,IoU,0.23868194842406876
sub-298032,ses-3mo,51,Right-Putamen,Hausdorff,15.297058540778355
sub-298032,ses-3mo,51,Right-Putamen,HD95,9.273618698120117
sub-298032,ses-3mo,51,Right-Putamen,MI,0.001395234044042429
sub-298032,ses-3mo,51,Right-Putamen,NMI,0.2780406089231823
sub-298032,ses-3mo,42,Right-Cerebral-Cortex,Dice,0.23639857899947586
sub-298032,ses-3mo,42,Right-Cerebral-Cortex,IoU,0.13404308716499136
sub-298032,ses-3mo,42,Right-Cerebral-Cortex,Hausdorff,28.053520278211074
sub-298032,ses-3mo,42,Right-Cerebral-Cortex,HD95,8.9442720413208
sub-298032,ses-3mo,42,Right-Cerebral-Cortex,MI,0.008163239895285515
sub-298032,ses-3mo,42,Right-Cerebral-Cortex,NMI,0.09160292971258285
sub-298032,ses-3mo,43,Right-Lateral-Ventricle,Dice,0.5893412057178372
sub-298032,ses-3mo,43,Right-Lateral-Ventricle,IoU,0.41777728824760435
sub-298032,ses-3mo,43,Right-Lateral-Ventricle,Hausdorff,25.514701644346147
sub-298032,ses-3mo,43,Right-Lateral-Ventricle,HD95,9.433980941772461
sub-298032,ses-3mo,43,Right-Lateral-Ventricle,MI,0.0034407316965364074
sub-298032,ses-3mo,43,Right-Lateral-Ventricle,NMI,0.4842833981622961
sub-298032,ses-3mo,5,Left-Inf-Lat-Vent,Dice,0.0
sub-298032,ses-3mo,5,Left-Inf-Lat-Vent,IoU,0.0
sub-298032,ses-3mo,5,Left-Inf-Lat-Vent,Hausdorff,32.18695387886216
sub-298032,ses-3mo,5,Left-Inf-Lat-Vent,HD95,24.22808265686035
sub-298032,ses-3mo,5,Left-Inf-Lat-Vent,MI,2.8865875704937915e-09
sub-298032,ses-3mo,5,Left-Inf-Lat-Vent,NMI,4.95986007720909e-06
sub-298032,ses-3mo,58,Right-Accumbens-area,Dice,0.0
sub-298032,ses-3mo,58,Right-Accumbens-area,IoU,0.0
sub-298032,ses-3mo,58,Right-Accumbens-area,Hausdorff,10.862780491200215
sub-298032,ses-3mo,58,Right-Accumbens-area,HD95,8.66025447845459
sub-298032,ses-3mo,58,Right-Accumbens-area,MI,1.2362920074471392e-09
sub-298032,ses-3mo,58,Right-Accumbens-area,NMI,3.0297884990891084e-06
sub-298032,ses-3mo,17,Left-Hippocampus,Dice,0.0
sub-298032,ses-3mo,17,Left-Hippocampus,IoU,0.0
sub-298032,ses-3mo,17,Left-Hippocampus,Hausdorff,28.844410203711913
sub-298032,ses-3mo,17,Left-Hippocampus,HD95,22.203603744506836
sub-298032,ses-3mo,17,Left-Hippocampus,MI,8.278409502457569e-08
sub-298032,ses-3mo,17,Left-Hippocampus,NMI,2.9542709120187547e-05
sub-298032,ses-3mo,53,Right-Hippocampus,Dice,0.0
sub-298032,ses-3mo,53,Right-Hippocampus,IoU,0.0
sub-298032,ses-3mo,53,Right-Hippocampus,Hausdorff,22.759613353482084
sub-298032,ses-3mo,53,Right-Hippocampus,HD95,18.369807243347164
sub-298032,ses-3mo,53,Right-Hippocampus,MI,8.661209193534976e-08
sub-298032,ses-3mo,53,Right-Hippocampus,NMI,3.0560340908376126e-05
sub-298032,ses-3mo,10,Left-Thalamus,Dice,0.4515790164795483
sub-298032,ses-3mo,10,Left-Thalamus,IoU,0.2916383989145183
sub-298032,ses-3mo,10,Left-Thalamus,Hausdorff,18.33030277982336
sub-298032,ses-3mo,10,Left-Thalamus,HD95,11.357816696166992
sub-298032,ses-3mo,10,Left-Thalamus,MI,0.002668529938222063
sub-298032,ses-3mo,10,Left-Thalamus,NMI,0.3221918025671934
sub-298032,ses-3mo,12,Left-Putamen,Dice,0.3857988165680473
sub-298032,ses-3mo,12,Left-Putamen,IoU,0.23900293255131966
sub-298032,ses-3mo,12,Left-Putamen,Hausdorff,19.1049731745428
sub-298032,ses-3mo,12,Left-Putamen,HD95,12.041594505310059
sub-298032,ses-3mo,12,Left-Putamen,MI,0.0012722820636437051
sub-298032,ses-3mo,12,Left-Putamen,NMI,0.2846452513370951
sub-298032,ses-3mo,52,Right-Pallidum,Dice,0.16542669584245076
sub-298032,ses-3mo,52,Right-Pallidum,IoU,0.09017175572519084
sub-298032,ses-3mo,52,Right-Pallidum,Hausdorff,10.295630140987
sub-298032,ses-3mo,52,Right-Pallidum,HD95,7.8102498054504395
sub-298032,ses-3mo,52,Right-Pallidum,MI,0.00016043436526090409
sub-298032,ses-3mo,52,Right-Pallidum,NMI,0.1039908266033117
sub-298032,ses-3mo,8,Left-Cerebellum-Cortex,Dice,0.12600025006251564
sub-298032,ses-3mo,8,Left-Cerebellum-Cortex,IoU,0.06723600153453539
sub-298032,ses-3mo,8,Left-Cerebellum-Cortex,Hausdorff,44.654227123532216
sub-298032,ses-3mo,8,Left-Cerebellum-Cortex,HD95,25.600775146484402
sub-298032,ses-3mo,8,Left-Cerebellum-Cortex,MI,0.0014313609097090958
sub-298032,ses-3mo,8,Left-Cerebellum-Cortex,NMI,0.05054899261614555
sub-298032,ses-3mo,11,Left-Caudate,Dice,0.5299407764860715
sub-298032,ses-3mo,11,Left-Caudate,IoU,0.3604894061474187
sub-298032,ses-3mo,11,Left-Caudate,Hausdorff,11.661903789690601
sub-298032,ses-3mo,11,Left-Caudate,HD95,4.898979663848877
sub-298032,ses-3mo,11,Left-Caudate,MI,0.0011911774385449515
sub-298032,ses-3mo,11,Left-Caudate,NMI,0.4168231874628293
sub-298032,ses-3mo,3,Left-Cerebral-Cortex,Dice,0.23163188666185588
sub-298032,ses-3mo,3,Left-Cerebral-Cortex,IoU,0.13098623805458975
sub-298032,ses-3mo,3,Left-Cerebral-Cortex,Hausdorff,98.09179374443104
sub-298032,ses-3mo,3,Left-Cerebral-Cortex,HD95,13.076696395874023
sub-298032,ses-3mo,3,Left-Cerebral-Cortex,MI,0.008121589235226094
sub-298032,ses-3mo,3,Left-Cerebral-Cortex,NMI,0.08738659912198272
sub-298032,ses-3mo,4,Left-Lateral-Ventricle,Dice,0.5458968305072619
sub-298032,ses-3mo,4,Left-Lateral-Ventricle,IoU,0.37541822475890574
sub-298032,ses-3mo,4,Left-Lateral-Ventricle,Hausdorff,25.826343140289914
sub-298032,ses-3mo,4,Left-Lateral-Ventricle,HD95,14.177447319030762
sub-298032,ses-3mo,4,Left-Lateral-Ventricle,MI,0.003322890750832452
sub-298032,ses-3mo,4,Left-Lateral-Ventricle,NMI,0.43530331923549725
sub-298032,ses-3mo,18,Left-Amygdala,Dice,0.0
sub-298032,ses-3mo,18,Left-Amygdala,IoU,0.0
sub-298032,ses-3mo,18,Left-Amygdala,Hausdorff,27.622454633866266
sub-298032,ses-3mo,18,Left-Amygdala,HD95,23.948901844024657
sub-298032,ses-3mo,18,Left-Amygdala,MI,1.4339345394832458e-08
sub-298032,ses-3mo,18,Left-Amygdala,NMI,1.0842298000054175e-05
sub-298032,ses-3mo,44,Right-Inf-Lat-Vent,Dice,0.025437201907790145
sub-298032,ses-3mo,44,Right-Inf-Lat-Vent,IoU,0.01288244766505636
sub-298032,ses-3mo,44,Right-Inf-Lat-Vent,Hausdorff,23.108440016582687
sub-298032,ses-3mo,44,Right-Inf-Lat-Vent,HD95,21.382069396972646
sub-298032,ses-3mo,44,Right-Inf-Lat-Vent,MI,6.015413204990568e-06
sub-298032,ses-3mo,44,Right-Inf-Lat-Vent,NMI,0.012526566233419122
sub-298032,ses-3mo,47,Right-Cerebellum-Cortex,Dice,0.15661557406267215
sub-298032,ses-3mo,47,Right-Cerebellum-Cortex,IoU,0.08496088599806627
sub-298032,ses-3mo,47,Right-Cerebellum-Cortex,Hausdorff,33.37663853655727
sub-298032,ses-3mo,47,Right-Cerebellum-Cortex,HD95,24.392621994018555
sub-298032,ses-3mo,47,Right-Cerebellum-Cortex,MI,0.0019202401960317752
sub-298032,ses-3mo,47,Right-Cerebellum-Cortex,NMI,0.0700086244499197
sub-298032,ses-3mo,13,Left-Pallidum,Dice,0.1417979610750695
sub-298032,ses-3mo,13,Left-Pallidum,IoU,0.07630922693266833
sub-298032,ses-3mo,13,Left-Pallidum,Hausdorff,12.806248474865697
sub-298032,ses-3mo,13,Left-Pallidum,HD95,9.949873924255371
sub-298032,ses-3mo,13,Left-Pallidum,MI,0.00012761025250409647
sub-298032,ses-3mo,13,Left-Pallidum,NMI,0.08713382146771324
sub-298032,ses-3mo,60,Right-VentralDC,Dice,0.025285972305839857
sub-298032,ses-3mo,60,Right-VentralDC,IoU,0.012804878048780487
sub-298032,ses-3mo,60,Right-VentralDC,Hausdorff,19.078784028338912
sub-298032,ses-3mo,60,Right-VentralDC,HD95,14.152729129791258
sub-298032,ses-3mo,60,Right-VentralDC,MI,2.249747897806534e-05
sub-298032,ses-3mo,60,Right-VentralDC,NMI,0.010500608428431361
sub-298032,ses-3mo,49,Right-Thalamus,Dice,0.5206118389464298
sub-298032,ses-3mo,49,Right-Thalamus,IoU,0.351910237388724
sub-298032,ses-3mo,49,Right-Thalamus,Hausdorff,16.881943016134134
sub-298032,ses-3mo,49,Right-Thalamus,HD95,10.049875259399414
sub-298032,ses-3mo,49,Right-Thalamus,MI,0.0031035689354737307
sub-298032,ses-3mo,49,Right-Thalamus,NMI,0.38943562645266055
sub-298032,ses-3mo,54,Right-Amygdala,Dice,0.005200208008320333
sub-298032,ses-3mo,54,Right-Amygdala,IoU,0.0026068821689259644
sub-298032,ses-3mo,54,Right-Amygdala,Hausdorff,24.372115213907882
sub-298032,ses-3mo,54,Right-Amygdala,HD95,21.21320343017578
sub-298032,ses-3mo,54,Right-Amygdala,MI,1.9842667349402553e-06
sub-298032,ses-3mo,54,Right-Amygdala,NMI,0.0015141210426229327
sub-298032,ses-3mo,16,Brain-Stem,Dice,0.23106679960119642
sub-298032,ses-3mo,16,Brain-Stem,IoU,0.1306249436378393
sub-298032,ses-3mo,16,Brain-Stem,Hausdorff,39.74921382870358
sub-298032,ses-3mo,16,Brain-Stem,HD95,33.1473970413208
sub-298032,ses-3mo,16,Brain-Stem,MI,0.0016810805408369136
sub-298032,ses-3mo,16,Brain-Stem,NMI,0.13193795854234755
sub-298032,ses-3mo,50,Right-Caudate,Dice,0.581021897810219
sub-298032,ses-3mo,50,Right-Caudate,IoU,0.4094650205761317
sub-298032,ses-3mo,50,Right-Caudate,Hausdorff,8.12403840463596
sub-298032,ses-3mo,50,Right-Caudate,HD95,4.56048784255981
sub-298032,ses-3mo,50,Right-Caudate,MI,0.0012197545301143673
sub-298032,ses-3mo,50,Right-Caudate,NMI,0.46779631507960634
sub-298032,ses-3mo,31,Left-choroid-plexus,Dice,0.0
sub-298032,ses-3mo,31,Left-choroid-plexus,IoU,0.0
sub-298032,ses-3mo,31,Left-choroid-plexus,Hausdorff,39.50949253027682
sub-298032,ses-3mo,31,Left-choroid-plexus,HD95,31.067536163330082
sub-298032,ses-3mo,31,Left-choroid-plexus,MI,5.412894636298306e-10
sub-298032,ses-3mo,31,Left-choroid-plexus,NMI,1.9744314218970143e-06
sub-298032,ses-3mo,28,Left-VentralDC,Dice,0.007696536558548653
sub-298032,ses-3mo,28,Left-VentralDC,IoU,0.003863134657836645
sub-298032,ses-3mo,28,Left-VentralDC,Hausdorff,20.12461179749811
sub-298032,ses-3mo,28,Left-VentralDC,HD95,16.278820037841797
sub-298032,ses-3mo,28,Left-VentralDC,MI,5.018784488645287e-06
sub-298032,ses-3mo,28,Left-VentralDC,NMI,0.0021601751857787017
sub-298032,ses-3mo,15,4th-Ventricle,Dice,0.0
sub-298032,ses-3mo,15,4th-Ventricle,IoU,0.0
sub-298032,ses-3mo,15,4th-Ventricle,Hausdorff,37.8549864614954
sub-298032,ses-3mo,15,4th-Ventricle,HD95,29.779095458984365
sub-298032,ses-3mo,15,4th-Ventricle,MI,2.9037811956822077e-08
sub-298032,ses-3mo,15,4th-Ventricle,NMI,1.4540512896198172e-05
sub-298032,ses-3mo,2,Left-Cerebral-White-Matter,Dice,0.6363797207746252
sub-298032,ses-3mo,2,Left-Cerebral-White-Matter,IoU,0.46668396654831973
sub-298032,ses-3mo,2,Left-Cerebral-White-Matter,Hausdorff,27.80287754891569
sub-298032,ses-3mo,2,Left-Cerebral-White-Matter,HD95,7.4833149909973145
sub-298032,ses-3mo,2,Left-Cerebral-White-Matter,MI,0.05209965226543458
sub-298032,ses-3mo,2,Left-Cerebral-White-Matter,NMI,0.4364468261174142
sub-298032,ses-3mo,41,Right-Cerebral-White-Matter,Dice,0.6596660482374768
sub-298032,ses-3mo,41,Right-Cerebral-White-Matter,IoU,0.49216543934444384
sub-298032,ses-3mo,41,Right-Cerebral-White-Matter,Hausdorff,20.83266665599966
sub-298032,ses-3mo,41,Right-Cerebral-White-Matter,HD95,5.385164737701416
sub-298032,ses-3mo,41,Right-Cerebral-White-Matter,MI,0.05530409229120661
sub-298032,ses-3mo,41,Right-Cerebral-White-Matter,NMI,0.4586279692129382
sub-298032,ses-3mo,14,3rd-Ventricle,Dice,0.21052631578947367
sub-298032,ses-3mo,14,3rd-Ventricle,IoU,0.11764705882352941
sub-298032,ses-3mo,14,3rd-Ventricle,Hausdorff,11.0
sub-298032,ses-3mo,14,3rd-Ventricle,HD95,8.124038696289062
sub-298032,ses-3mo,14,3rd-Ventricle,MI,0.0002221508688959168
sub-298032,ses-3mo,14,3rd-Ventricle,NMI,0.14833554398013757
sub-298032,ses-3mo,63,Right-choroid-plexus,Dice,0.0
sub-298032,ses-3mo,63,Right-choroid-plexus,IoU,0.0
sub-298032,ses-3mo,63,Right-choroid-plexus,Hausdorff,41.38840417314975
sub-298032,ses-3mo,63,Right-choroid-plexus,HD95,38.07753372192383
sub-298032,ses-3mo,63,Right-choroid-plexus,MI,1.0407046458871076e-09
sub-298032,ses-3mo,63,Right-choroid-plexus,NMI,2.7237473017089812e-06
sub-298032,ses-3mo,26,Left-Accumbens-area,Dice,0.0
sub-298032,ses-3mo,26,Left-Accumbens-area,IoU,0.0
sub-298032,ses-3mo,26,Left-Accumbens-area,Hausdorff,12.083045973594572
sub-298032,ses-3mo,26,Left-Accumbens-area,HD95,9.643651008605957
sub-298032,ses-3mo,26,Left-Accumbens-area,MI,2.5977827491951207e-09
sub-298032,ses-3mo,26,Left-Accumbens-area,NMI,4.678047291609266e-06
sub-298032,ses-3mo,46,Right-Cerebellum-White-Matter,Dice,0.00443906376109766
sub-298032,ses-3mo,46,Right-Cerebellum-White-Matter,IoU,0.002224469160768453
sub-298032,ses-3mo,46,Right-Cerebellum-White-Matter,Hausdorff,38.742741255621034
sub-298032,ses-3mo,46,Right-Cerebellum-White-Matter,HD95,27.82085609436035
sub-298032,ses-3mo,46,Right-Cerebellum-White-Matter,MI,3.859601036590165e-06
sub-298032,ses-3mo,46,Right-Cerebellum-White-Matter,NMI,0.00048126014707909165
sub-298032,ses-3mo,7,Left-Cerebellum-White-Matter,Dice,0.0
sub-298032,ses-3mo,7,Left-Cerebellum-White-Matter,IoU,0.0
sub-298032,ses-3mo,7,Left-Cerebellum-White-Matter,Hausdorff,37.255872020394314
sub-298032,ses-3mo,7,Left-Cerebellum-White-Matter,HD95,30.886890411376953
sub-298032,ses-3mo,7,Left-Cerebellum-White-Matter,MI,7.763350721586796e-07
sub-298032,ses-3mo,7,Left-Cerebellum-White-Matter,NMI,0.00010161748838372457
sub-635515,ses-4mo,51,Right-Putamen,Dice,0.32801664355062415
sub-635515,ses-4mo,51,Right-Putamen,IoU,0.19618415595188718
sub-635515,ses-4mo,51,Right-Putamen,Hausdorff,17.029386365926403
sub-635515,ses-4mo,51,Right-Putamen,HD95,11.224971771240234
sub-635515,ses-4mo,51,Right-Putamen,MI,0.0011533504833466954
sub-635515,ses-4mo,51,Right-Putamen,NMI,0.2302800938426316
sub-635515,ses-4mo,42,Right-Cerebral-Cortex,Dice,0.20659217073473737
sub-635515,ses-4mo,42,Right-Cerebral-Cortex,IoU,0.11519530993648873
sub-635515,ses-4mo,42,Right-Cerebral-Cortex,Hausdorff,95.50916186418976
sub-635515,ses-4mo,42,Right-Cerebral-Cortex,HD95,11.445523262023926
sub-635515,ses-4mo,42,Right-Cerebral-Cortex,MI,0.0068863919422754195
sub-635515,ses-4mo,42,Right-Cerebral-Cortex,NMI,0.06718222132006169
sub-635515,ses-4mo,43,Right-Lateral-Ventricle,Dice,0.5814560888018283
sub-635515,ses-4mo,43,Right-Lateral-Ventricle,IoU,0.4098964326812428
sub-635515,ses-4mo,43,Right-Lateral-Ventricle,Hausdorff,25.199206336708304
sub-635515,ses-4mo,43,Right-Lateral-Ventricle,HD95,9.10217638015744
sub-635515,ses-4mo,43,Right-Lateral-Ventricle,MI,0.0032192657875783196
sub-635515,ses-4mo,43,Right-Lateral-Ventricle,NMI,0.4727707672469187
sub-635515,ses-4mo,5,Left-Inf-Lat-Vent,Dice,0.0
sub-635515,ses-4mo,5,Left-Inf-Lat-Vent,IoU,0.0
sub-635515,ses-4mo,5,Left-Inf-Lat-Vent,Hausdorff,28.442925306655784
sub-635515,ses-4mo,5,Left-Inf-Lat-Vent,HD95,23.483971118927002
sub-635515,ses-4mo,5,Left-Inf-Lat-Vent,MI,3.6582927928012054e-09
sub-635515,ses-4mo,5,Left-Inf-Lat-Vent,NMI,5.64322706064337e-06
sub-635515,ses-4mo,58,Right-Accumbens-area,Dice,0.0
sub-635515,ses-4mo,58,Right-Accumbens-area,IoU,0.0
sub-635515,ses-4mo,58,Right-Accumbens-area,Hausdorff,14.177446878757825
sub-635515,ses-4mo,58,Right-Accumbens-area,HD95,11.616290378570547
sub-635515,ses-4mo,58,Right-Accumbens-area,MI,1.0458845495664882e-09
sub-635515,ses-4mo,58,Right-Accumbens-area,NMI,2.7837085118605615e-06
sub-635515,ses-4mo,17,Left-Hippocampus,Dice,0.008037508372404554
sub-635515,ses-4mo,17,Left-Hippocampus,IoU,0.004034969737726967
sub-635515,ses-4mo,17,Left-Hippocampus,Hausdorff,27.60434748368452
sub-635515,ses-4mo,17,Left-Hippocampus,HD95,22.29349708557129
sub-635515,ses-4mo,17,Left-Hippocampus,MI,6.110386298808196e-06
sub-635515,ses-4mo,17,Left-Hippocampus,NMI,0.0021879523760576173
sub-635515,ses-4mo,53,Right-Hippocampus,Dice,0.005378753922008068
sub-635515,ses-4mo,53,Right-Hippocampus,IoU,0.002696629213483146
sub-635515,ses-4mo,53,Right-Hippocampus,Hausdorff,27.018512172212592
sub-635515,ses-4mo,53,Right-Hippocampus,HD95,22.63403930664063
sub-635515,ses-4mo,53,Right-Hippocampus,MI,3.3779751699935312e-06
sub-635515,ses-4mo,53,Right-Hippocampus,NMI,0.001211483365226838
sub-635515,ses-4mo,10,Left-Thalamus,Dice,0.5596264833668374
sub-635515,ses-4mo,10,Left-Thalamus,IoU,0.38852872321267784
sub-635515,ses-4mo,10,Left-Thalamus,Hausdorff,16.492422502470642
sub-635515,ses-4mo,10,Left-Thalamus,HD95,11.180339813232422
sub-635515,ses-4mo,10,Left-Thalamus,MI,0.0035758718761275954
sub-635515,ses-4mo,10,Left-Thalamus,NMI,0.4272193673874199
sub-635515,ses-4mo,12,Left-Putamen,Dice,0.36048654625875415
sub-635515,ses-4mo,12,Left-Putamen,IoU,0.21987410071942445
sub-635515,ses-4mo,12,Left-Putamen,Hausdorff,15.748015748023622
sub-635515,ses-4mo,12,Left-Putamen,HD95,11.195960998535153
sub-635515,ses-4mo,12,Left-Putamen,MI,0.0012520535934058838
sub-635515,ses-4mo,12,Left-Putamen,NMI,0.2644984381411152
sub-635515,ses-4mo,52,Right-Pallidum,Dice,0.10920299427564949
sub-635515,ses-4mo,52,Right-Pallidum,IoU,0.05775500698649278
sub-635515,ses-4mo,52,Right-Pallidum,Hausdorff,11.74734012447073
sub-635515,ses-4mo,52,Right-Pallidum,HD95,9.643651008605957
sub-635515,ses-4mo,52,Right-Pallidum,MI,9.738326814424643e-05
sub-635515,ses-4mo,52,Right-Pallidum,NMI,0.06350637091323093
sub-635515,ses-4mo,8,Left-Cerebellum-Cortex,Dice,0.12439347154830172
sub-635515,ses-4mo,8,Left-Cerebellum-Cortex,IoU,0.06632173095014111
sub-635515,ses-4mo,8,Left-Cerebellum-Cortex,Hausdorff,39.06404996924922
sub-635515,ses-4mo,8,Left-Cerebellum-Cortex,HD95,25.787593841552734
sub-635515,ses-4mo,8,Left-Cerebellum-Cortex,MI,0.0013682898338725647
sub-635515,ses-4mo,8,Left-Cerebellum-Cortex,NMI,0.050171235963752114
sub-635515,ses-4mo,11,Left-Caudate,Dice,0.5507119386637459
sub-635515,ses-4mo,11,Left-Caudate,IoU,0.37998790810157196
sub-635515,ses-4mo,11,Left-Caudate,Hausdorff,8.12403840463596
sub-635515,ses-4mo,11,Left-Caudate,HD95,5.099019527435303
sub-635515,ses-4mo,11,Left-Caudate,MI,0.0012509564916458925
sub-635515,ses-4mo,11,Left-Caudate,NMI,0.43716041209916934
sub-635515,ses-4mo,3,Left-Cerebral-Cortex,Dice,0.2339821639318679
sub-635515,ses-4mo,3,Left-Cerebral-Cortex,IoU,0.13249139343507796
sub-635515,ses-4mo,3,Left-Cerebral-Cortex,Hausdorff,116.86316785026837
sub-635515,ses-4mo,3,Left-Cerebral-Cortex,HD95,11.704699516296387
sub-635515,ses-4mo,3,Left-Cerebral-Cortex,MI,0.0085298235109951
sub-635515,ses-4mo,3,Left-Cerebral-Cortex,NMI,0.08283577026178705
sub-635515,ses-4mo,4,Left-Lateral-Ventricle,Dice,0.6112103310894353
sub-635515,ses-4mo,4,Left-Lateral-Ventricle,IoU,0.4401028786230092
sub-635515,ses-4mo,4,Left-Lateral-Ventricle,Hausdorff,19.28730152198591
sub-635515,ses-4mo,4,Left-Lateral-Ventricle,HD95,10.559117317199707
sub-635515,ses-4mo,4,Left-Lateral-Ventricle,MI,0.003976325361688503
sub-635515,ses-4mo,4,Left-Lateral-Ventricle,NMI,0.5020021632826135
sub-635515,ses-4mo,18,Left-Amygdala,Dice,0.0
sub-635515,ses-4mo,18,Left-Amygdala,IoU,0.0
sub-635515,ses-4mo,18,Left-Amygdala,Hausdorff,25.495097567963924
sub-635515,ses-4mo,18,Left-Amygdala,HD95,23.021728515625
sub-635515,ses-4mo,18,Left-Amygdala,MI,2.015926785480784e-08
sub-635515,ses-4mo,18,Left-Amygdala,NMI,1.3435396520701718e-05
sub-635515,ses-4mo,44,Right-Inf-Lat-Vent,Dice,0.020771513353115726
sub-635515,ses-4mo,44,Right-Inf-Lat-Vent,IoU,0.010494752623688156
sub-635515,ses-4mo,44,Right-Inf-Lat-Vent,Hausdorff,28.089143810376278
sub-635515,ses-4mo,44,Right-Inf-Lat-Vent,HD95,24.041629791259766
sub-635515,ses-4mo,44,Right-Inf-Lat-Vent,MI,5.016154593757137e-06
sub-635515,ses-4mo,44,Right-Inf-Lat-Vent,NMI,0.009818723358331225
sub-635515,ses-4mo,47,Right-Cerebellum-Cortex,Dice,0.1255837414777812
sub-635515,ses-4mo,47,Right-Cerebellum-Cortex,IoU,0.0669988541268794
sub-635515,ses-4mo,47,Right-Cerebellum-Cortex,Hausdorff,36.945906403822335
sub-635515,ses-4mo,47,Right-Cerebellum-Cortex,HD95,25.884357452392578
sub-635515,ses-4mo,47,Right-Cerebellum-Cortex,MI,0.0013943616178228833
sub-635515,ses-4mo,47,Right-Cerebellum-Cortex,NMI,0.050977420914823664
sub-635515,ses-4mo,13,Left-Pallidum,Dice,0.12353471596032461
sub-635515,ses-4mo,13,Left-Pallidum,IoU,0.06583373378183566
sub-635515,ses-4mo,13,Left-Pallidum,Hausdorff,11.789826122551595
sub-635515,ses-4mo,13,Left-Pallidum,HD95,9.899495124816895
sub-635515,ses-4mo,13,Left-Pallidum,MI,0.00011081831395491688
sub-635515,ses-4mo,13,Left-Pallidum,NMI,0.0738403904523616
sub-635515,ses-4mo,60,Right-VentralDC,Dice,0.0006053268765133172
sub-635515,ses-4mo,60,Right-VentralDC,IoU,0.0003027550711474417
sub-635515,ses-4mo,60,Right-VentralDC,Hausdorff,20.273134932713294
sub-635515,ses-4mo,60,Right-VentralDC,HD95,15.65247631072998
sub-635515,ses-4mo,60,Right-VentralDC,MI,7.400191814704579e-08
sub-635515,ses-4mo,60,Right-VentralDC,NMI,3.494042674285521e-05
sub-635515,ses-4mo,49,Right-Thalamus,Dice,0.5718392771579164
sub-635515,ses-4mo,49,Right-Thalamus,IoU,0.4004026073619632
sub-635515,ses-4mo,49,Right-Thalamus,Hausdorff,18.2208671582886
sub-635515,ses-4mo,49,Right-Thalamus,HD95,10.488088607788086
sub-635515,ses-4mo,49,Right-Thalamus,MI,0.0035225645197475403
sub-635515,ses-4mo,49,Right-Thalamus,NMI,0.44130252052922797
sub-635515,ses-4mo,54,Right-Amygdala,Dice,0.0
sub-635515,ses-4mo,54,Right-Amygdala,IoU,0.0
sub-635515,ses-4mo,54,Right-Amygdala,Hausdorff,27.073972741361768
sub-635515,ses-4mo,54,Right-Amygdala,HD95,24.779024124145508
sub-635515,ses-4mo,54,Right-Amygdala,MI,2.1443298598409783e-08
sub-635515,ses-4mo,54,Right-Amygdala,NMI,1.3658777696194547e-05
sub-635515,ses-4mo,16,Brain-Stem,Dice,0.14368561617703166
sub-635515,ses-4mo,16,Brain-Stem,IoU,0.07740370781436265
sub-635515,ses-4mo,16,Brain-Stem,Hausdorff,40.13726448077895
sub-635515,ses-4mo,16,Brain-Stem,HD95,33.542509841918935
sub-635515,ses-4mo,16,Brain-Stem,MI,0.0009253182111929564
sub-635515,ses-4mo,16,Brain-Stem,NMI,0.06980875401701542
sub-635515,ses-4mo,50,Right-Caudate,Dice,0.6567238379318916
sub-635515,ses-4mo,50,Right-Caudate,IoU,0.48889711324944485
sub-635515,ses-4mo,50,Right-Caudate,Hausdorff,10.198039027185569
sub-635515,ses-4mo,50,Right-Caudate,HD95,4.898979663848877
sub-635515,ses-4mo,50,Right-Caudate,MI,0.0014000628158629006
sub-635515,ses-4mo,50,Right-Caudate,NMI,0.5472159143051599
sub-635515,ses-4mo,31,Left-choroid-plexus,Dice,0.0
sub-635515,ses-4mo,31,Left-choroid-plexus,IoU,0.0
sub-635515,ses-4mo,31,Left-choroid-plexus,Hausdorff,38.92300091205713
sub-635515,ses-4mo,31,Left-choroid-plexus,HD95,33.701912879943855
sub-635515,ses-4mo,31,Left-choroid-plexus,MI,6.497655411359356e-10
sub-635515,ses-4mo,31,Left-choroid-plexus,NMI,2.173165504765988e-06
sub-635515,ses-4mo,28,Left-VentralDC,Dice,0.0
sub-635515,ses-4mo,28,Left-VentralDC,IoU,0.0
sub-635515,ses-4mo,28,Left-VentralDC,Hausdorff,19.078784028338912
sub-635515,ses-4mo,28,Left-VentralDC,HD95,15.165750503540039
sub-635515,ses-4mo,28,Left-VentralDC,MI,4.5661270306202994e-08
sub-635515,ses-4mo,28,Left-VentralDC,NMI,2.0909091511801757e-05
sub-635515,ses-4mo,15,4th-Ventricle,Dice,0.0
sub-635515,ses-4mo,15,4th-Ventricle,IoU,0.0
sub-635515,ses-4mo,15,4th-Ventricle,Hausdorff,37.013511046643494
sub-635515,ses-4mo,15,4th-Ventricle,HD95,24.83948516845703
sub-635515,ses-4mo,15,4th-Ventricle,MI,2.4826567914264155e-08
sub-635515,ses-4mo,15,4th-Ventricle,NMI,1.3746261908149028e-05
sub-635515,ses-4mo,2,Left-Cerebral-White-Matter,Dice,0.594056922486028
sub-635515,ses-4mo,2,Left-Cerebral-White-Matter,IoU,0.42253269850473335
sub-635515,ses-4mo,2,Left-Cerebral-White-Matter,Hausdorff,38.704004960727254
sub-635515,ses-4mo,2,Left-Cerebral-White-Matter,HD95,7.8102498054504395
sub-635515,ses-4mo,2,Left-Cerebral-White-Matter,MI,0.04915454803979217
sub-635515,ses-4mo,2,Left-Cerebral-White-Matter,NMI,0.40564040328774525
sub-635515,ses-4mo,41,Right-Cerebral-White-Matter,Dice,0.5918795056642636
sub-635515,ses-4mo,41,Right-Cerebral-White-Matter,IoU,0.4203329956812223
sub-635515,ses-4mo,41,Right-Cerebral-White-Matter,Hausdorff,88.61715409558128
sub-635515,ses-4mo,41,Right-Cerebral-White-Matter,HD95,7.141428470611572
sub-635515,ses-4mo,41,Right-Cerebral-White-Matter,MI,0.04924561984113478
sub-635515,ses-4mo,41,Right-Cerebral-White-Matter,NMI,0.40170753746053395
sub-635515,ses-4mo,14,3rd-Ventricle,Dice,0.15055532702591526
sub-635515,ses-4mo,14,3rd-Ventricle,IoU,0.08140569395017794
sub-635515,ses-4mo,14,3rd-Ventricle,Hausdorff,15.620499351813308
sub-635515,ses-4mo,14,3rd-Ventricle,HD95,9.871644639968874
sub-635515,ses-4mo,14,3rd-Ventricle,MI,0.00015809115414881374
sub-635515,ses-4mo,14,3rd-Ventricle,NMI,0.09802505368008517
sub-635515,ses-4mo,63,Right-choroid-plexus,Dice,0.0
sub-635515,ses-4mo,63,Right-choroid-plexus,IoU,0.0
sub-635515,ses-4mo,63,Right-choroid-plexus,Hausdorff,38.379682124790975
sub-635515,ses-4mo,63,Right-choroid-plexus,HD95,30.98278446197509
sub-635515,ses-4mo,63,Right-choroid-plexus,MI,8.616517574314489e-10
sub-635515,ses-4mo,63,Right-choroid-plexus,NMI,2.470447495737937e-06
sub-635515,ses-4mo,26,Left-Accumbens-area,Dice,0.0
sub-635515,ses-4mo,26,Left-Accumbens-area,IoU,0.0
sub-635515,ses-4mo,26,Left-Accumbens-area,Hausdorff,14.7648230602334
sub-635515,ses-4mo,26,Left-Accumbens-area,HD95,11.84058151245117
sub-635515,ses-4mo,26,Left-Accumbens-area,MI,1.3684920953057657e-09
sub-635515,ses-4mo,26,Left-Accumbens-area,NMI,3.2332996422585282e-06
sub-635515,ses-4mo,46,Right-Cerebellum-White-Matter,Dice,0.0011190689346463742
sub-635515,ses-4mo,46,Right-Cerebellum-White-Matter,IoU,0.0005598477214197738
sub-635515,ses-4mo,46,Right-Cerebellum-White-Matter,Hausdorff,39.0
sub-635515,ses-4mo,46,Right-Cerebellum-White-Matter,HD95,29.631065368652344
sub-635515,ses-4mo,46,Right-Cerebellum-White-Matter,MI,1.0364664434399655e-10
sub-635515,ses-4mo,46,Right-Cerebellum-White-Matter,NMI,1.0963234057126305e-08
sub-635515,ses-4mo,7,Left-Cerebellum-White-Matter,Dice,0.0018169429934135816
sub-635515,ses-4mo,7,Left-Cerebellum-White-Matter,IoU,0.0009092975676290066
sub-635515,ses-4mo,7,Left-Cerebellum-White-Matter,Hausdorff,40.311288741492746
sub-635515,ses-4mo,7,Left-Cerebellum-White-Matter,HD95,29.832868576049805
sub-635515,ses-4mo,7,Left-Cerebellum-White-Matter,MI,2.7222629985210786e-07
sub-635515,ses-4mo,7,Left-Cerebellum-White-Matter,NMI,2.9212723804843827e-05
sub-518969,ses-8mo,51,Right-Putamen,Dice,0.6299797434166104
sub-518969,ses-8mo,51,Right-Putamen,IoU,0.4598324297683588
sub-518969,ses-8mo,51,Right-Putamen,Hausdorff,11.0
sub-518969,ses-8mo,51,Right-Putamen,HD95,6.633249759674072
sub-518969,ses-8mo,51,Right-Putamen,MI,0.0026468111835226964
sub-518969,ses-8mo,51,Right-Putamen,NMI,0.5132408082279791
sub-518969,ses-8mo,42,Right-Cerebral-Cortex,Dice,0.411478911546575
sub-518969,ses-8mo,42,Right-Cerebral-Cortex,IoU,0.25903270314603666
sub-518969,ses-8mo,42,Right-Cerebral-Cortex,Hausdorff,22.090722034374522
sub-518969,ses-8mo,42,Right-Cerebral-Cortex,HD95,5.385164737701416
sub-518969,ses-8mo,42,Right-Cerebral-Cortex,MI,0.024285586791806556
sub-518969,ses-8mo,42,Right-Cerebral-Cortex,NMI,0.2009247344626927
sub-518969,ses-8mo,43,Right-Lateral-Ventricle,Dice,0.4042029534267323
sub-518969,ses-8mo,43,Right-Lateral-Ventricle,IoU,0.2532922054810772
sub-518969,ses-8mo,43,Right-Lateral-Ventricle,Hausdorff,14.89966442575134
sub-518969,ses-8mo,43,Right-Lateral-Ventricle,HD95,5.196152210235596
sub-518969,ses-8mo,43,Right-Lateral-Ventricle,MI,0.0018501940895250869
sub-518969,ses-8mo,43,Right-Lateral-Ventricle,NMI,0.3119967680607794
sub-518969,ses-8mo,85,Optic-Chiasm,Dice,0.10256410256410256
sub-518969,ses-8mo,85,Optic-Chiasm,IoU,0.05405405405405406
sub-518969,ses-8mo,85,Optic-Chiasm,Hausdorff,13.379088160259652
sub-518969,ses-8mo,85,Optic-Chiasm,HD95,11.700419902801512
sub-518969,ses-8mo,85,Optic-Chiasm,MI,1.311594584995327e-05
sub-518969,ses-8mo,85,Optic-Chiasm,NMI,0.06736991106840444
sub-518969,ses-8mo,62,Right-vessel,Dice,0.6
sub-518969,ses-8mo,62,Right-vessel,IoU,0.42857142857142855
sub-518969,ses-8mo,62,Right-vessel,Hausdorff,2.23606797749979
sub-518969,ses-8mo,62,Right-vessel,HD95,1.9196152329444855
sub-518969,ses-8mo,62,Right-vessel,MI,5.503149756572017e-05
sub-518969,ses-8mo,62,Right-vessel,NMI,0.5221509524455527
sub-518969,ses-8mo,5,Left-Inf-Lat-Vent,Dice,0.36661698956780925
sub-518969,ses-8mo,5,Left-Inf-Lat-Vent,IoU,0.22445255474452555
sub-518969,ses-8mo,5,Left-Inf-Lat-Vent,Hausdorff,26.248809496813376
sub-518969,ses-8mo,5,Left-Inf-Lat-Vent,HD95,6.824922275543206
sub-518969,ses-8mo,5,Left-Inf-Lat-Vent,MI,0.00014334549275742787
sub-518969,ses-8mo,5,Left-Inf-Lat-Vent,NMI,0.28122911391256505
sub-518969,ses-8mo,58,Right-Accumbens-area,Dice,0.0
sub-518969,ses-8mo,58,Right-Accumbens-area,IoU,0.0
sub-518969,ses-8mo,58,Right-Accumbens-area,Hausdorff,10.488088481701515
sub-518969,ses-8mo,58,Right-Accumbens-area,HD95,8.306623458862305
sub-518969,ses-8mo,58,Right-Accumbens-area,MI,2.5184198989327547e-09
sub-518969,ses-8mo,58,Right-Accumbens-area,NMI,4.4917025201385224e-06
sub-518969,ses-8mo,17,Left-Hippocampus,Dice,0.639344262295082
sub-518969,ses-8mo,17,Left-Hippocampus,IoU,0.46987951807228917
sub-518969,ses-8mo,17,Left-Hippocampus,Hausdorff,10.344080432788601
sub-518969,ses-8mo,17,Left-Hippocampus,HD95,5.099019527435303
sub-518969,ses-8mo,17,Left-Hippocampus,MI,0.001871926847598064
sub-518969,ses-8mo,17,Left-Hippocampus,NMI,0.5352770148201664
sub-518969,ses-8mo,53,Right-Hippocampus,Dice,0.6831504830522351
sub-518969,ses-8mo,53,Right-Hippocampus,IoU,0.5187764237751803
sub-518969,ses-8mo,53,Right-Hippocampus,Hausdorff,9.695359714832659
sub-518969,ses-8mo,53,Right-Hippocampus,HD95,4.242640495300293
sub-518969,ses-8mo,53,Right-Hippocampus,MI,0.002168269839272323
sub-518969,ses-8mo,53,Right-Hippocampus,NMI,0.586502983618107
sub-518969,ses-8mo,10,Left-Thalamus,Dice,0.7841817416912074
sub-518969,ses-8mo,10,Left-Thalamus,IoU,0.6449826989619377
sub-518969,ses-8mo,10,Left-Thalamus,Hausdorff,6.164414002968976
sub-518969,ses-8mo,10,Left-Thalamus,HD95,3.605551242828369
sub-518969,ses-8mo,10,Left-Thalamus,MI,0.004589474139808649
sub-518969,ses-8mo,10,Left-Thalamus,NMI,0.6891245317952244
sub-518969,ses-8mo,12,Left-Putamen,Dice,0.5974699967564061
sub-518969,ses-8mo,12,Left-Putamen,IoU,0.4259944495837188
sub-518969,ses-8mo,12,Left-Putamen,Hausdorff,11.575836902790225
sub-518969,ses-8mo,12,Left-Putamen,HD95,7.549834251403809
sub-518969,ses-8mo,12,Left-Putamen,MI,0.0025565573475312578
sub-518969,ses-8mo,12,Left-Putamen,NMI,0.47867652559169027
sub-518969,ses-8mo,52,Right-Pallidum,Dice,0.5796573095151294
sub-518969,ses-8mo,52,Right-Pallidum,IoU,0.40811088295687886
sub-518969,ses-8mo,52,Right-Pallidum,Hausdorff,5.916079783099616
sub-518969,ses-8mo,52,Right-Pallidum,HD95,3.7416574954986572
sub-518969,ses-8mo,52,Right-Pallidum,MI,0.0008641208683876467
sub-518969,ses-8mo,52,Right-Pallidum,NMI,0.4762911652946889
sub-518969,ses-8mo,8,Left-Cerebellum-Cortex,Dice,0.39181379325975113
sub-518969,ses-8mo,8,Left-Cerebellum-Cortex,IoU,0.2436370810902224
sub-518969,ses-8mo,8,Left-Cerebellum-Cortex,Hausdorff,20.97617696340303
sub-518969,ses-8mo,8,Left-Cerebellum-Cortex,HD95,13.964240074157715
sub-518969,ses-8mo,8,Left-Cerebellum-Cortex,MI,0.008909378149284938
sub-518969,ses-8mo,8,Left-Cerebellum-Cortex,NMI,0.24039862055186428
sub-518969,ses-8mo,11,Left-Caudate,Dice,0.5904021628928692
sub-518969,ses-8mo,11,Left-Caudate,IoU,0.41884440182210503
sub-518969,ses-8mo,11,Left-Caudate,Hausdorff,7.483314773547883
sub-518969,ses-8mo,11,Left-Caudate,HD95,3.316624879837036
sub-518969,ses-8mo,11,Left-Caudate,MI,0.0017112289595328642
sub-518969,ses-8mo,11,Left-Caudate,NMI,0.47498260270567494
sub-518969,ses-8mo,3,Left-Cerebral-Cortex,Dice,0.45726706245016735
sub-518969,ses-8mo,3,Left-Cerebral-Cortex,IoU,0.29640066100902634
sub-518969,ses-8mo,3,Left-Cerebral-Cortex,Hausdorff,26.720778431774775
sub-518969,ses-8mo,3,Left-Cerebral-Cortex,HD95,5.385164737701416
sub-518969,ses-8mo,3,Left-Cerebral-Cortex,MI,0.029794112664716564
sub-518969,ses-8mo,3,Left-Cerebral-Cortex,NMI,0.2382633369635823
sub-518969,ses-8mo,77,WM-hypointensities,Dice,0.01078167115902965
sub-518969,ses-8mo,77,WM-hypointensities,IoU,0.005420054200542005
sub-518969,ses-8mo,77,WM-hypointensities,Hausdorff,46.36809247747852
sub-518969,ses-8mo,77,WM-hypointensities,HD95,37.58989334106445
sub-518969,ses-8mo,77,WM-hypointensities,MI,2.9291296128573785e-06
sub-518969,ses-8mo,77,WM-hypointensities,NMI,0.005410985078276019
sub-518969,ses-8mo,4,Left-Lateral-Ventricle,Dice,0.4532846109127149
sub-518969,ses-8mo,4,Left-Lateral-Ventricle,IoU,0.2930627147766323
sub-518969,ses-8mo,4,Left-Lateral-Ventricle,Hausdorff,25.80697580112788
sub-518969,ses-8mo,4,Left-Lateral-Ventricle,HD95,5.916079998016357
sub-518969,ses-8mo,4,Left-Lateral-Ventricle,MI,0.0023988518244890465
sub-518969,ses-8mo,4,Left-Lateral-Ventricle,NMI,0.36049546180879977
sub-518969,ses-8mo,18,Left-Amygdala,Dice,0.3439237490071485
sub-518969,ses-8mo,18,Left-Amygdala,IoU,0.207673860911271
sub-518969,ses-8mo,18,Left-Amygdala,Hausdorff,12.206555615733702
sub-518969,ses-8mo,18,Left-Amygdala,HD95,9.612287330627435
sub-518969,ses-8mo,18,Left-Amygdala,MI,0.00041924251130974065
sub-518969,ses-8mo,18,Left-Amygdala,NMI,0.2491709446041066
sub-518969,ses-8mo,44,Right-Inf-Lat-Vent,Dice,0.2945945945945946
sub-518969,ses-8mo,44,Right-Inf-Lat-Vent,IoU,0.17274167987321712
sub-518969,ses-8mo,44,Right-Inf-Lat-Vent,Hausdorff,14.035668847618199
sub-518969,ses-8mo,44,Right-Inf-Lat-Vent,HD95,7.8102498054504395
sub-518969,ses-8mo,44,Right-Inf-Lat-Vent,MI,0.0001210404364573373
sub-518969,ses-8mo,44,Right-Inf-Lat-Vent,NMI,0.21736975606711348
sub-518969,ses-8mo,47,Right-Cerebellum-Cortex,Dice,0.3819554269434817
sub-518969,ses-8mo,47,Right-Cerebellum-Cortex,IoU,0.23605989186191598
sub-518969,ses-8mo,47,Right-Cerebellum-Cortex,Hausdorff,90.5869747811461
sub-518969,ses-8mo,47,Right-Cerebellum-Cortex,HD95,15.55634880065918
sub-518969,ses-8mo,47,Right-Cerebellum-Cortex,MI,0.008614989202298882
sub-518969,ses-8mo,47,Right-Cerebellum-Cortex,NMI,0.2302816089204346
sub-518969,ses-8mo,13,Left-Pallidum,Dice,0.5326942827798699
sub-518969,ses-8mo,13,Left-Pallidum,IoU,0.3630424638357443
sub-518969,ses-8mo,13,Left-Pallidum,Hausdorff,7.14142842854285
sub-518969,ses-8mo,13,Left-Pallidum,HD95,4.4721360206604
sub-518969,ses-8mo,13,Left-Pallidum,MI,0.0008177842333204652
sub-518969,ses-8mo,13,Left-Pallidum,NMI,0.4258467430405072
sub-518969,ses-8mo,60,Right-VentralDC,Dice,0.750470455400828
sub-518969,ses-8mo,60,Right-VentralDC,IoU,0.6006024096385543
sub-518969,ses-8mo,60,Right-VentralDC,Hausdorff,6.082762530298219
sub-518969,ses-8mo,60,Right-VentralDC,HD95,2.8284270763397217
sub-518969,ses-8mo,60,Right-VentralDC,MI,0.002129621418558845
sub-518969,ses-8mo,60,Right-VentralDC,NMI,0.6499054264921728
sub-518969,ses-8mo,49,Right-Thalamus,Dice,0.7901060070671378
sub-518969,ses-8mo,49,Right-Thalamus,IoU,0.6530373831775701
sub-518969,ses-8mo,49,Right-Thalamus,Hausdorff,3.605551275463989
sub-518969,ses-8mo,49,Right-Thalamus,HD95,2.8284270763397217
sub-518969,ses-8mo,49,Right-Thalamus,MI,0.004464737363392943
sub-518969,ses-8mo,49,Right-Thalamus,NMI,0.6998089558595559
sub-518969,ses-8mo,54,Right-Amygdala,Dice,0.3561973525872443
sub-518969,ses-8mo,54,Right-Amygdala,IoU,0.21669106881405564
sub-518969,ses-8mo,54,Right-Amygdala,Hausdorff,13.416407864998739
sub-518969,ses-8mo,54,Right-Amygdala,HD95,10.630146026611328
sub-518969,ses-8mo,54,Right-Amygdala,MI,0.000437835365653198
sub-518969,ses-8mo,54,Right-Amygdala,NMI,0.2631302744856179
sub-518969,ses-8mo,24,CSF,Dice,0.0018199364333441725
sub-518969,ses-8mo,24,CSF,IoU,0.0009107970130057614
sub-518969,ses-8mo,24,CSF,Hausdorff,80.7031597894407
sub-518969,ses-8mo,24,CSF,HD95,69.8856201171875
sub-518969,ses-8mo,24,CSF,MI,9.07560438045901e-05
sub-518969,ses-8mo,24,CSF,NMI,0.0008756169795743718
sub-518969,ses-8mo,16,Brain-Stem,Dice,0.7872496336101612
sub-518969,ses-8mo,16,Brain-Stem,IoU,0.6491440080563947
sub-518969,ses-8mo,16,Brain-Stem,Hausdorff,22.15851980616034
sub-518969,ses-8mo,16,Brain-Stem,HD95,12.247448921203613
sub-518969,ses-8mo,16,Brain-Stem,MI,0.008534238883429194
sub-518969,ses-8mo,16,Brain-Stem,NMI,0.6809504141191761
sub-518969,ses-8mo,50,Right-Caudate,Dice,0.6505472961934324
sub-518969,ses-8mo,50,Right-Caudate,IoU,0.4820823244552058
sub-518969,ses-8mo,50,Right-Caudate,Hausdorff,7.3484692283495345
sub-518969,ses-8mo,50,Right-Caudate,HD95,3.605551242828369
sub-518969,ses-8mo,50,Right-Caudate,MI,0.0019902090721915563
sub-518969,ses-8mo,50,Right-Caudate,NMI,0.5358029494405647
sub-518969,ses-8mo,30,Left-vessel,Dice,0.17142857142857143
sub-518969,ses-8mo,30,Left-vessel,IoU,0.09375
sub-518969,ses-8mo,30,Left-vessel,Hausdorff,7.874007874011811
sub-518969,ses-8mo,30,Left-vessel,HD95,7.113078212738037
sub-518969,ses-8mo,30,Left-vessel,MI,4.299887850979684e-06
sub-518969,ses-8mo,30,Left-vessel,NMI,0.12737095620139022
sub-518969,ses-8mo,31,Left-choroid-plexus,Dice,0.012725344644750796
sub-518969,ses-8mo,31,Left-choroid-plexus,IoU,0.0064034151547491995
sub-518969,ses-8mo,31,Left-choroid-plexus,Hausdorff,9.9498743710662
sub-518969,ses-8mo,31,Left-choroid-plexus,HD95,7.777973771095276
sub-518969,ses-8mo,31,Left-choroid-plexus,MI,3.778379711705961e-06
sub-518969,ses-8mo,31,Left-choroid-plexus,NMI,0.0055007947444583654
sub-518969,ses-8mo,28,Left-VentralDC,Dice,0.7250137036360315
sub-518969,ses-8mo,28,Left-VentralDC,IoU,0.5686443106907423
sub-518969,ses-8mo,28,Left-VentralDC,Hausdorff,5.385164807134504
sub-518969,ses-8mo,28,Left-VentralDC,HD95,3.0
sub-518969,ses-8mo,28,Left-VentralDC,MI,0.002082468968379237
sub-518969,ses-8mo,28,Left-VentralDC,NMI,0.6189971911026404
sub-518969,ses-8mo,15,4th-Ventricle,Dice,0.4687782805429864
sub-518969,ses-8mo,15,4th-Ventricle,IoU,0.3061465721040189
sub-518969,ses-8mo,15,4th-Ventricle,Hausdorff,21.047565179849187
sub-518969,ses-8mo,15,4th-Ventricle,HD95,14.487848281860346
sub-518969,ses-8mo,15,4th-Ventricle,MI,0.0005759237595682003
sub-518969,ses-8mo,15,4th-Ventricle,NMI,0.3883259659348214
sub-518969,ses-8mo,2,Left-Cerebral-White-Matter,Dice,0.6374581994848146
sub-518969,ses-8mo,2,Left-Cerebral-White-Matter,IoU,0.467844875837048
sub-518969,ses-8mo,2,Left-Cerebral-White-Matter,Hausdorff,39.03844259188627
sub-518969,ses-8mo,2,Left-Cerebral-White-Matter,HD95,3.316624879837036
sub-518969,ses-8mo,2,Left-Cerebral-White-Matter,MI,0.05110228641906384
sub-518969,ses-8mo,2,Left-Cerebral-White-Matter,NMI,0.4355586505003197
sub-518969,ses-8mo,41,Right-Cerebral-White-Matter,Dice,0.6273691704860448
sub-518969,ses-8mo,41,Right-Cerebral-White-Matter,IoU,0.45705601025163806
sub-518969,ses-8mo,41,Right-Cerebral-White-Matter,Hausdorff,59.00847396772772
sub-518969,ses-8mo,41,Right-Cerebral-White-Matter,HD95,3.316624879837036
sub-518969,ses-8mo,41,Right-Cerebral-White-Matter,MI,0.05170094157132438
sub-518969,ses-8mo,41,Right-Cerebral-White-Matter,NMI,0.4251713918139723
sub-518969,ses-8mo,14,3rd-Ventricle,Dice,0.6952029520295203
sub-518969,ses-8mo,14,3rd-Ventricle,IoU,0.5328054298642534
sub-518969,ses-8mo,14,3rd-Ventricle,Hausdorff,6.164414002968976
sub-518969,ses-8mo,14,3rd-Ventricle,HD95,3.0
sub-518969,ses-8mo,14,3rd-Ventricle,MI,0.0005934927100541889
sub-518969,ses-8mo,14,3rd-Ventricle,NMI,0.61745975094363
sub-518969,ses-8mo,63,Right-choroid-plexus,Dice,0.11449016100178891
sub-518969,ses-8mo,63,Right-choroid-plexus,IoU,0.06072106261859583
sub-518969,ses-8mo,63,Right-choroid-plexus,Hausdorff,45.5411901469428
sub-518969,ses-8mo,63,Right-choroid-plexus,HD95,7.255957293510435
sub-518969,ses-8mo,63,Right-choroid-plexus,MI,5.9077280072017285e-05
sub-518969,ses-8mo,63,Right-choroid-plexus,NMI,0.0736195542991106
sub-518969,ses-8mo,26,Left-Accumbens-area,Dice,0.0
sub-518969,ses-8mo,26,Left-Accumbens-area,IoU,0.0
sub-518969,ses-8mo,26,Left-Accumbens-area,Hausdorff,11.575836902790225
sub-518969,ses-8mo,26,Left-Accumbens-area,HD95,9.211385488510134
sub-518969,ses-8mo,26,Left-Accumbens-area,MI,3.5545556594836084e-09
sub-518969,ses-8mo,26,Left-Accumbens-area,NMI,5.500758886344576e-06
sub-518969,ses-8mo,46,Right-Cerebellum-White-Matter,Dice,0.4269710242587601
sub-518969,ses-8mo,46,Right-Cerebellum-White-Matter,IoU,0.27143239625167337
sub-518969,ses-8mo,46,Right-Cerebellum-White-Matter,Hausdorff,15.652475842498529
sub-518969,ses-8mo,46,Right-Cerebellum-White-Matter,HD95,8.124038696289062
sub-518969,ses-8mo,46,Right-Cerebellum-White-Matter,MI,0.003560186210799635
sub-518969,ses-8mo,46,Right-Cerebellum-White-Matter,NMI,0.2923089828375072
sub-518969,ses-8mo,7,Left-Cerebellum-White-Matter,Dice,0.46647758607106277
sub-518969,ses-8mo,7,Left-Cerebellum-White-Matter,IoU,0.30418700231184176
sub-518969,ses-8mo,7,Left-Cerebellum-White-Matter,Hausdorff,13.30413469565007
sub-518969,ses-8mo,7,Left-Cerebellum-White-Matter,HD95,7.071067810058594
sub-518969,ses-8mo,7,Left-Cerebellum-White-Matter,MI,0.004230581254559926
sub-518969,ses-8mo,7,Left-Cerebellum-White-Matter,NMI,0.32794711030224116
sub-552990,ses-5mo,51,Right-Putamen,Dice,0.09257431172534825
sub-552990,ses-5mo,51,Right-Putamen,IoU,0.04853364002300173
sub-552990,ses-5mo,51,Right-Putamen,Hausdorff,19.078784028338912
sub-552990,ses-5mo,51,Right-Putamen,HD95,15.937376976013184
sub-552990,ses-5mo,51,Right-Putamen,MI,0.0002434575539274589
sub-552990,ses-5mo,51,Right-Putamen,NMI,0.04627878445623798
sub-552990,ses-5mo,42,Right-Cerebral-Cortex,Dice,0.18171895226907422
sub-552990,ses-5mo,42,Right-Cerebral-Cortex,IoU,0.09993996939903511
sub-552990,ses-5mo,42,Right-Cerebral-Cortex,Hausdorff,87.5328509760764
sub-552990,ses-5mo,42,Right-Cerebral-Cortex,HD95,21.931713104248047
sub-552990,ses-5mo,42,Right-Cerebral-Cortex,MI,0.0056820383410894695
sub-552990,ses-5mo,42,Right-Cerebral-Cortex,NMI,0.05650710979480657
sub-552990,ses-5mo,43,Right-Lateral-Ventricle,Dice,0.2385604950333822
sub-552990,ses-5mo,43,Right-Lateral-Ventricle,IoU,0.13543496348340575
sub-552990,ses-5mo,43,Right-Lateral-Ventricle,Hausdorff,48.093658625644196
sub-552990,ses-5mo,43,Right-Lateral-Ventricle,HD95,23.021728515625
sub-552990,ses-5mo,43,Right-Lateral-Ventricle,MI,0.0011050105601150726
sub-552990,ses-5mo,43,Right-Lateral-Ventricle,NMI,0.16447359227146266
sub-552990,ses-5mo,85,Optic-Chiasm,Dice,0.0
sub-552990,ses-5mo,85,Optic-Chiasm,IoU,0.0
sub-552990,ses-5mo,85,Optic-Chiasm,Hausdorff,41.97618372363071
sub-552990,ses-5mo,85,Optic-Chiasm,HD95,40.26164245605469
sub-552990,ses-5mo,85,Optic-Chiasm,MI,4.831797070534529e-10
sub-552990,ses-5mo,85,Optic-Chiasm,NMI,1.5411763039520344e-06
sub-552990,ses-5mo,62,Right-vessel,Dice,0.0
sub-552990,ses-5mo,62,Right-vessel,IoU,0.0
sub-552990,ses-5mo,62,Right-vessel,Hausdorff,23.790754506740637
sub-552990,ses-5mo,62,Right-vessel,HD95,23.27013053894043
sub-552990,ses-5mo,62,Right-vessel,MI,1.783475475389631e-11
sub-552990,ses-5mo,62,Right-vessel,NMI,3.157070643960904e-07
sub-552990,ses-5mo,5,Left-Inf-Lat-Vent,Dice,0.0
sub-552990,ses-5mo,5,Left-Inf-Lat-Vent,IoU,0.0
sub-552990,ses-5mo,5,Left-Inf-Lat-Vent,Hausdorff,35.07135583350036
sub-552990,ses-5mo,5,Left-Inf-Lat-Vent,HD95,28.50608444213866
sub-552990,ses-5mo,5,Left-Inf-Lat-Vent,MI,1.8325379807094654e-09
sub-552990,ses-5mo,5,Left-Inf-Lat-Vent,NMI,3.557516632058752e-06
sub-552990,ses-5mo,58,Right-Accumbens-area,Dice,0.0
sub-552990,ses-5mo,58,Right-Accumbens-area,IoU,0.0
sub-552990,ses-5mo,58,Right-Accumbens-area,Hausdorff,22.38302928559939
sub-552990,ses-5mo,58,Right-Accumbens-area,HD95,20.60459470748901
sub-552990,ses-5mo,58,Right-Accumbens-area,MI,1.7791915188857498e-09
sub-552990,ses-5mo,58,Right-Accumbens-area,NMI,3.8048993142690545e-06
sub-552990,ses-5mo,17,Left-Hippocampus,Dice,0.07463048219045311
sub-552990,ses-5mo,17,Left-Hippocampus,IoU,0.038761641077271584
sub-552990,ses-5mo,17,Left-Hippocampus,Hausdorff,39.370039370059054
sub-552990,ses-5mo,17,Left-Hippocampus,HD95,34.37004432678222
sub-552990,ses-5mo,17,Left-Hippocampus,MI,0.00010218266943777394
sub-552990,ses-5mo,17,Left-Hippocampus,NMI,0.03931337004004657
sub-552990,ses-5mo,53,Right-Hippocampus,Dice,0.10383944153577661
sub-552990,ses-5mo,53,Right-Hippocampus,IoU,0.05476300046019328
sub-552990,ses-5mo,53,Right-Hippocampus,Hausdorff,39.370039370059054
sub-552990,ses-5mo,53,Right-Hippocampus,HD95,33.86738967895508
sub-552990,ses-5mo,53,Right-Hippocampus,MI,0.00016619362478006387
sub-552990,ses-5mo,53,Right-Hippocampus,NMI,0.05821318055800768
sub-552990,ses-5mo,10,Left-Thalamus,Dice,0.25114273393704184
sub-552990,ses-5mo,10,Left-Thalamus,IoU,0.14360390571062234
sub-552990,ses-5mo,10,Left-Thalamus,Hausdorff,17.832554500127006
sub-552990,ses-5mo,10,Left-Thalamus,HD95,14.142135620117188
sub-552990,ses-5mo,10,Left-Thalamus,MI,0.0010160342201469556
sub-552990,ses-5mo,10,Left-Thalamus,NMI,0.15583636422610728
sub-552990,ses-5mo,12,Left-Putamen,Dice,0.10124826629680998
sub-552990,ses-5mo,12,Left-Putamen,IoU,0.053323593864134405
sub-552990,ses-5mo,12,Left-Putamen,Hausdorff,18.681541692269406
sub-552990,ses-5mo,12,Left-Putamen,HD95,14.690047264099112
sub-552990,ses-5mo,12,Left-Putamen,MI,0.00026115712951615836
sub-552990,ses-5mo,12,Left-Putamen,NMI,0.051953900968637216
sub-552990,ses-5mo,52,Right-Pallidum,Dice,0.0
sub-552990,ses-5mo,52,Right-Pallidum,IoU,0.0
sub-552990,ses-5mo,52,Right-Pallidum,Hausdorff,20.83266665599966
sub-552990,ses-5mo,52,Right-Pallidum,HD95,18.788293838500977
sub-552990,ses-5mo,52,Right-Pallidum,MI,2.3554861332698157e-08
sub-552990,ses-5mo,52,Right-Pallidum,NMI,1.5191950011486454e-05
sub-552990,ses-5mo,8,Left-Cerebellum-Cortex,Dice,0.0
sub-552990,ses-5mo,8,Left-Cerebellum-Cortex,IoU,0.0
sub-552990,ses-5mo,8,Left-Cerebellum-Cortex,Hausdorff,58.70264048575669
sub-552990,ses-5mo,8,Left-Cerebellum-Cortex,HD95,50.37459640502928
sub-552990,ses-5mo,8,Left-Cerebellum-Cortex,MI,2.645105330679326e-05
sub-552990,ses-5mo,8,Left-Cerebellum-Cortex,NMI,0.0007954893993616333
sub-552990,ses-5mo,11,Left-Caudate,Dice,0.20141584836720713
sub-552990,ses-5mo,11,Left-Caudate,IoU,0.11198577958354494
sub-552990,ses-5mo,11,Left-Caudate,Hausdorff,14.071247279470288
sub-552990,ses-5mo,11,Left-Caudate,HD95,9.380831718444824
sub-552990,ses-5mo,11,Left-Caudate,MI,0.0003497958628922998
sub-552990,ses-5mo,11,Left-Caudate,NMI,0.12682421935278035
sub-552990,ses-5mo,3,Left-Cerebral-Cortex,Dice,0.21598024232810373
sub-552990,ses-5mo,3,Left-Cerebral-Cortex,IoU,0.12106381748257815
sub-552990,ses-5mo,3,Left-Cerebral-Cortex,Hausdorff,54.378304497290095
sub-552990,ses-5mo,3,Left-Cerebral-Cortex,HD95,24.698177337646484
sub-552990,ses-5mo,3,Left-Cerebral-Cortex,MI,0.00758705597161604
sub-552990,ses-5mo,3,Left-Cerebral-Cortex,NMI,0.07336324101922687
sub-552990,ses-5mo,77,WM-hypointensities,Dice,0.0
sub-552990,ses-5mo,77,WM-hypointensities,IoU,0.0
sub-552990,ses-5mo,77,WM-hypointensities,Hausdorff,88.19297024139736
sub-552990,ses-5mo,77,WM-hypointensities,HD95,76.16429901123047
sub-552990,ses-5mo,77,WM-hypointensities,MI,9.924543474635217e-11
sub-552990,ses-5mo,77,WM-hypointensities,NMI,6.192830124473286e-08
sub-552990,ses-5mo,4,Left-Lateral-Ventricle,Dice,0.3145413544773405
sub-552990,ses-5mo,4,Left-Lateral-Ventricle,IoU,0.18662063012516183
sub-552990,ses-5mo,4,Left-Lateral-Ventricle,Hausdorff,50.039984012787215
sub-552990,ses-5mo,4,Left-Lateral-Ventricle,HD95,24.166091918945312
sub-552990,ses-5mo,4,Left-Lateral-Ventricle,MI,0.001632015614409475
sub-552990,ses-5mo,4,Left-Lateral-Ventricle,NMI,0.2179458103597262
sub-552990,ses-5mo,18,Left-Amygdala,Dice,0.0
sub-552990,ses-5mo,18,Left-Amygdala,IoU,0.0
sub-552990,ses-5mo,18,Left-Amygdala,Hausdorff,37.86819245752297
sub-552990,ses-5mo,18,Left-Amygdala,HD95,35.341185569763184
sub-552990,ses-5mo,18,Left-Amygdala,MI,1.0754724374245888e-08
sub-552990,ses-5mo,18,Left-Amygdala,NMI,1.0105042159886096e-05
sub-552990,ses-5mo,44,Right-Inf-Lat-Vent,Dice,0.0
sub-552990,ses-5mo,44,Right-Inf-Lat-Vent,IoU,0.0
sub-552990,ses-5mo,44,Right-Inf-Lat-Vent,Hausdorff,37.70941526992961
sub-552990,ses-5mo,44,Right-Inf-Lat-Vent,HD95,34.20223598480224
sub-552990,ses-5mo,44,Right-Inf-Lat-Vent,MI,1.1611580306210983e-09
sub-552990,ses-5mo,44,Right-Inf-Lat-Vent,NMI,2.557120766456205e-06
sub-552990,ses-5mo,47,Right-Cerebellum-Cortex,Dice,0.0
sub-552990,ses-5mo,47,Right-Cerebellum-Cortex,IoU,0.0
sub-552990,ses-5mo,47,Right-Cerebellum-Cortex,Hausdorff,58.077534382926416
sub-552990,ses-5mo,47,Right-Cerebellum-Cortex,HD95,49.57822036743164
sub-552990,ses-5mo,47,Right-Cerebellum-Cortex,MI,2.782704220798994e-05
sub-552990,ses-5mo,47,Right-Cerebellum-Cortex,NMI,0.000814426283774368
sub-552990,ses-5mo,13,Left-Pallidum,Dice,0.0
sub-552990,ses-5mo,13,Left-Pallidum,IoU,0.0
sub-552990,ses-5mo,13,Left-Pallidum,Hausdorff,21.236760581595302
sub-552990,ses-5mo,13,Left-Pallidum,HD95,18.820161056518554
sub-552990,ses-5mo,13,Left-Pallidum,MI,2.5792637716544244e-08
sub-552990,ses-5mo,13,Left-Pallidum,NMI,1.6407232618623383e-05
sub-552990,ses-5mo,60,Right-VentralDC,Dice,0.00029792939073439596
sub-552990,ses-5mo,60,Right-VentralDC,IoU,0.00014898688915375446
sub-552990,ses-5mo,60,Right-VentralDC,Hausdorff,32.07802986469088
sub-552990,ses-5mo,60,Right-VentralDC,HD95,26.465065383911124
sub-552990,ses-5mo,60,Right-VentralDC,MI,7.980749403350432e-09
sub-552990,ses-5mo,60,Right-VentralDC,NMI,1.9931380096528893e-06
sub-552990,ses-5mo,49,Right-Thalamus,Dice,0.369398152145756
sub-552990,ses-5mo,49,Right-Thalamus,IoU,0.2265409870790087
sub-552990,ses-5mo,49,Right-Thalamus,Hausdorff,19.026297590440446
sub-552990,ses-5mo,49,Right-Thalamus,HD95,13.34353551864623
sub-552990,ses-5mo,49,Right-Thalamus,MI,0.0016622675893279543
sub-552990,ses-5mo,49,Right-Thalamus,NMI,0.25554095340369126
sub-552990,ses-5mo,54,Right-Amygdala,Dice,0.0
sub-552990,ses-5mo,54,Right-Amygdala,IoU,0.0
sub-552990,ses-5mo,54,Right-Amygdala,Hausdorff,37.656340767525464
sub-552990,ses-5mo,54,Right-Amygdala,HD95,35.82588577270508
sub-552990,ses-5mo,54,Right-Amygdala,MI,1.158407584087159e-08
sub-552990,ses-5mo,54,Right-Amygdala,NMI,1.0363307424788738e-05
sub-552990,ses-5mo,24,CSF,Dice,0.0002104049838537045
sub-552990,ses-5mo,24,CSF,IoU,0.00010521356065561771
sub-552990,ses-5mo,24,CSF,Hausdorff,87.75534171775527
sub-552990,ses-5mo,24,CSF,HD95,69.92138671875
sub-552990,ses-5mo,24,CSF,MI,1.7557831327852228e-08
sub-552990,ses-5mo,24,CSF,NMI,2.575470159627136e-07
sub-552990,ses-5mo,16,Brain-Stem,Dice,0.0
sub-552990,ses-5mo,16,Brain-Stem,IoU,0.0
sub-552990,ses-5mo,16,Brain-Stem,Hausdorff,44.10215414239989
sub-552990,ses-5mo,16,Brain-Stem,HD95,40.24922180175781
sub-552990,ses-5mo,16,Brain-Stem,MI,1.7230473372382114e-06
sub-552990,ses-5mo,16,Brain-Stem,NMI,0.00017139442309813477
sub-552990,ses-5mo,50,Right-Caudate,Dice,0.1672458731537793
sub-552990,ses-5mo,50,Right-Caudate,IoU,0.0912538516236075
sub-552990,ses-5mo,50,Right-Caudate,Hausdorff,12.68857754044952
sub-552990,ses-5mo,50,Right-Caudate,HD95,9.038769912719717
sub-552990,ses-5mo,50,Right-Caudate,MI,0.0002916074062748427
sub-552990,ses-5mo,50,Right-Caudate,NMI,0.10119496481143227
sub-552990,ses-5mo,31,Left-choroid-plexus,Dice,0.0
sub-552990,ses-5mo,31,Left-choroid-plexus,IoU,0.0
sub-552990,ses-5mo,31,Left-choroid-plexus,Hausdorff,51.048996072400875
sub-552990,ses-5mo,31,Left-choroid-plexus,HD95,47.719493293762206
sub-552990,ses-5mo,31,Left-choroid-plexus,MI,9.436978264397477e-10
sub-552990,ses-5mo,31,Left-choroid-plexus,NMI,2.641305844352273e-06
sub-552990,ses-5mo,28,Left-VentralDC,Dice,0.0
sub-552990,ses-5mo,28,Left-VentralDC,IoU,0.0
sub-552990,ses-5mo,28,Left-VentralDC,Hausdorff,32.31098884280702
sub-552990,ses-5mo,28,Left-VentralDC,HD95,27.018512725830078
sub-552990,ses-5mo,28,Left-VentralDC,MI,1.6675318834146e-07
sub-552990,ses-5mo,28,Left-VentralDC,NMI,4.393028180359348e-05
sub-552990,ses-5mo,15,4th-Ventricle,Dice,0.0
sub-552990,ses-5mo,15,4th-Ventricle,IoU,0.0
sub-552990,ses-5mo,15,4th-Ventricle,Hausdorff,58.974570791146924
sub-552990,ses-5mo,15,4th-Ventricle,HD95,52.86775016784667
sub-552990,ses-5mo,15,4th-Ventricle,MI,2.8591547176918045e-08
sub-552990,ses-5mo,15,4th-Ventricle,NMI,1.6157646553770258e-05
sub-552990,ses-5mo,2,Left-Cerebral-White-Matter,Dice,0.4820473856360553
sub-552990,ses-5mo,2,Left-Cerebral-White-Matter,IoU,0.3175641855184285
sub-552990,ses-5mo,2,Left-Cerebral-White-Matter,Hausdorff,55.59676249567055
sub-552990,ses-5mo,2,Left-Cerebral-White-Matter,HD95,25.0
sub-552990,ses-5mo,2,Left-Cerebral-White-Matter,MI,0.031687224854986956
sub-552990,ses-5mo,2,Left-Cerebral-White-Matter,NMI,0.2992760471945538
sub-552990,ses-5mo,41,Right-Cerebral-White-Matter,Dice,0.5033200452894278
sub-552990,ses-5mo,41,Right-Cerebral-White-Matter,IoU,0.33629103116220976
sub-552990,ses-5mo,41,Right-Cerebral-White-Matter,Hausdorff,50.695167422546305
sub-552990,ses-5mo,41,Right-Cerebral-White-Matter,HD95,20.124610900878906
sub-552990,ses-5mo,41,Right-Cerebral-White-Matter,MI,0.03454736305205589
sub-552990,ses-5mo,41,Right-Cerebral-White-Matter,NMI,0.313936967427332
sub-552990,ses-5mo,14,3rd-Ventricle,Dice,0.2033096926713948
sub-552990,ses-5mo,14,3rd-Ventricle,IoU,0.11315789473684211
sub-552990,ses-5mo,14,3rd-Ventricle,Hausdorff,32.0
sub-552990,ses-5mo,14,3rd-Ventricle,HD95,24.486657333374012
sub-552990,ses-5mo,14,3rd-Ventricle,MI,0.00016062358258750548
sub-552990,ses-5mo,14,3rd-Ventricle,NMI,0.13673799859955352
sub-552990,ses-5mo,63,Right-choroid-plexus,Dice,0.0
sub-552990,ses-5mo,63,Right-choroid-plexus,IoU,0.0
sub-552990,ses-5mo,63,Right-choroid-plexus,Hausdorff,48.60041152089147
sub-552990,ses-5mo,63,Right-choroid-plexus,HD95,44.310832214355464
sub-552990,ses-5mo,63,Right-choroid-plexus,MI,1.0645262973798652e-09
sub-552990,ses-5mo,63,Right-choroid-plexus,NMI,2.7741180778220146e-06
sub-552990,ses-5mo,26,Left-Accumbens-area,Dice,0.0
sub-552990,ses-5mo,26,Left-Accumbens-area,IoU,0.0
sub-552990,ses-5mo,26,Left-Accumbens-area,Hausdorff,22.38302928559939
sub-552990,ses-5mo,26,Left-Accumbens-area,HD95,20.832666397094727
sub-552990,ses-5mo,26,Left-Accumbens-area,MI,1.6771794780355738e-09
sub-552990,ses-5mo,26,Left-Accumbens-area,NMI,3.6805850400568655e-06
sub-552990,ses-5mo,46,Right-Cerebellum-White-Matter,Dice,0.0
sub-552990,ses-5mo,46,Right-Cerebellum-White-Matter,IoU,0.0
sub-552990,ses-5mo,46,Right-Cerebellum-White-Matter,Hausdorff,48.92851929090027
sub-552990,ses-5mo,46,Right-Cerebellum-White-Matter,HD95,43.4281005859375
sub-552990,ses-5mo,46,Right-Cerebellum-White-Matter,MI,1.1186233273576505e-06
sub-552990,ses-5mo,46,Right-Cerebellum-White-Matter,NMI,0.00013051503027949573
sub-552990,ses-5mo,7,Left-Cerebellum-White-Matter,Dice,0.0
sub-552990,ses-5mo,7,Left-Cerebellum-White-Matter,IoU,0.0
sub-552990,ses-5mo,7,Left-Cerebellum-White-Matter,Hausdorff,48.67237409455183
sub-552990,ses-5mo,7,Left-Cerebellum-White-Matter,HD95,43.23193359375
sub-552990,ses-5mo,7,Left-Cerebellum-White-Matter,MI,1.107602057814818e-06
sub-552990,ses-5mo,7,Left-Cerebellum-White-Matter,NMI,0.0001301340172389633
sub-981854,ses-1mo,51,Right-Putamen,Dice,0.0035056967572304996
sub-981854,ses-1mo,51,Right-Putamen,IoU,0.001755926251097454
sub-981854,ses-1mo,51,Right-Putamen,Hausdorff,20.12461179749811
sub-981854,ses-1mo,51,Right-Putamen,HD95,15.36229133605957
sub-981854,ses-1mo,51,Right-Putamen,MI,2.011022815296478e-06
sub-981854,ses-1mo,51,Right-Putamen,NMI,0.0004924863664131321
sub-981854,ses-1mo,42,Right-Cerebral-Cortex,Dice,0.174347472736551
sub-981854,ses-1mo,42,Right-Cerebral-Cortex,IoU,0.09549871628523314
sub-981854,ses-1mo,42,Right-Cerebral-Cortex,Hausdorff,60.60528029800704
sub-981854,ses-1mo,42,Right-Cerebral-Cortex,HD95,10.198039054870605
sub-981854,ses-1mo,42,Right-Cerebral-Cortex,MI,0.00534475561482534
sub-981854,ses-1mo,42,Right-Cerebral-Cortex,NMI,0.05084254783346128
sub-981854,ses-1mo,43,Right-Lateral-Ventricle,Dice,0.34172713045952485
sub-981854,ses-1mo,43,Right-Lateral-Ventricle,IoU,0.20607412491420726
sub-981854,ses-1mo,43,Right-Lateral-Ventricle,Hausdorff,14.7648230602334
sub-981854,ses-1mo,43,Right-Lateral-Ventricle,HD95,9.848857879638672
sub-981854,ses-1mo,43,Right-Lateral-Ventricle,MI,0.001880365794201471
sub-981854,ses-1mo,43,Right-Lateral-Ventricle,NMI,0.2469470330433548
sub-981854,ses-1mo,85,Optic-Chiasm,Dice,0.0
sub-981854,ses-1mo,85,Optic-Chiasm,IoU,0.0
sub-981854,ses-1mo,85,Optic-Chiasm,Hausdorff,26.343879744638983
sub-981854,ses-1mo,85,Optic-Chiasm,HD95,24.782047176361086
sub-981854,ses-1mo,85,Optic-Chiasm,MI,6.59894935258463e-10
sub-981854,ses-1mo,85,Optic-Chiasm,NMI,1.7928046357716006e-06
sub-981854,ses-1mo,5,Left-Inf-Lat-Vent,Dice,0.0
sub-981854,ses-1mo,5,Left-Inf-Lat-Vent,IoU,0.0
sub-981854,ses-1mo,5,Left-Inf-Lat-Vent,Hausdorff,26.645825188948457
sub-981854,ses-1mo,5,Left-Inf-Lat-Vent,HD95,20.273134231567383
sub-981854,ses-1mo,5,Left-Inf-Lat-Vent,MI,3.268734870097564e-09
sub-981854,ses-1mo,5,Left-Inf-Lat-Vent,NMI,4.290311409972548e-06
sub-981854,ses-1mo,58,Right-Accumbens-area,Dice,0.0
sub-981854,ses-1mo,58,Right-Accumbens-area,IoU,0.0
sub-981854,ses-1mo,58,Right-Accumbens-area,Hausdorff,20.615528128088304
sub-981854,ses-1mo,58,Right-Accumbens-area,HD95,18.79627208709717
sub-981854,ses-1mo,58,Right-Accumbens-area,MI,9.62226757555409e-10
sub-981854,ses-1mo,58,Right-Accumbens-area,NMI,2.543597630981394e-06
sub-981854,ses-1mo,17,Left-Hippocampus,Dice,0.0
sub-981854,ses-1mo,17,Left-Hippocampus,IoU,0.0
sub-981854,ses-1mo,17,Left-Hippocampus,Hausdorff,28.844410203711913
sub-981854,ses-1mo,17,Left-Hippocampus,HD95,22.825424194335938
sub-981854,ses-1mo,17,Left-Hippocampus,MI,1.1554350095904949e-07
sub-981854,ses-1mo,17,Left-Hippocampus,NMI,3.4555949217636476e-05
sub-981854,ses-1mo,53,Right-Hippocampus,Dice,0.019534497090606815
sub-981854,ses-1mo,53,Right-Hippocampus,IoU,0.009863588667366212
sub-981854,ses-1mo,53,Right-Hippocampus,Hausdorff,28.319604517012593
sub-981854,ses-1mo,53,Right-Hippocampus,HD95,23.58175449371337
sub-981854,ses-1mo,53,Right-Hippocampus,MI,2.1488941143072663e-05
sub-981854,ses-1mo,53,Right-Hippocampus,NMI,0.007233449695296512
sub-981854,ses-1mo,10,Left-Thalamus,Dice,0.19401148482362593
sub-981854,ses-1mo,10,Left-Thalamus,IoU,0.10742675448557802
sub-981854,ses-1mo,10,Left-Thalamus,Hausdorff,21.633307652783937
sub-981854,ses-1mo,10,Left-Thalamus,HD95,16.777955055236816
sub-981854,ses-1mo,10,Left-Thalamus,MI,0.0008800751406974462
sub-981854,ses-1mo,10,Left-Thalamus,NMI,0.1101316562594908
sub-981854,ses-1mo,12,Left-Putamen,Dice,0.05179228567534415
sub-981854,ses-1mo,12,Left-Putamen,IoU,0.026584580943053028
sub-981854,ses-1mo,12,Left-Putamen,Hausdorff,20.346989949375804
sub-981854,ses-1mo,12,Left-Putamen,HD95,15.0
sub-981854,ses-1mo,12,Left-Putamen,MI,0.0001006883785656139
sub-981854,ses-1mo,12,Left-Putamen,NMI,0.023260651863217494
sub-981854,ses-1mo,52,Right-Pallidum,Dice,0.0
sub-981854,ses-1mo,52,Right-Pallidum,IoU,0.0
sub-981854,ses-1mo,52,Right-Pallidum,Hausdorff,16.401219466856727
sub-981854,ses-1mo,52,Right-Pallidum,HD95,15.0
sub-981854,ses-1mo,52,Right-Pallidum,MI,1.3819702815648979e-08
sub-981854,ses-1mo,52,Right-Pallidum,NMI,1.1247693307055645e-05
sub-981854,ses-1mo,8,Left-Cerebellum-Cortex,Dice,0.11596271217320013
sub-981854,ses-1mo,8,Left-Cerebellum-Cortex,IoU,0.06155011523522491
sub-981854,ses-1mo,8,Left-Cerebellum-Cortex,Hausdorff,35.86084215408221
sub-981854,ses-1mo,8,Left-Cerebellum-Cortex,HD95,26.68332862854004
sub-981854,ses-1mo,8,Left-Cerebellum-Cortex,MI,0.0014191744825365529
sub-981854,ses-1mo,8,Left-Cerebellum-Cortex,NMI,0.04965887389911553
sub-981854,ses-1mo,11,Left-Caudate,Dice,0.33292231812577067
sub-981854,ses-1mo,11,Left-Caudate,IoU,0.1997041420118343
sub-981854,ses-1mo,11,Left-Caudate,Hausdorff,14.52583904633395
sub-981854,ses-1mo,11,Left-Caudate,HD95,10.770329475402832
sub-981854,ses-1mo,11,Left-Caudate,MI,0.000603978580554395
sub-981854,ses-1mo,11,Left-Caudate,NMI,0.2344246019109905
sub-981854,ses-1mo,3,Left-Cerebral-Cortex,Dice,0.15944758691803806
sub-981854,ses-1mo,3,Left-Cerebral-Cortex,IoU,0.08663028870286112
sub-981854,ses-1mo,3,Left-Cerebral-Cortex,Hausdorff,35.11409973215888
sub-981854,ses-1mo,3,Left-Cerebral-Cortex,HD95,14.282856941223145
sub-981854,ses-1mo,3,Left-Cerebral-Cortex,MI,0.004755109713056933
sub-981854,ses-1mo,3,Left-Cerebral-Cortex,NMI,0.043450544132008925
sub-981854,ses-1mo,4,Left-Lateral-Ventricle,Dice,0.25733901515151514
sub-981854,ses-1mo,4,Left-Lateral-Ventricle,IoU,0.1476701535117511
sub-981854,ses-1mo,4,Left-Lateral-Ventricle,Hausdorff,20.83266665599966
sub-981854,ses-1mo,4,Left-Lateral-Ventricle,HD95,12.0
sub-981854,ses-1mo,4,Left-Lateral-Ventricle,MI,0.0015800209574880035
sub-981854,ses-1mo,4,Left-Lateral-Ventricle,NMI,0.17815858589515307
sub-981854,ses-1mo,18,Left-Amygdala,Dice,0.0
sub-981854,ses-1mo,18,Left-Amygdala,IoU,0.0
sub-981854,ses-1mo,18,Left-Amygdala,Hausdorff,28.809720581775867
sub-981854,ses-1mo,18,Left-Amygdala,HD95,25.980762481689453
sub-981854,ses-1mo,18,Left-Amygdala,MI,2.1335008257902105e-08
sub-981854,ses-1mo,18,Left-Amygdala,NMI,1.2685060150723694e-05
sub-981854,ses-1mo,44,Right-Inf-Lat-Vent,Dice,0.00437636761487965
sub-981854,ses-1mo,44,Right-Inf-Lat-Vent,IoU,0.0021929824561403508
sub-981854,ses-1mo,44,Right-Inf-Lat-Vent,Hausdorff,25.67099530598687
sub-981854,ses-1mo,44,Right-Inf-Lat-Vent,HD95,22.680381011962886
sub-981854,ses-1mo,44,Right-Inf-Lat-Vent,MI,1.0041544227026288e-06
sub-981854,ses-1mo,44,Right-Inf-Lat-Vent,NMI,0.0015106986616348795
sub-981854,ses-1mo,47,Right-Cerebellum-Cortex,Dice,0.14978497983720965
sub-981854,ses-1mo,47,Right-Cerebellum-Cortex,IoU,0.08095544474827086
sub-981854,ses-1mo,47,Right-Cerebellum-Cortex,Hausdorff,37.907782842049734
sub-981854,ses-1mo,47,Right-Cerebellum-Cortex,HD95,30.033315658569336
sub-981854,ses-1mo,47,Right-Cerebellum-Cortex,MI,0.0020655816856136955
sub-981854,ses-1mo,47,Right-Cerebellum-Cortex,NMI,0.07106443745693729
sub-981854,ses-1mo,13,Left-Pallidum,Dice,0.0
sub-981854,ses-1mo,13,Left-Pallidum,IoU,0.0
sub-981854,ses-1mo,13,Left-Pallidum,Hausdorff,17.146428199482248
sub-981854,ses-1mo,13,Left-Pallidum,HD95,15.169040298461912
sub-981854,ses-1mo,13,Left-Pallidum,MI,1.4423814927817455e-08
sub-981854,ses-1mo,13,Left-Pallidum,NMI,1.1187657319750742e-05
sub-981854,ses-1mo,60,Right-VentralDC,Dice,0.0008338544923910778
sub-981854,ses-1mo,60,Right-VentralDC,IoU,0.0004171011470281543
sub-981854,ses-1mo,60,Right-VentralDC,Hausdorff,29.748949561287034
sub-981854,ses-1mo,60,Right-VentralDC,HD95,24.785072612762455
sub-981854,ses-1mo,60,Right-VentralDC,MI,1.5624561987887279e-07
sub-981854,ses-1mo,60,Right-VentralDC,NMI,5.317037339255752e-05
sub-981854,ses-1mo,49,Right-Thalamus,Dice,0.16051340128350322
sub-981854,ses-1mo,49,Right-Thalamus,IoU,0.0872598916434083
sub-981854,ses-1mo,49,Right-Thalamus,Hausdorff,22.090722034374522
sub-981854,ses-1mo,49,Right-Thalamus,HD95,16.565017318725577
sub-981854,ses-1mo,49,Right-Thalamus,MI,0.0006387949760892524
sub-981854,ses-1mo,49,Right-Thalamus,NMI,0.08713634500909868
sub-981854,ses-1mo,54,Right-Amygdala,Dice,0.0
sub-981854,ses-1mo,54,Right-Amygdala,IoU,0.0
sub-981854,ses-1mo,54,Right-Amygdala,Hausdorff,27.60434748368452
sub-981854,ses-1mo,54,Right-Amygdala,HD95,24.764892959594725
sub-981854,ses-1mo,54,Right-Amygdala,MI,2.071398472983533e-08
sub-981854,ses-1mo,54,Right-Amygdala,NMI,1.3200960261061463e-05
sub-981854,ses-1mo,16,Brain-Stem,Dice,0.16860010205817316
sub-981854,ses-1mo,16,Brain-Stem,IoU,0.09206077943307203
sub-981854,ses-1mo,16,Brain-Stem,Hausdorff,38.2099463490856
sub-981854,ses-1mo,16,Brain-Stem,HD95,32.649654388427734
sub-981854,ses-1mo,16,Brain-Stem,MI,0.001321662720225267
sub-981854,ses-1mo,16,Brain-Stem,NMI,0.09144227550119705
sub-981854,ses-1mo,50,Right-Caudate,Dice,0.35294117647058826
sub-981854,ses-1mo,50,Right-Caudate,IoU,0.21428571428571427
sub-981854,ses-1mo,50,Right-Caudate,Hausdorff,16.0312195418814
sub-981854,ses-1mo,50,Right-Caudate,HD95,10.29563045501709
sub-981854,ses-1mo,50,Right-Caudate,MI,0.0005713725662039829
sub-981854,ses-1mo,50,Right-Caudate,NMI,0.25394905591918676
sub-981854,ses-1mo,31,Left-choroid-plexus,Dice,0.0
sub-981854,ses-1mo,31,Left-choroid-plexus,IoU,0.0
sub-981854,ses-1mo,31,Left-choroid-plexus,Hausdorff,46.74398357008097
sub-981854,ses-1mo,31,Left-choroid-plexus,HD95,46.00314292907715
sub-981854,ses-1mo,31,Left-choroid-plexus,MI,1.2465015520826293e-11
sub-981854,ses-1mo,31,Left-choroid-plexus,NMI,1.8653494735286243e-07
sub-981854,ses-1mo,28,Left-VentralDC,Dice,0.0
sub-981854,ses-1mo,28,Left-VentralDC,IoU,0.0
sub-981854,ses-1mo,28,Left-VentralDC,Hausdorff,27.622454633866266
sub-981854,ses-1mo,28,Left-VentralDC,HD95,22.4632936477661
sub-981854,ses-1mo,28,Left-VentralDC,MI,6.527044552225286e-08
sub-981854,ses-1mo,28,Left-VentralDC,NMI,2.332673988684536e-05
sub-981854,ses-1mo,15,4th-Ventricle,Dice,0.0
sub-981854,ses-1mo,15,4th-Ventricle,IoU,0.0
sub-981854,ses-1mo,15,4th-Ventricle,Hausdorff,30.0
sub-981854,ses-1mo,15,4th-Ventricle,HD95,26.011521339416493
sub-981854,ses-1mo,15,4th-Ventricle,MI,3.1517838636934206e-08
sub-981854,ses-1mo,15,4th-Ventricle,NMI,1.511675746856604e-05
sub-981854,ses-1mo,2,Left-Cerebral-White-Matter,Dice,0.5014281522643849
sub-981854,ses-1mo,2,Left-Cerebral-White-Matter,IoU,0.33460401182769917
sub-981854,ses-1mo,2,Left-Cerebral-White-Matter,Hausdorff,31.12876483254676
sub-981854,ses-1mo,2,Left-Cerebral-White-Matter,HD95,11.045360565185547
sub-981854,ses-1mo,2,Left-Cerebral-White-Matter,MI,0.03505609965207326
sub-981854,ses-1mo,2,Left-Cerebral-White-Matter,NMI,0.3236198188826057
sub-981854,ses-1mo,41,Right-Cerebral-White-Matter,Dice,0.5245228125424017
sub-981854,ses-1mo,41,Right-Cerebral-White-Matter,IoU,0.355493678249414
sub-981854,ses-1mo,41,Right-Cerebral-White-Matter,Hausdorff,26.476404589747453
sub-981854,ses-1mo,41,Right-Cerebral-White-Matter,HD95,8.062257766723633
sub-981854,ses-1mo,41,Right-Cerebral-White-Matter,MI,0.03583536771481229
sub-981854,ses-1mo,41,Right-Cerebral-White-Matter,NMI,0.3439369161339394
sub-981854,ses-1mo,14,3rd-Ventricle,Dice,0.007417709782104775
sub-981854,ses-1mo,14,3rd-Ventricle,IoU,0.0037226617031177293
sub-981854,ses-1mo,14,3rd-Ventricle,Hausdorff,26.095976701399778
sub-981854,ses-1mo,14,3rd-Ventricle,HD95,19.95989913940429
sub-981854,ses-1mo,14,3rd-Ventricle,MI,3.6945360112430394e-06
sub-981854,ses-1mo,14,3rd-Ventricle,NMI,0.002568230222840882
sub-981854,ses-1mo,26,Left-Accumbens-area,Dice,0.0
sub-981854,ses-1mo,26,Left-Accumbens-area,IoU,0.0
sub-981854,ses-1mo,26,Left-Accumbens-area,Hausdorff,21.02379604162864
sub-981854,ses-1mo,26,Left-Accumbens-area,HD95,19.33778533935547
sub-981854,ses-1mo,26,Left-Accumbens-area,MI,1.4482980018856772e-09
sub-981854,ses-1mo,26,Left-Accumbens-area,NMI,3.2808666150358015e-06
sub-981854,ses-1mo,46,Right-Cerebellum-White-Matter,Dice,0.023158466974721393
sub-981854,ses-1mo,46,Right-Cerebellum-White-Matter,IoU,0.011714882851171489
sub-981854,ses-1mo,46,Right-Cerebellum-White-Matter,Hausdorff,37.107950630558946
sub-981854,ses-1mo,46,Right-Cerebellum-White-Matter,HD95,29.871387004852284
sub-981854,ses-1mo,46,Right-Cerebellum-White-Matter,MI,7.717718003731578e-05
sub-981854,ses-1mo,46,Right-Cerebellum-White-Matter,NMI,0.008184137104323013
sub-981854,ses-1mo,7,Left-Cerebellum-White-Matter,Dice,0.0021133418608531226
sub-981854,ses-1mo,7,Left-Cerebellum-White-Matter,IoU,0.0010577886649593587
sub-981854,ses-1mo,7,Left-Cerebellum-White-Matter,Hausdorff,38.13135192987524
sub-981854,ses-1mo,7,Left-Cerebellum-White-Matter,HD95,29.886451721191403
sub-981854,ses-1mo,7,Left-Cerebellum-White-Matter,MI,1.5249573796740403e-06
sub-981854,ses-1mo,7,Left-Cerebellum-White-Matter,NMI,0.0001658406246794331
sub-584381,ses-1mo,51,Right-Putamen,Dice,0.0531810124089029
sub-584381,ses-1mo,51,Right-Putamen,IoU,0.027316875758802105
sub-584381,ses-1mo,51,Right-Putamen,Hausdorff,17.69180601295413
sub-584381,ses-1mo,51,Right-Putamen,HD95,12.385433578491197
sub-584381,ses-1mo,51,Right-Putamen,MI,7.8989541203099e-05
sub-584381,ses-1mo,51,Right-Putamen,NMI,0.02528372976609688
sub-584381,ses-1mo,42,Right-Cerebral-Cortex,Dice,0.1607281900433945
sub-584381,ses-1mo,42,Right-Cerebral-Cortex,IoU,0.08738686102473708
sub-584381,ses-1mo,42,Right-Cerebral-Cortex,Hausdorff,29.88310559496787
sub-584381,ses-1mo,42,Right-Cerebral-Cortex,HD95,12.529964447021484
sub-584381,ses-1mo,42,Right-Cerebral-Cortex,MI,0.004067844613854406
sub-584381,ses-1mo,42,Right-Cerebral-Cortex,NMI,0.0519731356963462
sub-584381,ses-1mo,43,Right-Lateral-Ventricle,Dice,0.07243895846472655
sub-584381,ses-1mo,43,Right-Lateral-Ventricle,IoU,0.037580630083200894
sub-584381,ses-1mo,43,Right-Lateral-Ventricle,Hausdorff,15.394804318340652
sub-584381,ses-1mo,43,Right-Lateral-Ventricle,HD95,12.0
sub-584381,ses-1mo,43,Right-Lateral-Ventricle,MI,0.00023237674888464642
sub-584381,ses-1mo,43,Right-Lateral-Ventricle,NMI,0.03798897331173717
sub-584381,ses-1mo,5,Left-Inf-Lat-Vent,Dice,0.0
sub-584381,ses-1mo,5,Left-Inf-Lat-Vent,IoU,0.0
sub-584381,ses-1mo,5,Left-Inf-Lat-Vent,Hausdorff,26.645825188948457
sub-584381,ses-1mo,5,Left-Inf-Lat-Vent,HD95,22.23841514587401
sub-584381,ses-1mo,5,Left-Inf-Lat-Vent,MI,2.0656922404159103e-09
sub-584381,ses-1mo,5,Left-Inf-Lat-Vent,NMI,3.5348004445253065e-06
sub-584381,ses-1mo,58,Right-Accumbens-area,Dice,0.0
sub-584381,ses-1mo,58,Right-Accumbens-area,IoU,0.0
sub-584381,ses-1mo,58,Right-Accumbens-area,Hausdorff,20.493901531919196
sub-584381,ses-1mo,58,Right-Accumbens-area,HD95,20.02498435974121
sub-584381,ses-1mo,58,Right-Accumbens-area,MI,2.67158789242581e-09
sub-584381,ses-1mo,58,Right-Accumbens-area,NMI,4.630932561257753e-06
sub-584381,ses-1mo,17,Left-Hippocampus,Dice,0.0
sub-584381,ses-1mo,17,Left-Hippocampus,IoU,0.0
sub-584381,ses-1mo,17,Left-Hippocampus,Hausdorff,27.367864366808018
sub-584381,ses-1mo,17,Left-Hippocampus,HD95,23.00325927734375
sub-584381,ses-1mo,17,Left-Hippocampus,MI,6.356728784768107e-08
sub-584381,ses-1mo,17,Left-Hippocampus,NMI,2.404757090543079e-05
sub-584381,ses-1mo,53,Right-Hippocampus,Dice,0.0009416195856873823
sub-584381,ses-1mo,53,Right-Hippocampus,IoU,0.0004710315591144607
sub-584381,ses-1mo,53,Right-Hippocampus,Hausdorff,25.729360660537214
sub-584381,ses-1mo,53,Right-Hippocampus,HD95,22.56102752685547
sub-584381,ses-1mo,53,Right-Hippocampus,MI,2.019902001223005e-07
sub-584381,ses-1mo,53,Right-Hippocampus,NMI,7.648881931516342e-05
sub-584381,ses-1mo,10,Left-Thalamus,Dice,0.12232066304658473
sub-584381,ses-1mo,10,Left-Thalamus,IoU,0.06514459665144597
sub-584381,ses-1mo,10,Left-Thalamus,Hausdorff,20.639767440550294
sub-584381,ses-1mo,10,Left-Thalamus,HD95,16.155494689941406
sub-584381,ses-1mo,10,Left-Thalamus,MI,0.0003803320129645697
sub-584381,ses-1mo,10,Left-Thalamus,NMI,0.06367624072792023
sub-584381,ses-1mo,12,Left-Putamen,Dice,0.020905923344947737
sub-584381,ses-1mo,12,Left-Putamen,IoU,0.01056338028169014
sub-584381,ses-1mo,12,Left-Putamen,Hausdorff,18.411952639521967
sub-584381,ses-1mo,12,Left-Putamen,HD95,13.747727394104004
sub-584381,ses-1mo,12,Left-Putamen,MI,2.4103700070415642e-05
sub-584381,ses-1mo,12,Left-Putamen,NMI,0.0075888564461769415
sub-584381,ses-1mo,52,Right-Pallidum,Dice,0.0
sub-584381,ses-1mo,52,Right-Pallidum,IoU,0.0
sub-584381,ses-1mo,52,Right-Pallidum,Hausdorff,15.329709716755891
sub-584381,ses-1mo,52,Right-Pallidum,HD95,12.529964447021484
sub-584381,ses-1mo,52,Right-Pallidum,MI,1.804178892270353e-08
sub-584381,ses-1mo,52,Right-Pallidum,NMI,1.3534962077450278e-05
sub-584381,ses-1mo,8,Left-Cerebellum-Cortex,Dice,0.04702291427054764
sub-584381,ses-1mo,8,Left-Cerebellum-Cortex,IoU,0.024077555550522097
sub-584381,ses-1mo,8,Left-Cerebellum-Cortex,Hausdorff,36.565010597564445
sub-584381,ses-1mo,8,Left-Cerebellum-Cortex,HD95,28.17800521850586
sub-584381,ses-1mo,8,Left-Cerebellum-Cortex,MI,0.00029984747775757656
sub-584381,ses-1mo,8,Left-Cerebellum-Cortex,NMI,0.014376327975207692
sub-584381,ses-1mo,11,Left-Caudate,Dice,0.13879485443466485
sub-584381,ses-1mo,11,Left-Caudate,IoU,0.07457257184430702
sub-584381,ses-1mo,11,Left-Caudate,Hausdorff,16.76305461424021
sub-584381,ses-1mo,11,Left-Caudate,HD95,11.401754379272461
sub-584381,ses-1mo,11,Left-Caudate,MI,0.0001608772443057741
sub-584381,ses-1mo,11,Left-Caudate,NMI,0.0828392686616786
sub-584381,ses-1mo,3,Left-Cerebral-Cortex,Dice,0.1468007156854392
sub-584381,ses-1mo,3,Left-Cerebral-Cortex,IoU,0.07921474874718404
sub-584381,ses-1mo,3,Left-Cerebral-Cortex,Hausdorff,34.26368339802363
sub-584381,ses-1mo,3,Left-Cerebral-Cortex,HD95,18.138357162475586
sub-584381,ses-1mo,3,Left-Cerebral-Cortex,MI,0.003671860921685234
sub-584381,ses-1mo,3,Left-Cerebral-Cortex,NMI,0.044608597224115344
sub-584381,ses-1mo,4,Left-Lateral-Ventricle,Dice,0.04601713741669311
sub-584381,ses-1mo,4,Left-Lateral-Ventricle,IoU,0.023550430404417736
sub-584381,ses-1mo,4,Left-Lateral-Ventricle,Hausdorff,22.293496809607955
sub-584381,ses-1mo,4,Left-Lateral-Ventricle,HD95,14.899664878845215
sub-584381,ses-1mo,4,Left-Lateral-Ventricle,MI,0.00015386250913178854
sub-584381,ses-1mo,4,Left-Lateral-Ventricle,NMI,0.02275568674114412
sub-584381,ses-1mo,18,Left-Amygdala,Dice,0.0
sub-584381,ses-1mo,18,Left-Amygdala,IoU,0.0
sub-584381,ses-1mo,18,Left-Amygdala,Hausdorff,28.583211855912904
sub-584381,ses-1mo,18,Left-Amygdala,HD95,25.64369783401489
sub-584381,ses-1mo,18,Left-Amygdala,MI,1.267138437444559e-08
sub-584381,ses-1mo,18,Left-Amygdala,NMI,9.15246361079783e-06
sub-584381,ses-1mo,44,Right-Inf-Lat-Vent,Dice,0.0
sub-584381,ses-1mo,44,Right-Inf-Lat-Vent,IoU,0.0
sub-584381,ses-1mo,44,Right-Inf-Lat-Vent,Hausdorff,26.49528259898354
sub-584381,ses-1mo,44,Right-Inf-Lat-Vent,HD95,22.666051864624023
sub-584381,ses-1mo,44,Right-Inf-Lat-Vent,MI,1.546966402524684e-09
sub-584381,ses-1mo,44,Right-Inf-Lat-Vent,NMI,2.993351264197442e-06
sub-584381,ses-1mo,47,Right-Cerebellum-Cortex,Dice,0.12745793750715348
sub-584381,ses-1mo,47,Right-Cerebellum-Cortex,IoU,0.0680667954328745
sub-584381,ses-1mo,47,Right-Cerebellum-Cortex,Hausdorff,34.48187929913333
sub-584381,ses-1mo,47,Right-Cerebellum-Cortex,HD95,26.97405815124509
sub-584381,ses-1mo,47,Right-Cerebellum-Cortex,MI,0.001219776335966124
sub-584381,ses-1mo,47,Right-Cerebellum-Cortex,NMI,0.060280047346224386
sub-584381,ses-1mo,13,Left-Pallidum,Dice,0.0
sub-584381,ses-1mo,13,Left-Pallidum,IoU,0.0
sub-584381,ses-1mo,13,Left-Pallidum,Hausdorff,16.522711641858304
sub-584381,ses-1mo,13,Left-Pallidum,HD95,13.5018262386322
sub-584381,ses-1mo,13,Left-Pallidum,MI,1.3776585500104195e-08
sub-584381,ses-1mo,13,Left-Pallidum,NMI,1.164109339592712e-05
sub-584381,ses-1mo,60,Right-VentralDC,Dice,0.0
sub-584381,ses-1mo,60,Right-VentralDC,IoU,0.0
sub-584381,ses-1mo,60,Right-VentralDC,Hausdorff,24.1039415863879
sub-584381,ses-1mo,60,Right-VentralDC,HD95,19.8896915435791
sub-584381,ses-1mo,60,Right-VentralDC,MI,4.190992471553995e-08
sub-584381,ses-1mo,60,Right-VentralDC,NMI,1.8506516196118983e-05
sub-584381,ses-1mo,49,Right-Thalamus,Dice,0.14225266975619585
sub-584381,ses-1mo,49,Right-Thalamus,IoU,0.07657266811279827
sub-584381,ses-1mo,49,Right-Thalamus,Hausdorff,20.46948949045872
sub-584381,ses-1mo,49,Right-Thalamus,HD95,14.897985076904291
sub-584381,ses-1mo,49,Right-Thalamus,MI,0.0004389804586690297
sub-584381,ses-1mo,49,Right-Thalamus,NMI,0.0771331820724113
sub-584381,ses-1mo,54,Right-Amygdala,Dice,0.0
sub-584381,ses-1mo,54,Right-Amygdala,IoU,0.0
sub-584381,ses-1mo,54,Right-Amygdala,Hausdorff,26.832815729997478
sub-584381,ses-1mo,54,Right-Amygdala,HD95,24.4223237991333
sub-584381,ses-1mo,54,Right-Amygdala,MI,1.508945514139314e-08
sub-584381,ses-1mo,54,Right-Amygdala,NMI,1.0377442593402868e-05
sub-584381,ses-1mo,16,Brain-Stem,Dice,0.13283799387519454
sub-584381,ses-1mo,16,Brain-Stem,IoU,0.07114433211443322
sub-584381,ses-1mo,16,Brain-Stem,Hausdorff,36.235341863986875
sub-584381,ses-1mo,16,Brain-Stem,HD95,31.52776527404785
sub-584381,ses-1mo,16,Brain-Stem,MI,0.0007117228658475249
sub-584381,ses-1mo,16,Brain-Stem,NMI,0.06866196502927648
sub-584381,ses-1mo,50,Right-Caudate,Dice,0.19787717968157695
sub-584381,ses-1mo,50,Right-Caudate,IoU,0.10980227177114009
sub-584381,ses-1mo,50,Right-Caudate,Hausdorff,15.362291495737216
sub-584381,ses-1mo,50,Right-Caudate,HD95,11.445523262023926
sub-584381,ses-1mo,50,Right-Caudate,MI,0.0002242457089748699
sub-584381,ses-1mo,50,Right-Caudate,NMI,0.1277959527492026
sub-584381,ses-1mo,31,Left-choroid-plexus,Dice,0.0
sub-584381,ses-1mo,31,Left-choroid-plexus,IoU,0.0
sub-584381,ses-1mo,31,Left-choroid-plexus,Hausdorff,38.84584919911006
sub-584381,ses-1mo,31,Left-choroid-plexus,HD95,29.586154079437225
sub-584381,ses-1mo,31,Left-choroid-plexus,MI,9.662935896857967e-10
sub-584381,ses-1mo,31,Left-choroid-plexus,NMI,2.4576360323161985e-06
sub-584381,ses-1mo,28,Left-VentralDC,Dice,0.0
sub-584381,ses-1mo,28,Left-VentralDC,IoU,0.0
sub-584381,ses-1mo,28,Left-VentralDC,Hausdorff,24.041630560342615
sub-584381,ses-1mo,28,Left-VentralDC,HD95,20.59611434936523
sub-584381,ses-1mo,28,Left-VentralDC,MI,3.832710288368107e-08
sub-584381,ses-1mo,28,Left-VentralDC,NMI,1.7832424180626796e-05
sub-584381,ses-1mo,15,4th-Ventricle,Dice,0.0
sub-584381,ses-1mo,15,4th-Ventricle,IoU,0.0
sub-584381,ses-1mo,15,4th-Ventricle,Hausdorff,28.372521918222215
sub-584381,ses-1mo,15,4th-Ventricle,HD95,24.779024124145508
sub-584381,ses-1mo,15,4th-Ventricle,MI,9.42274796644077e-09
sub-584381,ses-1mo,15,4th-Ventricle,NMI,9.093659844242203e-06
sub-584381,ses-1mo,2,Left-Cerebral-White-Matter,Dice,0.46214193636220535
sub-584381,ses-1mo,2,Left-Cerebral-White-Matter,IoU,0.30051013633144474
sub-584381,ses-1mo,2,Left-Cerebral-White-Matter,Hausdorff,32.17141588429082
sub-584381,ses-1mo,2,Left-Cerebral-White-Matter,HD95,15.033296585083008
sub-584381,ses-1mo,2,Left-Cerebral-White-Matter,MI,0.02457647616204904
sub-584381,ses-1mo,2,Left-Cerebral-White-Matter,NMI,0.300403329821412
sub-584381,ses-1mo,41,Right-Cerebral-White-Matter,Dice,0.49648556357210244
sub-584381,ses-1mo,41,Right-Cerebral-White-Matter,IoU,0.3302166920004242
sub-584381,ses-1mo,41,Right-Cerebral-White-Matter,Hausdorff,25.96150997149434
sub-584381,ses-1mo,41,Right-Cerebral-White-Matter,HD95,10.198039054870605
sub-584381,ses-1mo,41,Right-Cerebral-White-Matter,MI,0.02634091778977698
sub-584381,ses-1mo,41,Right-Cerebral-White-Matter,NMI,0.33168657532661844
sub-584381,ses-1mo,14,3rd-Ventricle,Dice,0.012371134020618556
sub-584381,ses-1mo,14,3rd-Ventricle,IoU,0.006224066390041493
sub-584381,ses-1mo,14,3rd-Ventricle,Hausdorff,24.61706725018234
sub-584381,ses-1mo,14,3rd-Ventricle,HD95,21.831153488159178
sub-584381,ses-1mo,14,3rd-Ventricle,MI,3.670622205196859e-06
sub-584381,ses-1mo,14,3rd-Ventricle,NMI,0.005193715606771022
sub-584381,ses-1mo,63,Right-choroid-plexus,Dice,0.0
sub-584381,ses-1mo,63,Right-choroid-plexus,IoU,0.0
sub-584381,ses-1mo,63,Right-choroid-plexus,Hausdorff,46.14108798023731
sub-584381,ses-1mo,63,Right-choroid-plexus,HD95,39.81829833984375
sub-584381,ses-1mo,63,Right-choroid-plexus,MI,1.1699884502658396e-09
sub-584381,ses-1mo,63,Right-choroid-plexus,NMI,3.0314932121431126e-06
sub-584381,ses-1mo,26,Left-Accumbens-area,Dice,0.0
sub-584381,ses-1mo,26,Left-Accumbens-area,IoU,0.0
sub-584381,ses-1mo,26,Left-Accumbens-area,Hausdorff,20.615528128088304
sub-584381,ses-1mo,26,Left-Accumbens-area,HD95,19.37778377532959
sub-584381,ses-1mo,26,Left-Accumbens-area,MI,4.2123595404158515e-09
sub-584381,ses-1mo,26,Left-Accumbens-area,NMI,6.073836273502626e-06
sub-584381,ses-1mo,46,Right-Cerebellum-White-Matter,Dice,0.003369164126423873
sub-584381,ses-1mo,46,Right-Cerebellum-White-Matter,IoU,0.001687424668541583
sub-584381,ses-1mo,46,Right-Cerebellum-White-Matter,Hausdorff,32.71085446759225
sub-584381,ses-1mo,46,Right-Cerebellum-White-Matter,HD95,27.36786460876465
sub-584381,ses-1mo,46,Right-Cerebellum-White-Matter,MI,3.52981000707825e-06
sub-584381,ses-1mo,46,Right-Cerebellum-White-Matter,NMI,0.0005263913213769828
sub-584381,ses-1mo,7,Left-Cerebellum-White-Matter,Dice,0.0
sub-584381,ses-1mo,7,Left-Cerebellum-White-Matter,IoU,0.0
sub-584381,ses-1mo,7,Left-Cerebellum-White-Matter,Hausdorff,35.86084215408221
sub-584381,ses-1mo,7,Left-Cerebellum-White-Matter,HD95,30.675724029541016
sub-584381,ses-1mo,7,Left-Cerebellum-White-Matter,MI,3.0601818885823626e-07
sub-584381,ses-1mo,7,Left-Cerebellum-White-Matter,NMI,4.235535474357085e-05
sub-940808,ses-3mo,51,Right-Putamen,Dice,0.3331758034026465
sub-940808,ses-3mo,51,Right-Putamen,IoU,0.19988658916926566
sub-940808,ses-3mo,51,Right-Putamen,Hausdorff,17.204650534085253
sub-940808,ses-3mo,51,Right-Putamen,HD95,12.806248664855957
sub-940808,ses-3mo,51,Right-Putamen,MI,0.0011470288716203658
sub-940808,ses-3mo,51,Right-Putamen,NMI,0.23316389697862966
sub-940808,ses-3mo,42,Right-Cerebral-Cortex,Dice,0.18837161671518032
sub-940808,ses-3mo,42,Right-Cerebral-Cortex,IoU,0.103979170592165
sub-940808,ses-3mo,42,Right-Cerebral-Cortex,Hausdorff,35.05709628591621
sub-940808,ses-3mo,42,Right-Cerebral-Cortex,HD95,12.884099006652832
sub-940808,ses-3mo,42,Right-Cerebral-Cortex,MI,0.006024171619348484
sub-940808,ses-3mo,42,Right-Cerebral-Cortex,NMI,0.05646034627602452
sub-940808,ses-3mo,43,Right-Lateral-Ventricle,Dice,0.03118271586606281
sub-940808,ses-3mo,43,Right-Lateral-Ventricle,IoU,0.01583829851421676
sub-940808,ses-3mo,43,Right-Lateral-Ventricle,Hausdorff,20.199009876724155
sub-940808,ses-3mo,43,Right-Lateral-Ventricle,HD95,11.859578275680526
sub-940808,ses-3mo,43,Right-Lateral-Ventricle,MI,7.964078592204908e-05
sub-940808,ses-3mo,43,Right-Lateral-Ventricle,NMI,0.01081282604193143
sub-940808,ses-3mo,5,Left-Inf-Lat-Vent,Dice,0.0
sub-940808,ses-3mo,5,Left-Inf-Lat-Vent,IoU,0.0
sub-940808,ses-3mo,5,Left-Inf-Lat-Vent,Hausdorff,26.153393661244042
sub-940808,ses-3mo,5,Left-Inf-Lat-Vent,HD95,21.3775577545166
sub-940808,ses-3mo,5,Left-Inf-Lat-Vent,MI,4.304631348286047e-09
sub-940808,ses-3mo,5,Left-Inf-Lat-Vent,NMI,5.872645950707868e-06
sub-940808,ses-3mo,58,Right-Accumbens-area,Dice,0.0
sub-940808,ses-3mo,58,Right-Accumbens-area,IoU,0.0
sub-940808,ses-3mo,58,Right-Accumbens-area,Hausdorff,15.7797338380595
sub-940808,ses-3mo,58,Right-Accumbens-area,HD95,13.455479478836057
sub-940808,ses-3mo,58,Right-Accumbens-area,MI,1.4471418541034571e-09
sub-940808,ses-3mo,58,Right-Accumbens-area,NMI,3.400522674112587e-06
sub-940808,ses-3mo,17,Left-Hippocampus,Dice,0.0
sub-940808,ses-3mo,17,Left-Hippocampus,IoU,0.0
sub-940808,ses-3mo,17,Left-Hippocampus,Hausdorff,27.784887978899608
sub-940808,ses-3mo,17,Left-Hippocampus,HD95,22.56102752685547
sub-940808,ses-3mo,17,Left-Hippocampus,MI,9.976544351330153e-08
sub-940808,ses-3mo,17,Left-Hippocampus,NMI,3.2281734789500944e-05
sub-940808,ses-3mo,53,Right-Hippocampus,Dice,0.0
sub-940808,ses-3mo,53,Right-Hippocampus,IoU,0.0
sub-940808,ses-3mo,53,Right-Hippocampus,Hausdorff,28.722813232690143
sub-940808,ses-3mo,53,Right-Hippocampus,HD95,23.068374633789066
sub-940808,ses-3mo,53,Right-Hippocampus,MI,9.342582985884251e-08
sub-940808,ses-3mo,53,Right-Hippocampus,NMI,3.167643784595738e-05
sub-940808,ses-3mo,10,Left-Thalamus,Dice,0.11372368218841247
sub-940808,ses-3mo,10,Left-Thalamus,IoU,0.06029004399543751
sub-940808,ses-3mo,10,Left-Thalamus,Hausdorff,23.53720459187964
sub-940808,ses-3mo,10,Left-Thalamus,HD95,16.278820037841797
sub-940808,ses-3mo,10,Left-Thalamus,MI,0.0004069483265585124
sub-940808,ses-3mo,10,Left-Thalamus,NMI,0.056397255924864775
sub-940808,ses-3mo,12,Left-Putamen,Dice,0.06505961638154484
sub-940808,ses-3mo,12,Left-Putamen,IoU,0.03362357669122572
sub-940808,ses-3mo,12,Left-Putamen,Hausdorff,20.83266665599966
sub-940808,ses-3mo,12,Left-Putamen,HD95,14.7360053062439
sub-940808,ses-3mo,12,Left-Putamen,MI,0.00013639706021135035
sub-940808,ses-3mo,12,Left-Putamen,NMI,0.02999231262790506
sub-940808,ses-3mo,52,Right-Pallidum,Dice,0.03471158754466565
sub-940808,ses-3mo,52,Right-Pallidum,IoU,0.017662337662337664
sub-940808,ses-3mo,52,Right-Pallidum,Hausdorff,13.601470508735444
sub-940808,ses-3mo,52,Right-Pallidum,HD95,11.242719078063958
sub-940808,ses-3mo,52,Right-Pallidum,MI,2.2185614771275274e-05
sub-940808,ses-3mo,52,Right-Pallidum,NMI,0.016611595650731854
sub-940808,ses-3mo,8,Left-Cerebellum-Cortex,Dice,0.0211581716289886
sub-940808,ses-3mo,8,Left-Cerebellum-Cortex,IoU,0.010692199510663301
sub-940808,ses-3mo,8,Left-Cerebellum-Cortex,Hausdorff,38.61346915261564
sub-940808,ses-3mo,8,Left-Cerebellum-Cortex,HD95,31.08053970336914
sub-940808,ses-3mo,8,Left-Cerebellum-Cortex,MI,7.544665147576045e-05
sub-940808,ses-3mo,8,Left-Cerebellum-Cortex,NMI,0.003148442657283701
sub-940808,ses-3mo,11,Left-Caudate,Dice,0.07025872300023736
sub-940808,ses-3mo,11,Left-Caudate,IoU,0.036408364083640836
sub-940808,ses-3mo,11,Left-Caudate,Hausdorff,14.317821063276353
sub-940808,ses-3mo,11,Left-Caudate,HD95,9.899495124816895
sub-940808,ses-3mo,11,Left-Caudate,MI,9.373762226542087e-05
sub-940808,ses-3mo,11,Left-Caudate,NMI,0.03518284392972488
sub-940808,ses-3mo,3,Left-Cerebral-Cortex,Dice,0.18269307343130708
sub-940808,ses-3mo,3,Left-Cerebral-Cortex,IoU,0.10052956424716594
sub-940808,ses-3mo,3,Left-Cerebral-Cortex,Hausdorff,40.718546143004666
sub-940808,ses-3mo,3,Left-Cerebral-Cortex,HD95,21.307275772094727
sub-940808,ses-3mo,3,Left-Cerebral-Cortex,MI,0.005815798514238413
sub-940808,ses-3mo,3,Left-Cerebral-Cortex,NMI,0.05405472805993358
sub-940808,ses-3mo,4,Left-Lateral-Ventricle,Dice,0.01616185105517121
sub-940808,ses-3mo,4,Left-Lateral-Ventricle,IoU,0.00814675887938108
sub-940808,ses-3mo,4,Left-Lateral-Ventricle,Hausdorff,33.896902513356586
sub-940808,ses-3mo,4,Left-Lateral-Ventricle,HD95,19.15195312499998
sub-940808,ses-3mo,4,Left-Lateral-Ventricle,MI,3.896403308123391e-05
sub-940808,ses-3mo,4,Left-Lateral-Ventricle,NMI,0.004316550619577764
sub-940808,ses-3mo,18,Left-Amygdala,Dice,0.0
sub-940808,ses-3mo,18,Left-Amygdala,IoU,0.0
sub-940808,ses-3mo,18,Left-Amygdala,Hausdorff,28.6705423736629
sub-940808,ses-3mo,18,Left-Amygdala,HD95,25.01999282836914
sub-940808,ses-3mo,18,Left-Amygdala,MI,2.6378146559342865e-08
sub-940808,ses-3mo,18,Left-Amygdala,NMI,1.5898036140094297e-05
sub-940808,ses-3mo,44,Right-Inf-Lat-Vent,Dice,0.0
sub-940808,ses-3mo,44,Right-Inf-Lat-Vent,IoU,0.0
sub-940808,ses-3mo,44,Right-Inf-Lat-Vent,Hausdorff,25.768197453450252
sub-940808,ses-3mo,44,Right-Inf-Lat-Vent,HD95,18.552550888061518
sub-940808,ses-3mo,44,Right-Inf-Lat-Vent,MI,6.432532843810316e-09
sub-940808,ses-3mo,44,Right-Inf-Lat-Vent,NMI,7.112108258409446e-06
sub-940808,ses-3mo,47,Right-Cerebellum-Cortex,Dice,0.07768778241964362
sub-940808,ses-3mo,47,Right-Cerebellum-Cortex,IoU,0.04041371724590629
sub-940808,ses-3mo,47,Right-Cerebellum-Cortex,Hausdorff,43.46262762420146
sub-940808,ses-3mo,47,Right-Cerebellum-Cortex,HD95,32.439170646667414
sub-940808,ses-3mo,47,Right-Cerebellum-Cortex,MI,0.0006783808501349075
sub-940808,ses-3mo,47,Right-Cerebellum-Cortex,NMI,0.025824586541539202
sub-940808,ses-3mo,13,Left-Pallidum,Dice,0.0
sub-940808,ses-3mo,13,Left-Pallidum,IoU,0.0
sub-940808,ses-3mo,13,Left-Pallidum,Hausdorff,14.866068747318506
sub-940808,ses-3mo,13,Left-Pallidum,HD95,13.14150896072387
sub-940808,ses-3mo,13,Left-Pallidum,MI,2.4226891273454367e-08
sub-940808,ses-3mo,13,Left-Pallidum,NMI,1.5900812929709643e-05
sub-940808,ses-3mo,60,Right-VentralDC,Dice,0.0
sub-940808,ses-3mo,60,Right-VentralDC,IoU,0.0
sub-940808,ses-3mo,60,Right-VentralDC,Hausdorff,22.869193252058544
sub-940808,ses-3mo,60,Right-VentralDC,HD95,17.233688354492188
sub-940808,ses-3mo,60,Right-VentralDC,MI,5.601818637006751e-08
sub-940808,ses-3mo,60,Right-VentralDC,NMI,2.3317411125583644e-05
sub-940808,ses-3mo,49,Right-Thalamus,Dice,0.26382181215310313
sub-940808,ses-3mo,49,Right-Thalamus,IoU,0.1519554928174043
sub-940808,ses-3mo,49,Right-Thalamus,Hausdorff,20.223748416156685
sub-940808,ses-3mo,49,Right-Thalamus,HD95,14.456831932067871
sub-940808,ses-3mo,49,Right-Thalamus,MI,0.001244330499012931
sub-940808,ses-3mo,49,Right-Thalamus,NMI,0.16300706346793345
sub-940808,ses-3mo,54,Right-Amygdala,Dice,0.0
sub-940808,ses-3mo,54,Right-Amygdala,IoU,0.0
sub-940808,ses-3mo,54,Right-Amygdala,Hausdorff,27.03701166919155
sub-940808,ses-3mo,54,Right-Amygdala,HD95,24.041629791259766
sub-940808,ses-3mo,54,Right-Amygdala,MI,1.8833030302736666e-08
sub-940808,ses-3mo,54,Right-Amygdala,NMI,1.249962343717982e-05
sub-940808,ses-3mo,24,CSF,Dice,1.4965243222615476e-05
sub-940808,ses-3mo,24,CSF,IoU,7.482677601352868e-06
sub-940808,ses-3mo,24,CSF,Hausdorff,89.87769467448528
sub-940808,ses-3mo,24,CSF,HD95,76.55716705322266
sub-940808,ses-3mo,24,CSF,MI,4.0502519327680333e-07
sub-940808,ses-3mo,24,CSF,NMI,5.115624284319137e-06
sub-940808,ses-3mo,16,Brain-Stem,Dice,0.16576902520248324
sub-940808,ses-3mo,16,Brain-Stem,IoU,0.09037521854126507
sub-940808,ses-3mo,16,Brain-Stem,Hausdorff,42.20189569201838
sub-940808,ses-3mo,16,Brain-Stem,HD95,33.778690338134766
sub-940808,ses-3mo,16,Brain-Stem,MI,0.001072045942656559
sub-940808,ses-3mo,16,Brain-Stem,NMI,0.08651288421650634
sub-940808,ses-3mo,50,Right-Caudate,Dice,0.15154497146231058
sub-940808,ses-3mo,50,Right-Caudate,IoU,0.081984667802385
sub-940808,ses-3mo,50,Right-Caudate,Hausdorff,13.19090595827292
sub-940808,ses-3mo,50,Right-Caudate,HD95,7.071067810058594
sub-940808,ses-3mo,50,Right-Caudate,MI,0.0002788887147648875
sub-940808,ses-3mo,50,Right-Caudate,NMI,0.08856436105928385
sub-940808,ses-3mo,31,Left-choroid-plexus,Dice,0.0
sub-940808,ses-3mo,31,Left-choroid-plexus,IoU,0.0
sub-940808,ses-3mo,31,Left-choroid-plexus,Hausdorff,42.76680956068619
sub-940808,ses-3mo,31,Left-choroid-plexus,HD95,31.737180233001705
sub-940808,ses-3mo,31,Left-choroid-plexus,MI,2.5114398117566383e-09
sub-940808,ses-3mo,31,Left-choroid-plexus,NMI,3.0568603454858716e-06
sub-940808,ses-3mo,28,Left-VentralDC,Dice,0.0
sub-940808,ses-3mo,28,Left-VentralDC,IoU,0.0
sub-940808,ses-3mo,28,Left-VentralDC,Hausdorff,22.891046284519195
sub-940808,ses-3mo,28,Left-VentralDC,HD95,18.681541442871094
sub-940808,ses-3mo,28,Left-VentralDC,MI,7.9335744721464e-08
sub-940808,ses-3mo,28,Left-VentralDC,NMI,2.9280089510115185e-05
sub-940808,ses-3mo,15,4th-Ventricle,Dice,0.0
sub-940808,ses-3mo,15,4th-Ventricle,IoU,0.0
sub-940808,ses-3mo,15,4th-Ventricle,Hausdorff,38.57460304397182
sub-940808,ses-3mo,15,4th-Ventricle,HD95,33.372878074645996
sub-940808,ses-3mo,15,4th-Ventricle,MI,1.196881724559542e-08
sub-940808,ses-3mo,15,4th-Ventricle,NMI,1.0626722240409058e-05
sub-940808,ses-3mo,2,Left-Cerebral-White-Matter,Dice,0.4847341358229468
sub-940808,ses-3mo,2,Left-Cerebral-White-Matter,IoU,0.31990038664680653
sub-940808,ses-3mo,2,Left-Cerebral-White-Matter,Hausdorff,39.370039370059054
sub-940808,ses-3mo,2,Left-Cerebral-White-Matter,HD95,18.786962318420333
sub-940808,ses-3mo,2,Left-Cerebral-White-Matter,MI,0.03329179891942999
sub-940808,ses-3mo,2,Left-Cerebral-White-Matter,NMI,0.30473001994487847
sub-940808,ses-3mo,41,Right-Cerebral-White-Matter,Dice,0.4963498732254627
sub-940808,ses-3mo,41,Right-Cerebral-White-Matter,IoU,0.33009665239757413
sub-940808,ses-3mo,41,Right-Cerebral-White-Matter,Hausdorff,29.832867780352597
sub-940808,ses-3mo,41,Right-Cerebral-White-Matter,HD95,10.0
sub-940808,ses-3mo,41,Right-Cerebral-White-Matter,MI,0.03421340923635016
sub-940808,ses-3mo,41,Right-Cerebral-White-Matter,NMI,0.3217733958231295
sub-940808,ses-3mo,14,3rd-Ventricle,Dice,0.008771929824561403
sub-940808,ses-3mo,14,3rd-Ventricle,IoU,0.004405286343612335
sub-940808,ses-3mo,14,3rd-Ventricle,Hausdorff,17.69180601295413
sub-940808,ses-3mo,14,3rd-Ventricle,HD95,13.65461354255676
sub-940808,ses-3mo,14,3rd-Ventricle,MI,2.581584530682759e-06
sub-940808,ses-3mo,14,3rd-Ventricle,NMI,0.003130593677775931
sub-940808,ses-3mo,63,Right-choroid-plexus,Dice,0.0
sub-940808,ses-3mo,63,Right-choroid-plexus,IoU,0.0
sub-940808,ses-3mo,63,Right-choroid-plexus,Hausdorff,69.46941773183363
sub-940808,ses-3mo,63,Right-choroid-plexus,HD95,41.54161911010744
sub-940808,ses-3mo,63,Right-choroid-plexus,MI,2.6734864957164532e-09
sub-940808,ses-3mo,63,Right-choroid-plexus,NMI,3.0460287818549703e-06
sub-940808,ses-3mo,26,Left-Accumbens-area,Dice,0.0
sub-940808,ses-3mo,26,Left-Accumbens-area,IoU,0.0
sub-940808,ses-3mo,26,Left-Accumbens-area,Hausdorff,15.84297951775486
sub-940808,ses-3mo,26,Left-Accumbens-area,HD95,13.371603584289549
sub-940808,ses-3mo,26,Left-Accumbens-area,MI,2.3283330447980205e-09
sub-940808,ses-3mo,26,Left-Accumbens-area,NMI,4.405240292541213e-06
sub-940808,ses-3mo,46,Right-Cerebellum-White-Matter,Dice,0.00010587052035360753
sub-940808,ses-3mo,46,Right-Cerebellum-White-Matter,IoU,5.293806246691371e-05
sub-940808,ses-3mo,46,Right-Cerebellum-White-Matter,Hausdorff,42.49705872175156
sub-940808,ses-3mo,46,Right-Cerebellum-White-Matter,HD95,35.13687515258788
sub-940808,ses-3mo,46,Right-Cerebellum-White-Matter,MI,8.626864386367318e-07
sub-940808,ses-3mo,46,Right-Cerebellum-White-Matter,NMI,8.774281651064721e-05
sub-940808,ses-3mo,7,Left-Cerebellum-White-Matter,Dice,0.0
sub-940808,ses-3mo,7,Left-Cerebellum-White-Matter,IoU,0.0
sub-940808,ses-3mo,7,Left-Cerebellum-White-Matter,Hausdorff,41.0
sub-940808,ses-3mo,7,Left-Cerebellum-White-Matter,HD95,36.37306594848633
sub-940808,ses-3mo,7,Left-Cerebellum-White-Matter,MI,1.0506706920486095e-06
sub-940808,ses-3mo,7,Left-Cerebellum-White-Matter,NMI,0.00011595282313712769
sub-544404,ses-6mo,51,Right-Putamen,Dice,0.39980852082336044
sub-544404,ses-6mo,51,Right-Putamen,IoU,0.2498504247935862
sub-544404,ses-6mo,51,Right-Putamen,Hausdorff,16.97056274847714
sub-544404,ses-6mo,51,Right-Putamen,HD95,10.816654205322266
sub-544404,ses-6mo,51,Right-Putamen,MI,0.0017148205047038249
sub-544404,ses-6mo,51,Right-Putamen,NMI,0.28950954902760145
sub-544404,ses-6mo,42,Right-Cerebral-Cortex,Dice,0.11895137237711308
sub-544404,ses-6mo,42,Right-Cerebral-Cortex,IoU,0.06323673435674758
sub-544404,ses-6mo,42,Right-Cerebral-Cortex,Hausdorff,78.67019766086774
sub-544404,ses-6mo,42,Right-Cerebral-Cortex,HD95,10.488088607788086
sub-544404,ses-6mo,42,Right-Cerebral-Cortex,MI,0.0025905351819398223
sub-544404,ses-6mo,42,Right-Cerebral-Cortex,NMI,0.02224513170140943
sub-544404,ses-6mo,43,Right-Lateral-Ventricle,Dice,0.5521507287593317
sub-544404,ses-6mo,43,Right-Lateral-Ventricle,IoU,0.38135926144175997
sub-544404,ses-6mo,43,Right-Lateral-Ventricle,Hausdorff,24.71841418861655
sub-544404,ses-6mo,43,Right-Lateral-Ventricle,HD95,8.83176040649414
sub-544404,ses-6mo,43,Right-Lateral-Ventricle,MI,0.0034861208379204024
sub-544404,ses-6mo,43,Right-Lateral-Ventricle,NMI,0.4556240990690138
sub-544404,ses-6mo,85,Optic-Chiasm,Dice,0.0
sub-544404,ses-6mo,85,Optic-Chiasm,IoU,0.0
sub-544404,ses-6mo,85,Optic-Chiasm,Hausdorff,21.97726097583591
sub-544404,ses-6mo,85,Optic-Chiasm,HD95,21.118711471557617
sub-544404,ses-6mo,85,Optic-Chiasm,MI,2.485348031029547e-11
sub-544404,ses-6mo,85,Optic-Chiasm,NMI,1.7822921954473748e-07
sub-544404,ses-6mo,62,Right-vessel,Dice,0.0
sub-544404,ses-6mo,62,Right-vessel,IoU,0.0
sub-544404,ses-6mo,62,Right-vessel,Hausdorff,14.52583904633395
sub-544404,ses-6mo,62,Right-vessel,HD95,13.601470947265625
sub-544404,ses-6mo,62,Right-vessel,MI,2.0908331328491157e-10
sub-544404,ses-6mo,62,Right-vessel,NMI,9.205440917895625e-07
sub-544404,ses-6mo,5,Left-Inf-Lat-Vent,Dice,0.05561497326203209
sub-544404,ses-6mo,5,Left-Inf-Lat-Vent,IoU,0.028602860286028604
sub-544404,ses-6mo,5,Left-Inf-Lat-Vent,Hausdorff,24.351591323771842
sub-544404,ses-6mo,5,Left-Inf-Lat-Vent,HD95,22.01022157669067
sub-544404,ses-6mo,5,Left-Inf-Lat-Vent,MI,2.1052721919239714e-05
sub-544404,ses-6mo,5,Left-Inf-Lat-Vent,NMI,0.03059258820610866
sub-544404,ses-6mo,58,Right-Accumbens-area,Dice,0.0
sub-544404,ses-6mo,58,Right-Accumbens-area,IoU,0.0
sub-544404,ses-6mo,58,Right-Accumbens-area,Hausdorff,12.529964086141668
sub-544404,ses-6mo,58,Right-Accumbens-area,HD95,10.049875259399414
sub-544404,ses-6mo,58,Right-Accumbens-area,MI,2.6463830516207246e-09
sub-544404,ses-6mo,58,Right-Accumbens-area,NMI,4.724913783428836e-06
sub-544404,ses-6mo,17,Left-Hippocampus,Dice,0.0003723701359150996
sub-544404,ses-6mo,17,Left-Hippocampus,IoU,0.00018621973929236498
sub-544404,ses-6mo,17,Left-Hippocampus,Hausdorff,25.495097567963924
sub-544404,ses-6mo,17,Left-Hippocampus,HD95,20.113423728942863
sub-544404,ses-6mo,17,Left-Hippocampus,MI,7.184548342305465e-10
sub-544404,ses-6mo,17,Left-Hippocampus,NMI,2.1835649162894227e-07
sub-544404,ses-6mo,53,Right-Hippocampus,Dice,0.0
sub-544404,ses-6mo,53,Right-Hippocampus,IoU,0.0
sub-544404,ses-6mo,53,Right-Hippocampus,Hausdorff,29.068883707497267
sub-544404,ses-6mo,53,Right-Hippocampus,HD95,21.470911026000977
sub-544404,ses-6mo,53,Right-Hippocampus,MI,1.2214781054003566e-07
sub-544404,ses-6mo,53,Right-Hippocampus,NMI,3.680811345937166e-05
sub-544404,ses-6mo,10,Left-Thalamus,Dice,0.5306561945781606
sub-544404,ses-6mo,10,Left-Thalamus,IoU,0.3611518234330546
sub-544404,ses-6mo,10,Left-Thalamus,Hausdorff,18.275666882497067
sub-544404,ses-6mo,10,Left-Thalamus,HD95,12.0
sub-544404,ses-6mo,10,Left-Thalamus,MI,0.0034275375018314696
sub-544404,ses-6mo,10,Left-Thalamus,NMI,0.4017527319469056
sub-544404,ses-6mo,12,Left-Putamen,Dice,0.42043464826449684
sub-544404,ses-6mo,12,Left-Putamen,IoU,0.2661711006781429
sub-544404,ses-6mo,12,Left-Putamen,Hausdorff,17.578395831246947
sub-544404,ses-6mo,12,Left-Putamen,HD95,10.677078247070312
sub-544404,ses-6mo,12,Left-Putamen,MI,0.0017261618919450742
sub-544404,ses-6mo,12,Left-Putamen,NMI,0.3109169809147078
sub-544404,ses-6mo,52,Right-Pallidum,Dice,0.15861214374225527
sub-544404,ses-6mo,52,Right-Pallidum,IoU,0.08613728129205922
sub-544404,ses-6mo,52,Right-Pallidum,Hausdorff,11.489125293076057
sub-544404,ses-6mo,52,Right-Pallidum,HD95,8.66025447845459
sub-544404,ses-6mo,52,Right-Pallidum,MI,0.00016044219919322036
sub-544404,ses-6mo,52,Right-Pallidum,NMI,0.09879056619844581
sub-544404,ses-6mo,8,Left-Cerebellum-Cortex,Dice,0.1369472822491113
sub-544404,ses-6mo,8,Left-Cerebellum-Cortex,IoU,0.07350692814234293
sub-544404,ses-6mo,8,Left-Cerebellum-Cortex,Hausdorff,55.08175741568164
sub-544404,ses-6mo,8,Left-Cerebellum-Cortex,HD95,21.21320343017578
sub-544404,ses-6mo,8,Left-Cerebellum-Cortex,MI,0.0019758434613167362
sub-544404,ses-6mo,8,Left-Cerebellum-Cortex,NMI,0.05282643137196962
sub-544404,ses-6mo,11,Left-Caudate,Dice,0.5080272707279525
sub-544404,ses-6mo,11,Left-Caudate,IoU,0.3405070754716981
sub-544404,ses-6mo,11,Left-Caudate,Hausdorff,10.295630140987
sub-544404,ses-6mo,11,Left-Caudate,HD95,4.123105525970459
sub-544404,ses-6mo,11,Left-Caudate,MI,0.0011249610755664947
sub-544404,ses-6mo,11,Left-Caudate,NMI,0.39445658607625717
sub-544404,ses-6mo,3,Left-Cerebral-Cortex,Dice,0.14429236963292966
sub-544404,ses-6mo,3,Left-Cerebral-Cortex,IoU,0.07775598228498297
sub-544404,ses-6mo,3,Left-Cerebral-Cortex,Hausdorff,34.26368339802363
sub-544404,ses-6mo,3,Left-Cerebral-Cortex,HD95,9.05538558959961
sub-544404,ses-6mo,3,Left-Cerebral-Cortex,MI,0.0038462685651732866
sub-544404,ses-6mo,3,Left-Cerebral-Cortex,NMI,0.03216510820122169
sub-544404,ses-6mo,4,Left-Lateral-Ventricle,Dice,0.6729989327641409
sub-544404,ses-6mo,4,Left-Lateral-Ventricle,IoU,0.5071577931478205
sub-544404,ses-6mo,4,Left-Lateral-Ventricle,Hausdorff,14.491376746189438
sub-544404,ses-6mo,4,Left-Lateral-Ventricle,HD95,5.916079998016357
sub-544404,ses-6mo,4,Left-Lateral-Ventricle,MI,0.005543203410137433
sub-544404,ses-6mo,4,Left-Lateral-Ventricle,NMI,0.5605943776966409
sub-544404,ses-6mo,18,Left-Amygdala,Dice,0.0
sub-544404,ses-6mo,18,Left-Amygdala,IoU,0.0
sub-544404,ses-6mo,18,Left-Amygdala,Hausdorff,26.90724809414742
sub-544404,ses-6mo,18,Left-Amygdala,HD95,24.520360469818115
sub-544404,ses-6mo,18,Left-Amygdala,MI,2.52026818969419e-08
sub-544404,ses-6mo,18,Left-Amygdala,NMI,1.5441033662637832e-05
sub-544404,ses-6mo,44,Right-Inf-Lat-Vent,Dice,0.0
sub-544404,ses-6mo,44,Right-Inf-Lat-Vent,IoU,0.0
sub-544404,ses-6mo,44,Right-Inf-Lat-Vent,Hausdorff,26.739483914241877
sub-544404,ses-6mo,44,Right-Inf-Lat-Vent,HD95,22.709026718139647
sub-544404,ses-6mo,44,Right-Inf-Lat-Vent,MI,3.5180134230294955e-09
sub-544404,ses-6mo,44,Right-Inf-Lat-Vent,NMI,5.524306303925196e-06
sub-544404,ses-6mo,47,Right-Cerebellum-Cortex,Dice,0.14434722206661663
sub-544404,ses-6mo,47,Right-Cerebellum-Cortex,IoU,0.07778784036708326
sub-544404,ses-6mo,47,Right-Cerebellum-Cortex,Hausdorff,28.809720581775867
sub-544404,ses-6mo,47,Right-Cerebellum-Cortex,HD95,20.832666397094727
sub-544404,ses-6mo,47,Right-Cerebellum-Cortex,MI,0.002131835533435423
sub-544404,ses-6mo,47,Right-Cerebellum-Cortex,NMI,0.0569310855267405
sub-544404,ses-6mo,13,Left-Pallidum,Dice,0.207088255733148
sub-544404,ses-6mo,13,Left-Pallidum,IoU,0.11550387596899225
sub-544404,ses-6mo,13,Left-Pallidum,Hausdorff,11.313708498984761
sub-544404,ses-6mo,13,Left-Pallidum,HD95,8.602325439453125
sub-544404,ses-6mo,13,Left-Pallidum,MI,0.0002546408550204001
sub-544404,ses-6mo,13,Left-Pallidum,NMI,0.13421674825552354
sub-544404,ses-6mo,60,Right-VentralDC,Dice,0.05948905109489051
sub-544404,ses-6mo,60,Right-VentralDC,IoU,0.030656385179612562
sub-544404,ses-6mo,60,Right-VentralDC,Hausdorff,16.64331697709324
sub-544404,ses-6mo,60,Right-VentralDC,HD95,13.601470947265625
sub-544404,ses-6mo,60,Right-VentralDC,MI,9.302723182640652e-05
sub-544404,ses-6mo,60,Right-VentralDC,NMI,0.02761926711031614
sub-544404,ses-6mo,49,Right-Thalamus,Dice,0.5066613108388566
sub-544404,ses-6mo,49,Right-Thalamus,IoU,0.3392809109656595
sub-544404,ses-6mo,49,Right-Thalamus,Hausdorff,17.97220075561143
sub-544404,ses-6mo,49,Right-Thalamus,HD95,12.373352718353267
sub-544404,ses-6mo,49,Right-Thalamus,MI,0.003078781485042152
sub-544404,ses-6mo,49,Right-Thalamus,NMI,0.37872862065122276
sub-544404,ses-6mo,54,Right-Amygdala,Dice,0.0
sub-544404,ses-6mo,54,Right-Amygdala,IoU,0.0
sub-544404,ses-6mo,54,Right-Amygdala,Hausdorff,27.65863337187866
sub-544404,ses-6mo,54,Right-Amygdala,HD95,23.59024477005005
sub-544404,ses-6mo,54,Right-Amygdala,MI,3.0613766723247907e-08
sub-544404,ses-6mo,54,Right-Amygdala,NMI,1.6997745969381796e-05
sub-544404,ses-6mo,24,CSF,Dice,0.0017060721952883973
sub-544404,ses-6mo,24,CSF,IoU,0.0008537643894873145
sub-544404,ses-6mo,24,CSF,Hausdorff,90.87904048789248
sub-544404,ses-6mo,24,CSF,HD95,75.23961639404297
sub-544404,ses-6mo,24,CSF,MI,4.922332541801793e-05
sub-544404,ses-6mo,24,CSF,NMI,0.0005033723778739113
sub-544404,ses-6mo,16,Brain-Stem,Dice,0.3554634979468731
sub-544404,ses-6mo,16,Brain-Stem,IoU,0.2161481350539155
sub-544404,ses-6mo,16,Brain-Stem,Hausdorff,28.809720581775867
sub-544404,ses-6mo,16,Brain-Stem,HD95,23.76972770690918
sub-544404,ses-6mo,16,Brain-Stem,MI,0.0032023017044951634
sub-544404,ses-6mo,16,Brain-Stem,NMI,0.23231705698828725
sub-544404,ses-6mo,50,Right-Caudate,Dice,0.6098765432098765
sub-544404,ses-6mo,50,Right-Caudate,IoU,0.43872113676731794
sub-544404,ses-6mo,50,Right-Caudate,Hausdorff,8.18535277187245
sub-544404,ses-6mo,50,Right-Caudate,HD95,3.1622776985168457
sub-544404,ses-6mo,50,Right-Caudate,MI,0.0015054957308821579
sub-544404,ses-6mo,50,Right-Caudate,NMI,0.4976619375391368
sub-544404,ses-6mo,30,Left-vessel,Dice,0.0
sub-544404,ses-6mo,30,Left-vessel,IoU,0.0
sub-544404,ses-6mo,30,Left-vessel,Hausdorff,16.24807680927192
sub-544404,ses-6mo,30,Left-vessel,HD95,14.357906818389894
sub-544404,ses-6mo,30,Left-vessel,MI,1.8000812511854026e-10
sub-544404,ses-6mo,30,Left-vessel,NMI,6.062571166982484e-07
sub-544404,ses-6mo,31,Left-choroid-plexus,Dice,0.0026720106880427524
sub-544404,ses-6mo,31,Left-choroid-plexus,IoU,0.0013377926421404682
sub-544404,ses-6mo,31,Left-choroid-plexus,Hausdorff,18.275666882497067
sub-544404,ses-6mo,31,Left-choroid-plexus,HD95,9.726139926910395
sub-544404,ses-6mo,31,Left-choroid-plexus,MI,6.644063082231402e-07
sub-544404,ses-6mo,31,Left-choroid-plexus,NMI,0.0006333440806124179
sub-544404,ses-6mo,28,Left-VentralDC,Dice,0.041739740441950196
sub-544404,ses-6mo,28,Left-VentralDC,IoU,0.021314705355543615
sub-544404,ses-6mo,28,Left-VentralDC,Hausdorff,18.973665961010276
sub-544404,ses-6mo,28,Left-VentralDC,HD95,14.456831932067871
sub-544404,ses-6mo,28,Left-VentralDC,MI,6.136527471977543e-05
sub-544404,ses-6mo,28,Left-VentralDC,NMI,0.017599788853689055
sub-544404,ses-6mo,15,4th-Ventricle,Dice,0.0
sub-544404,ses-6mo,15,4th-Ventricle,IoU,0.0
sub-544404,ses-6mo,15,4th-Ventricle,Hausdorff,32.66496594212215
sub-544404,ses-6mo,15,4th-Ventricle,HD95,27.23416881561279
sub-544404,ses-6mo,15,4th-Ventricle,MI,3.9715187550258806e-08
sub-544404,ses-6mo,15,4th-Ventricle,NMI,1.8776917671262304e-05
sub-544404,ses-6mo,2,Left-Cerebral-White-Matter,Dice,0.5821941977703201
sub-544404,ses-6mo,2,Left-Cerebral-White-Matter,IoU,0.41063042403603206
sub-544404,ses-6mo,2,Left-Cerebral-White-Matter,Hausdorff,30.495901363953813
sub-544404,ses-6mo,2,Left-Cerebral-White-Matter,HD95,6.0
sub-544404,ses-6mo,2,Left-Cerebral-White-Matter,MI,0.05114805378745218
sub-544404,ses-6mo,2,Left-Cerebral-White-Matter,NMI,0.4006068044335637
sub-544404,ses-6mo,41,Right-Cerebral-White-Matter,Dice,0.5695061961971432
sub-544404,ses-6mo,41,Right-Cerebral-White-Matter,IoU,0.39811860399755317
sub-544404,ses-6mo,41,Right-Cerebral-White-Matter,Hausdorff,27.313000567495326
sub-544404,ses-6mo,41,Right-Cerebral-White-Matter,HD95,7.348469257354736
sub-544404,ses-6mo,41,Right-Cerebral-White-Matter,MI,0.05055956581578989
sub-544404,ses-6mo,41,Right-Cerebral-White-Matter,NMI,0.3877203006892992
sub-544404,ses-6mo,14,3rd-Ventricle,Dice,0.20767649074708705
sub-544404,ses-6mo,14,3rd-Ventricle,IoU,0.1158699808795411
sub-544404,ses-6mo,14,3rd-Ventricle,Hausdorff,12.884098726725126
sub-544404,ses-6mo,14,3rd-Ventricle,HD95,8.384402179718002
sub-544404,ses-6mo,14,3rd-Ventricle,MI,0.00027372862557710953
sub-544404,ses-6mo,14,3rd-Ventricle,NMI,0.14441452528941442
sub-544404,ses-6mo,63,Right-choroid-plexus,Dice,0.0
sub-544404,ses-6mo,63,Right-choroid-plexus,IoU,0.0
sub-544404,ses-6mo,63,Right-choroid-plexus,Hausdorff,38.63935817272331
sub-544404,ses-6mo,63,Right-choroid-plexus,HD95,9.792829370498662
sub-544404,ses-6mo,63,Right-choroid-plexus,MI,1.0832690081297126e-08
sub-544404,ses-6mo,63,Right-choroid-plexus,NMI,1.0046758412682379e-05
sub-544404,ses-6mo,26,Left-Accumbens-area,Dice,0.0
sub-544404,ses-6mo,26,Left-Accumbens-area,IoU,0.0
sub-544404,ses-6mo,26,Left-Accumbens-area,Hausdorff,13.45362404707371
sub-544404,ses-6mo,26,Left-Accumbens-area,HD95,10.816654205322266
sub-544404,ses-6mo,26,Left-Accumbens-area,MI,3.1814925656117746e-09
sub-544404,ses-6mo,26,Left-Accumbens-area,NMI,5.208036091444312e-06
sub-544404,ses-6mo,46,Right-Cerebellum-White-Matter,Dice,0.02767000204206657
sub-544404,ses-6mo,46,Right-Cerebellum-White-Matter,IoU,0.014029093544546255
sub-544404,ses-6mo,46,Right-Cerebellum-White-Matter,Hausdorff,30.54504869860253
sub-544404,ses-6mo,46,Right-Cerebellum-White-Matter,HD95,19.339078903198242
sub-544404,ses-6mo,46,Right-Cerebellum-White-Matter,MI,8.431613196888799e-05
sub-544404,ses-6mo,46,Right-Cerebellum-White-Matter,NMI,0.008259282095613945
sub-544404,ses-6mo,7,Left-Cerebellum-White-Matter,Dice,0.02545736133965734
sub-544404,ses-6mo,7,Left-Cerebellum-White-Matter,IoU,0.012892788862199127
sub-544404,ses-6mo,7,Left-Cerebellum-White-Matter,Hausdorff,29.017236257093817
sub-544404,ses-6mo,7,Left-Cerebellum-White-Matter,HD95,19.92485809326172
sub-544404,ses-6mo,7,Left-Cerebellum-White-Matter,MI,7.948730846606258e-05
sub-544404,ses-6mo,7,Left-Cerebellum-White-Matter,NMI,0.007465114101362562
sub-584381,ses-4mo,51,Right-Putamen,Dice,0.11086583272013735
sub-584381,ses-4mo,51,Right-Putamen,IoU,0.05868605556998182
sub-584381,ses-4mo,51,Right-Putamen,Hausdorff,13.784048752090222
sub-584381,ses-4mo,51,Right-Putamen,HD95,11.180339813232422
sub-584381,ses-4mo,51,Right-Putamen,MI,0.00028308585531640405
sub-584381,ses-4mo,51,Right-Putamen,NMI,0.05950265044037389
sub-584381,ses-4mo,42,Right-Cerebral-Cortex,Dice,0.16546561839452517
sub-584381,ses-4mo,42,Right-Cerebral-Cortex,IoU,0.09019488544538454
sub-584381,ses-4mo,42,Right-Cerebral-Cortex,Hausdorff,40.54626986542659
sub-584381,ses-4mo,42,Right-Cerebral-Cortex,HD95,15.68438720703125
sub-584381,ses-4mo,42,Right-Cerebral-Cortex,MI,0.004635103171670599
sub-584381,ses-4mo,42,Right-Cerebral-Cortex,NMI,0.04770242686558468
sub-584381,ses-4mo,43,Right-Lateral-Ventricle,Dice,0.07798591736415571
sub-584381,ses-4mo,43,Right-Lateral-Ventricle,IoU,0.04057510195617613
sub-584381,ses-4mo,43,Right-Lateral-Ventricle,Hausdorff,25.019992006393608
sub-584381,ses-4mo,43,Right-Lateral-Ventricle,HD95,13.601470947265625
sub-584381,ses-4mo,43,Right-Lateral-Ventricle,MI,0.0003059081090769513
sub-584381,ses-4mo,43,Right-Lateral-Ventricle,NMI,0.03802051637633007
sub-584381,ses-4mo,5,Left-Inf-Lat-Vent,Dice,0.0
sub-584381,ses-4mo,5,Left-Inf-Lat-Vent,IoU,0.0
sub-584381,ses-4mo,5,Left-Inf-Lat-Vent,Hausdorff,29.410882339705484
sub-584381,ses-4mo,5,Left-Inf-Lat-Vent,HD95,27.302927875518797
sub-584381,ses-4mo,5,Left-Inf-Lat-Vent,MI,2.2462701380351153e-09
sub-584381,ses-4mo,5,Left-Inf-Lat-Vent,NMI,3.6167411214377344e-06
sub-584381,ses-4mo,58,Right-Accumbens-area,Dice,0.0
sub-584381,ses-4mo,58,Right-Accumbens-area,IoU,0.0
sub-584381,ses-4mo,58,Right-Accumbens-area,Hausdorff,14.798648586948742
sub-584381,ses-4mo,58,Right-Accumbens-area,HD95,13.026865959167479
sub-584381,ses-4mo,58,Right-Accumbens-area,MI,1.1263373444103837e-09
sub-584381,ses-4mo,58,Right-Accumbens-area,NMI,2.9429117435467273e-06
sub-584381,ses-4mo,17,Left-Hippocampus,Dice,0.0
sub-584381,ses-4mo,17,Left-Hippocampus,IoU,0.0
sub-584381,ses-4mo,17,Left-Hippocampus,Hausdorff,30.805843601498726
sub-584381,ses-4mo,17,Left-Hippocampus,HD95,26.372318267822266
sub-584381,ses-4mo,17,Left-Hippocampus,MI,1.1119175370797717e-07
sub-584381,ses-4mo,17,Left-Hippocampus,NMI,3.406971912446481e-05
sub-584381,ses-4mo,53,Right-Hippocampus,Dice,0.016835850458034166
sub-584381,ses-4mo,53,Right-Hippocampus,IoU,0.008489388264669164
sub-584381,ses-4mo,53,Right-Hippocampus,Hausdorff,28.653097563788805
sub-584381,ses-4mo,53,Right-Hippocampus,HD95,24.103940963745117
sub-584381,ses-4mo,53,Right-Hippocampus,MI,1.5188110842227531e-05
sub-584381,ses-4mo,53,Right-Hippocampus,NMI,0.005944464446032003
sub-584381,ses-4mo,10,Left-Thalamus,Dice,0.0
sub-584381,ses-4mo,10,Left-Thalamus,IoU,0.0
sub-584381,ses-4mo,10,Left-Thalamus,Hausdorff,24.596747752497688
sub-584381,ses-4mo,10,Left-Thalamus,HD95,21.118711471557617
sub-584381,ses-4mo,10,Left-Thalamus,MI,7.052135508763512e-07
sub-584381,ses-4mo,10,Left-Thalamus,NMI,0.00010363575813136226
sub-584381,ses-4mo,12,Left-Putamen,Dice,0.0002774694783573807
sub-584381,ses-4mo,12,Left-Putamen,IoU,0.00013875398917718884
sub-584381,ses-4mo,12,Left-Putamen,Hausdorff,26.476404589747453
sub-584381,ses-4mo,12,Left-Putamen,HD95,21.772689247131343
sub-584381,ses-4mo,12,Left-Putamen,MI,1.7810200637905393e-08
sub-584381,ses-4mo,12,Left-Putamen,NMI,4.176122158460503e-06
sub-584381,ses-4mo,52,Right-Pallidum,Dice,0.0
sub-584381,ses-4mo,52,Right-Pallidum,IoU,0.0
sub-584381,ses-4mo,52,Right-Pallidum,Hausdorff,14.317821063276353
sub-584381,ses-4mo,52,Right-Pallidum,HD95,12.895689105987538
sub-584381,ses-4mo,52,Right-Pallidum,MI,1.9366579352188013e-08
sub-584381,ses-4mo,52,Right-Pallidum,NMI,1.3563768257196206e-05
sub-584381,ses-4mo,8,Left-Cerebellum-Cortex,Dice,0.0
sub-584381,ses-4mo,8,Left-Cerebellum-Cortex,IoU,0.0
sub-584381,ses-4mo,8,Left-Cerebellum-Cortex,Hausdorff,46.010868281309364
sub-584381,ses-4mo,8,Left-Cerebellum-Cortex,HD95,40.17150592803955
sub-584381,ses-4mo,8,Left-Cerebellum-Cortex,MI,5.746783084850486e-06
sub-584381,ses-4mo,8,Left-Cerebellum-Cortex,NMI,0.00033030795668101285
sub-584381,ses-4mo,11,Left-Caudate,Dice,0.0038674033149171273
sub-584381,ses-4mo,11,Left-Caudate,IoU,0.0019374481040686411
sub-584381,ses-4mo,11,Left-Caudate,Hausdorff,24.73863375370596
sub-584381,ses-4mo,11,Left-Caudate,HD95,19.55751914978027
sub-584381,ses-4mo,11,Left-Caudate,MI,1.7511376486321257e-06
sub-584381,ses-4mo,11,Left-Caudate,NMI,0.0007519927067524102
sub-584381,ses-4mo,3,Left-Cerebral-Cortex,Dice,0.14035707501108152
sub-584381,ses-4mo,3,Left-Cerebral-Cortex,IoU,0.07547528244537478
sub-584381,ses-4mo,3,Left-Cerebral-Cortex,Hausdorff,61.91122676865643
sub-584381,ses-4mo,3,Left-Cerebral-Cortex,HD95,35.482391357421875
sub-584381,ses-4mo,3,Left-Cerebral-Cortex,MI,0.0035370650229435696
sub-584381,ses-4mo,3,Left-Cerebral-Cortex,NMI,0.03516523654929346
sub-584381,ses-4mo,4,Left-Lateral-Ventricle,Dice,0.007654129043831849
sub-584381,ses-4mo,4,Left-Lateral-Ventricle,IoU,0.0038417672129179422
sub-584381,ses-4mo,4,Left-Lateral-Ventricle,Hausdorff,57.4978260458602
sub-584381,ses-4mo,4,Left-Lateral-Ventricle,HD95,32.31098937988281
sub-584381,ses-4mo,4,Left-Lateral-Ventricle,MI,1.3026848417697974e-05
sub-584381,ses-4mo,4,Left-Lateral-Ventricle,NMI,0.0014888314665834326
sub-584381,ses-4mo,18,Left-Amygdala,Dice,0.0
sub-584381,ses-4mo,18,Left-Amygdala,IoU,0.0
sub-584381,ses-4mo,18,Left-Amygdala,Hausdorff,29.171904291629644
sub-584381,ses-4mo,18,Left-Amygdala,HD95,26.476404190063477
sub-584381,ses-4mo,18,Left-Amygdala,MI,1.5838078524133166e-08
sub-584381,ses-4mo,18,Left-Amygdala,NMI,1.1180568635200024e-05
sub-584381,ses-4mo,44,Right-Inf-Lat-Vent,Dice,0.0
sub-584381,ses-4mo,44,Right-Inf-Lat-Vent,IoU,0.0
sub-584381,ses-4mo,44,Right-Inf-Lat-Vent,Hausdorff,27.2213151776324
sub-584381,ses-4mo,44,Right-Inf-Lat-Vent,HD95,24.107051181793214
sub-584381,ses-4mo,44,Right-Inf-Lat-Vent,MI,1.4415509504140094e-09
sub-584381,ses-4mo,44,Right-Inf-Lat-Vent,NMI,3.114597037186774e-06
sub-584381,ses-4mo,47,Right-Cerebellum-Cortex,Dice,0.00013694174840377275
sub-584381,ses-4mo,47,Right-Cerebellum-Cortex,IoU,6.847556278353162e-05
sub-584381,ses-4mo,47,Right-Cerebellum-Cortex,Hausdorff,53.94441583704471
sub-584381,ses-4mo,47,Right-Cerebellum-Cortex,HD95,43.703548431396484
sub-584381,ses-4mo,47,Right-Cerebellum-Cortex,MI,1.3183343054743025e-05
sub-584381,ses-4mo,47,Right-Cerebellum-Cortex,NMI,0.0005027715100380957
sub-584381,ses-4mo,13,Left-Pallidum,Dice,0.0
sub-584381,ses-4mo,13,Left-Pallidum,IoU,0.0
sub-584381,ses-4mo,13,Left-Pallidum,Hausdorff,20.12461179749811
sub-584381,ses-4mo,13,Left-Pallidum,HD95,17.37814712524414
sub-584381,ses-4mo,13,Left-Pallidum,MI,1.779811509137379e-08
sub-584381,ses-4mo,13,Left-Pallidum,NMI,1.3306522217713909e-05
sub-584381,ses-4mo,60,Right-VentralDC,Dice,0.0
sub-584381,ses-4mo,60,Right-VentralDC,IoU,0.0
sub-584381,ses-4mo,60,Right-VentralDC,Hausdorff,21.61018278497431
sub-584381,ses-4mo,60,Right-VentralDC,HD95,18.384777069091797
sub-584381,ses-4mo,60,Right-VentralDC,MI,6.516456152092474e-08
sub-584381,ses-4mo,60,Right-VentralDC,NMI,2.5850668671447637e-05
sub-584381,ses-4mo,49,Right-Thalamus,Dice,0.09652408746406481
sub-584381,ses-4mo,49,Right-Thalamus,IoU,0.05070938215102975
sub-584381,ses-4mo,49,Right-Thalamus,Hausdorff,20.97617696340303
sub-584381,ses-4mo,49,Right-Thalamus,HD95,15.956145477294905
sub-584381,ses-4mo,49,Right-Thalamus,MI,0.00030015296843527645
sub-584381,ses-4mo,49,Right-Thalamus,NMI,0.04642584060990659
sub-584381,ses-4mo,54,Right-Amygdala,Dice,0.0
sub-584381,ses-4mo,54,Right-Amygdala,IoU,0.0
sub-584381,ses-4mo,54,Right-Amygdala,Hausdorff,27.440845468024488
sub-584381,ses-4mo,54,Right-Amygdala,HD95,25.88813667297362
sub-584381,ses-4mo,54,Right-Amygdala,MI,1.1915563116976589e-08
sub-584381,ses-4mo,54,Right-Amygdala,NMI,1.0070970842899954e-05
sub-584381,ses-4mo,24,CSF,Dice,0.0
sub-584381,ses-4mo,24,CSF,IoU,0.0
sub-584381,ses-4mo,24,CSF,Hausdorff,93.4558719396486
sub-584381,ses-4mo,24,CSF,HD95,80.7527084350586
sub-584381,ses-4mo,24,CSF,MI,4.123257073374728e-09
sub-584381,ses-4mo,24,CSF,NMI,6.227251944930638e-08
sub-584381,ses-4mo,16,Brain-Stem,Dice,0.005329070077271516
sub-584381,ses-4mo,16,Brain-Stem,IoU,0.0026716537536735237
sub-584381,ses-4mo,16,Brain-Stem,Hausdorff,48.80573736764972
sub-584381,ses-4mo,16,Brain-Stem,HD95,42.892886352539044
sub-584381,ses-4mo,16,Brain-Stem,MI,4.637185264474812e-06
sub-584381,ses-4mo,16,Brain-Stem,NMI,0.0004672719695461634
sub-584381,ses-4mo,50,Right-Caudate,Dice,0.08833768494342907
sub-584381,ses-4mo,50,Right-Caudate,IoU,0.04620987935351696
sub-584381,ses-4mo,50,Right-Caudate,Hausdorff,12.806248474865697
sub-584381,ses-4mo,50,Right-Caudate,HD95,9.110433578491211
sub-584381,ses-4mo,50,Right-Caudate,MI,0.00013468167707558374
sub-584381,ses-4mo,50,Right-Caudate,NMI,0.0469139804843077
sub-584381,ses-4mo,31,Left-choroid-plexus,Dice,0.0
sub-584381,ses-4mo,31,Left-choroid-plexus,IoU,0.0
sub-584381,ses-4mo,31,Left-choroid-plexus,Hausdorff,56.859475903318
sub-584381,ses-4mo,31,Left-choroid-plexus,HD95,40.224369049072266
sub-584381,ses-4mo,31,Left-choroid-plexus,MI,1.6180117489968462e-09
sub-584381,ses-4mo,31,Left-choroid-plexus,NMI,1.6478422359230617e-06
sub-584381,ses-4mo,28,Left-VentralDC,Dice,0.0
sub-584381,ses-4mo,28,Left-VentralDC,IoU,0.0
sub-584381,ses-4mo,28,Left-VentralDC,Hausdorff,24.041630560342615
sub-584381,ses-4mo,28,Left-VentralDC,HD95,20.099750518798828
sub-584381,ses-4mo,28,Left-VentralDC,MI,4.6093165011640725e-08
sub-584381,ses-4mo,28,Left-VentralDC,NMI,2.2525727477073297e-05
sub-584381,ses-4mo,15,4th-Ventricle,Dice,0.0
sub-584381,ses-4mo,15,4th-Ventricle,IoU,0.0
sub-584381,ses-4mo,15,4th-Ventricle,Hausdorff,50.0999001995014
sub-584381,ses-4mo,15,4th-Ventricle,HD95,44.90211029052734
sub-584381,ses-4mo,15,4th-Ventricle,MI,1.5771472192626073e-08
sub-584381,ses-4mo,15,4th-Ventricle,NMI,1.2171844673447774e-05
sub-584381,ses-4mo,2,Left-Cerebral-White-Matter,Dice,0.4090656497592498
sub-584381,ses-4mo,2,Left-Cerebral-White-Matter,IoU,0.2571228974327869
sub-584381,ses-4mo,2,Left-Cerebral-White-Matter,Hausdorff,62.465990746965666
sub-584381,ses-4mo,2,Left-Cerebral-White-Matter,HD95,36.08323669433594
sub-584381,ses-4mo,2,Left-Cerebral-White-Matter,MI,0.02320387125824682
sub-584381,ses-4mo,2,Left-Cerebral-White-Matter,NMI,0.23269572688827211
sub-584381,ses-4mo,41,Right-Cerebral-White-Matter,Dice,0.4579564147909472
sub-584381,ses-4mo,41,Right-Cerebral-White-Matter,IoU,0.29698020158675514
sub-584381,ses-4mo,41,Right-Cerebral-White-Matter,Hausdorff,38.48376280978771
sub-584381,ses-4mo,41,Right-Cerebral-White-Matter,HD95,13.379088401794434
sub-584381,ses-4mo,41,Right-Cerebral-White-Matter,MI,0.030345384174345943
sub-584381,ses-4mo,41,Right-Cerebral-White-Matter,NMI,0.2879516374024061
sub-584381,ses-4mo,14,3rd-Ventricle,Dice,0.0
sub-584381,ses-4mo,14,3rd-Ventricle,IoU,0.0
sub-584381,ses-4mo,14,3rd-Ventricle,Hausdorff,17.916472867168917
sub-584381,ses-4mo,14,3rd-Ventricle,HD95,15.231546401977539
sub-584381,ses-4mo,14,3rd-Ventricle,MI,6.039234901473707e-09
sub-584381,ses-4mo,14,3rd-Ventricle,NMI,7.141801352904586e-06
sub-584381,ses-4mo,26,Left-Accumbens-area,Dice,0.0
sub-584381,ses-4mo,26,Left-Accumbens-area,IoU,0.0
sub-584381,ses-4mo,26,Left-Accumbens-area,Hausdorff,15.0
sub-584381,ses-4mo,26,Left-Accumbens-area,HD95,12.971110820770264
sub-584381,ses-4mo,26,Left-Accumbens-area,MI,1.2667099510965934e-09
sub-584381,ses-4mo,26,Left-Accumbens-area,NMI,3.0580801471712447e-06
sub-584381,ses-4mo,46,Right-Cerebellum-White-Matter,Dice,0.0
sub-584381,ses-4mo,46,Right-Cerebellum-White-Matter,IoU,0.0
sub-584381,ses-4mo,46,Right-Cerebellum-White-Matter,Hausdorff,46.3033476111609
sub-584381,ses-4mo,46,Right-Cerebellum-White-Matter,HD95,40.755367279052734
sub-584381,ses-4mo,46,Right-Cerebellum-White-Matter,MI,6.446407743261259e-07
sub-584381,ses-4mo,46,Right-Cerebellum-White-Matter,NMI,9.759843302987488e-05
sub-584381,ses-4mo,7,Left-Cerebellum-White-Matter,Dice,0.0
sub-584381,ses-4mo,7,Left-Cerebellum-White-Matter,IoU,0.0
sub-584381,ses-4mo,7,Left-Cerebellum-White-Matter,Hausdorff,48.373546489791295
sub-584381,ses-4mo,7,Left-Cerebellum-White-Matter,HD95,41.19466018676758
sub-584381,ses-4mo,7,Left-Cerebellum-White-Matter,MI,5.044346590922684e-07
sub-584381,ses-4mo,7,Left-Cerebellum-White-Matter,NMI,8.519393664527552e-05
sub-206192,ses-3mo,51,Right-Putamen,Dice,0.20108018280016618
sub-206192,ses-3mo,51,Right-Putamen,IoU,0.1117782909930716
sub-206192,ses-3mo,51,Right-Putamen,Hausdorff,19.235384061671343
sub-206192,ses-3mo,51,Right-Putamen,HD95,13.928388595581055
sub-206192,ses-3mo,51,Right-Putamen,MI,0.0005276464083704372
sub-206192,ses-3mo,51,Right-Putamen,NMI,0.12288974016568935
sub-206192,ses-3mo,42,Right-Cerebral-Cortex,Dice,0.19704378750833518
sub-206192,ses-3mo,42,Right-Cerebral-Cortex,IoU,0.10928928065092769
sub-206192,ses-3mo,42,Right-Cerebral-Cortex,Hausdorff,46.4327470649756
sub-206192,ses-3mo,42,Right-Cerebral-Cortex,HD95,15.29705810546875
sub-206192,ses-3mo,42,Right-Cerebral-Cortex,MI,0.006304052329664956
sub-206192,ses-3mo,42,Right-Cerebral-Cortex,NMI,0.06468079442589367
sub-206192,ses-3mo,43,Right-Lateral-Ventricle,Dice,0.6079147111651891
sub-206192,ses-3mo,43,Right-Lateral-Ventricle,IoU,0.4366935819528844
sub-206192,ses-3mo,43,Right-Lateral-Ventricle,Hausdorff,21.540659228538015
sub-206192,ses-3mo,43,Right-Lateral-Ventricle,HD95,9.433980941772461
sub-206192,ses-3mo,43,Right-Lateral-Ventricle,MI,0.0044936647074628015
sub-206192,ses-3mo,43,Right-Lateral-Ventricle,NMI,0.48832649152603774
sub-206192,ses-3mo,5,Left-Inf-Lat-Vent,Dice,0.009400705052878966
sub-206192,ses-3mo,5,Left-Inf-Lat-Vent,IoU,0.004722550177095631
sub-206192,ses-3mo,5,Left-Inf-Lat-Vent,Hausdorff,59.27900134111572
sub-206192,ses-3mo,5,Left-Inf-Lat-Vent,HD95,21.994245433807368
sub-206192,ses-3mo,5,Left-Inf-Lat-Vent,MI,2.2669143198938512e-06
sub-206192,ses-3mo,5,Left-Inf-Lat-Vent,NMI,0.0035830519893836274
sub-206192,ses-3mo,58,Right-Accumbens-area,Dice,0.0
sub-206192,ses-3mo,58,Right-Accumbens-area,IoU,0.0
sub-206192,ses-3mo,58,Right-Accumbens-area,Hausdorff,15.0
sub-206192,ses-3mo,58,Right-Accumbens-area,HD95,13.175721931457518
sub-206192,ses-3mo,58,Right-Accumbens-area,MI,2.6264007367321398e-09
sub-206192,ses-3mo,58,Right-Accumbens-area,NMI,4.624916330071062e-06
sub-206192,ses-3mo,17,Left-Hippocampus,Dice,0.0
sub-206192,ses-3mo,17,Left-Hippocampus,IoU,0.0
sub-206192,ses-3mo,17,Left-Hippocampus,Hausdorff,27.80287754891569
sub-206192,ses-3mo,17,Left-Hippocampus,HD95,22.43209609985352
sub-206192,ses-3mo,17,Left-Hippocampus,MI,9.945791698919883e-08
sub-206192,ses-3mo,17,Left-Hippocampus,NMI,3.281526269122932e-05
sub-206192,ses-3mo,53,Right-Hippocampus,Dice,0.0
sub-206192,ses-3mo,53,Right-Hippocampus,IoU,0.0
sub-206192,ses-3mo,53,Right-Hippocampus,Hausdorff,26.645825188948457
sub-206192,ses-3mo,53,Right-Hippocampus,HD95,21.424285888671875
sub-206192,ses-3mo,53,Right-Hippocampus,MI,8.5412933874306e-08
sub-206192,ses-3mo,53,Right-Hippocampus,NMI,2.8995818593891744e-05
sub-206192,ses-3mo,10,Left-Thalamus,Dice,0.30648409182440595
sub-206192,ses-3mo,10,Left-Thalamus,IoU,0.18097502972651605
sub-206192,ses-3mo,10,Left-Thalamus,Hausdorff,18.788294228055936
sub-206192,ses-3mo,10,Left-Thalamus,HD95,12.884099006652832
sub-206192,ses-3mo,10,Left-Thalamus,MI,0.0015950722587083424
sub-206192,ses-3mo,10,Left-Thalamus,NMI,0.1963722233593218
sub-206192,ses-3mo,12,Left-Putamen,Dice,0.10511363636363637
sub-206192,ses-3mo,12,Left-Putamen,IoU,0.05547226386806597
sub-206192,ses-3mo,12,Left-Putamen,Hausdorff,20.049937655763422
sub-206192,ses-3mo,12,Left-Putamen,HD95,14.317821502685547
sub-206192,ses-3mo,12,Left-Putamen,MI,0.0002320930265312408
sub-206192,ses-3mo,12,Left-Putamen,NMI,0.055318886068839015
sub-206192,ses-3mo,52,Right-Pallidum,Dice,0.0
sub-206192,ses-3mo,52,Right-Pallidum,IoU,0.0
sub-206192,ses-3mo,52,Right-Pallidum,Hausdorff,14.491376746189438
sub-206192,ses-3mo,52,Right-Pallidum,HD95,12.688577651977539
sub-206192,ses-3mo,52,Right-Pallidum,MI,1.5129187076040867e-08
sub-206192,ses-3mo,52,Right-Pallidum,NMI,1.2226698274880058e-05
sub-206192,ses-3mo,8,Left-Cerebellum-Cortex,Dice,0.12322080631939787
sub-206192,ses-3mo,8,Left-Cerebellum-Cortex,IoU,0.06565546268538189
sub-206192,ses-3mo,8,Left-Cerebellum-Cortex,Hausdorff,33.54101966249684
sub-206192,ses-3mo,8,Left-Cerebellum-Cortex,HD95,26.925823211669922
sub-206192,ses-3mo,8,Left-Cerebellum-Cortex,MI,0.0012505855442404065
sub-206192,ses-3mo,8,Left-Cerebellum-Cortex,NMI,0.05130179515431944
sub-206192,ses-3mo,11,Left-Caudate,Dice,0.446189376443418
sub-206192,ses-3mo,11,Left-Caudate,IoU,0.28715814506539833
sub-206192,ses-3mo,11,Left-Caudate,Hausdorff,13.74772708486752
sub-206192,ses-3mo,11,Left-Caudate,HD95,9.219544410705566
sub-206192,ses-3mo,11,Left-Caudate,MI,0.0009152030313938093
sub-206192,ses-3mo,11,Left-Caudate,NMI,0.33502186091646635
sub-206192,ses-3mo,3,Left-Cerebral-Cortex,Dice,0.19755714014586667
sub-206192,ses-3mo,3,Left-Cerebral-Cortex,IoU,0.10960521664573289
sub-206192,ses-3mo,3,Left-Cerebral-Cortex,Hausdorff,36.193922141707716
sub-206192,ses-3mo,3,Left-Cerebral-Cortex,HD95,14.696938514709473
sub-206192,ses-3mo,3,Left-Cerebral-Cortex,MI,0.006367619914400761
sub-206192,ses-3mo,3,Left-Cerebral-Cortex,NMI,0.06403789689318183
sub-206192,ses-3mo,4,Left-Lateral-Ventricle,Dice,0.5989778534923339
sub-206192,ses-3mo,4,Left-Lateral-Ventricle,IoU,0.4275291828793774
sub-206192,ses-3mo,4,Left-Lateral-Ventricle,Hausdorff,20.615528128088304
sub-206192,ses-3mo,4,Left-Lateral-Ventricle,HD95,9.121377182006826
sub-206192,ses-3mo,4,Left-Lateral-Ventricle,MI,0.004460292199281672
sub-206192,ses-3mo,4,Left-Lateral-Ventricle,NMI,0.4760401690054694
sub-206192,ses-3mo,18,Left-Amygdala,Dice,0.0
sub-206192,ses-3mo,18,Left-Amygdala,IoU,0.0
sub-206192,ses-3mo,18,Left-Amygdala,Hausdorff,28.478061731796284
sub-206192,ses-3mo,18,Left-Amygdala,HD95,25.302168273925776
sub-206192,ses-3mo,18,Left-Amygdala,MI,1.6707146589421077e-08
sub-206192,ses-3mo,18,Left-Amygdala,NMI,1.1726569426489812e-05
sub-206192,ses-3mo,44,Right-Inf-Lat-Vent,Dice,0.01925722145804677
sub-206192,ses-3mo,44,Right-Inf-Lat-Vent,IoU,0.009722222222222222
sub-206192,ses-3mo,44,Right-Inf-Lat-Vent,Hausdorff,25.67099530598687
sub-206192,ses-3mo,44,Right-Inf-Lat-Vent,HD95,20.832666397094727
sub-206192,ses-3mo,44,Right-Inf-Lat-Vent,MI,8.369786960606693e-06
sub-206192,ses-3mo,44,Right-Inf-Lat-Vent,NMI,0.008162725545713895
sub-206192,ses-3mo,47,Right-Cerebellum-Cortex,Dice,0.06401618536827439
sub-206192,ses-3mo,47,Right-Cerebellum-Cortex,IoU,0.03306648789336698
sub-206192,ses-3mo,47,Right-Cerebellum-Cortex,Hausdorff,32.449961479175904
sub-206192,ses-3mo,47,Right-Cerebellum-Cortex,HD95,25.05992889404297
sub-206192,ses-3mo,47,Right-Cerebellum-Cortex,MI,0.00047787580228983266
sub-206192,ses-3mo,47,Right-Cerebellum-Cortex,NMI,0.020011333014905854
sub-206192,ses-3mo,13,Left-Pallidum,Dice,0.0
sub-206192,ses-3mo,13,Left-Pallidum,IoU,0.0
sub-206192,ses-3mo,13,Left-Pallidum,Hausdorff,15.0996688705415
sub-206192,ses-3mo,13,Left-Pallidum,HD95,12.702348327636715
sub-206192,ses-3mo,13,Left-Pallidum,MI,1.6109922949846586e-08
sub-206192,ses-3mo,13,Left-Pallidum,NMI,1.2542868818441095e-05
sub-206192,ses-3mo,60,Right-VentralDC,Dice,0.0
sub-206192,ses-3mo,60,Right-VentralDC,IoU,0.0
sub-206192,ses-3mo,60,Right-VentralDC,Hausdorff,21.863211109075447
sub-206192,ses-3mo,60,Right-VentralDC,HD95,17.464248657226562
sub-206192,ses-3mo,60,Right-VentralDC,MI,5.4571763763596425e-08
sub-206192,ses-3mo,60,Right-VentralDC,NMI,2.2634021778070223e-05
sub-206192,ses-3mo,49,Right-Thalamus,Dice,0.35699331397312084
sub-206192,ses-3mo,49,Right-Thalamus,IoU,0.2172804998355804
sub-206192,ses-3mo,49,Right-Thalamus,Hausdorff,18.81488772222678
sub-206192,ses-3mo,49,Right-Thalamus,HD95,13.03840446472168
sub-206192,ses-3mo,49,Right-Thalamus,MI,0.001935278921105589
sub-206192,ses-3mo,49,Right-Thalamus,NMI,0.2397087599087969
sub-206192,ses-3mo,54,Right-Amygdala,Dice,0.0009519276534983341
sub-206192,ses-3mo,54,Right-Amygdala,IoU,0.0004761904761904762
sub-206192,ses-3mo,54,Right-Amygdala,Hausdorff,26.68332812825267
sub-206192,ses-3mo,54,Right-Amygdala,HD95,23.622024536132812
sub-206192,ses-3mo,54,Right-Amygdala,MI,1.738016726428447e-07
sub-206192,ses-3mo,54,Right-Amygdala,NMI,0.00012294695051255183
sub-206192,ses-3mo,16,Brain-Stem,Dice,0.2592257511547069
sub-206192,ses-3mo,16,Brain-Stem,IoU,0.1489140543793424
sub-206192,ses-3mo,16,Brain-Stem,Hausdorff,29.546573405388315
sub-206192,ses-3mo,16,Brain-Stem,HD95,23.043437957763672
sub-206192,ses-3mo,16,Brain-Stem,MI,0.001699536103381933
sub-206192,ses-3mo,16,Brain-Stem,NMI,0.15544106079889705
sub-206192,ses-3mo,50,Right-Caudate,Dice,0.4593280282935455
sub-206192,ses-3mo,50,Right-Caudate,IoU,0.2981348637015782
sub-206192,ses-3mo,50,Right-Caudate,Hausdorff,14.352700094407323
sub-206192,ses-3mo,50,Right-Caudate,HD95,8.124038696289062
sub-206192,ses-3mo,50,Right-Caudate,MI,0.0009864112983673542
sub-206192,ses-3mo,50,Right-Caudate,NMI,0.34737514557594634
sub-206192,ses-3mo,31,Left-choroid-plexus,Dice,0.0
sub-206192,ses-3mo,31,Left-choroid-plexus,IoU,0.0
sub-206192,ses-3mo,31,Left-choroid-plexus,Hausdorff,39.72404813208241
sub-206192,ses-3mo,31,Left-choroid-plexus,HD95,21.14172649383545
sub-206192,ses-3mo,31,Left-choroid-plexus,MI,1.050678975842833e-09
sub-206192,ses-3mo,31,Left-choroid-plexus,NMI,2.849793442548163e-06
sub-206192,ses-3mo,28,Left-VentralDC,Dice,0.0
sub-206192,ses-3mo,28,Left-VentralDC,IoU,0.0
sub-206192,ses-3mo,28,Left-VentralDC,Hausdorff,21.748563170931547
sub-206192,ses-3mo,28,Left-VentralDC,HD95,18.275667190551758
sub-206192,ses-3mo,28,Left-VentralDC,MI,5.74239283862403e-08
sub-206192,ses-3mo,28,Left-VentralDC,NMI,2.2582920401352442e-05
sub-206192,ses-3mo,15,4th-Ventricle,Dice,0.0
sub-206192,ses-3mo,15,4th-Ventricle,IoU,0.0
sub-206192,ses-3mo,15,4th-Ventricle,Hausdorff,31.304951684997057
sub-206192,ses-3mo,15,4th-Ventricle,HD95,27.491816329956055
sub-206192,ses-3mo,15,4th-Ventricle,MI,4.177016981317351e-08
sub-206192,ses-3mo,15,4th-Ventricle,NMI,2.0598840724854963e-05
sub-206192,ses-3mo,2,Left-Cerebral-White-Matter,Dice,0.5677795299241571
sub-206192,ses-3mo,2,Left-Cerebral-White-Matter,IoU,0.39643305048844224
sub-206192,ses-3mo,2,Left-Cerebral-White-Matter,Hausdorff,71.36525765384722
sub-206192,ses-3mo,2,Left-Cerebral-White-Matter,HD95,9.949873924255371
sub-206192,ses-3mo,2,Left-Cerebral-White-Matter,MI,0.04148731657727137
sub-206192,ses-3mo,2,Left-Cerebral-White-Matter,NMI,0.3820021807370698
sub-206192,ses-3mo,41,Right-Cerebral-White-Matter,Dice,0.5774414923786418
sub-206192,ses-3mo,41,Right-Cerebral-White-Matter,IoU,0.40591756984686295
sub-206192,ses-3mo,41,Right-Cerebral-White-Matter,Hausdorff,92.4824307639024
sub-206192,ses-3mo,41,Right-Cerebral-White-Matter,HD95,10.049875259399414
sub-206192,ses-3mo,41,Right-Cerebral-White-Matter,MI,0.042848693932980034
sub-206192,ses-3mo,41,Right-Cerebral-White-Matter,NMI,0.3908007422162988
sub-206192,ses-3mo,14,3rd-Ventricle,Dice,0.029641185647425898
sub-206192,ses-3mo,14,3rd-Ventricle,IoU,0.015043547110055424
sub-206192,ses-3mo,14,3rd-Ventricle,Hausdorff,14.352700094407323
sub-206192,ses-3mo,14,3rd-Ventricle,HD95,11.506500053405755
sub-206192,ses-3mo,14,3rd-Ventricle,MI,2.4104497042173355e-05
sub-206192,ses-3mo,14,3rd-Ventricle,NMI,0.014358627522795245
sub-206192,ses-3mo,63,Right-choroid-plexus,Dice,0.0
sub-206192,ses-3mo,63,Right-choroid-plexus,IoU,0.0
sub-206192,ses-3mo,63,Right-choroid-plexus,Hausdorff,41.92851058647326
sub-206192,ses-3mo,63,Right-choroid-plexus,HD95,37.145624542236334
sub-206192,ses-3mo,63,Right-choroid-plexus,MI,1.5767771334483996e-09
sub-206192,ses-3mo,63,Right-choroid-plexus,NMI,3.398957921223019e-06
sub-206192,ses-3mo,26,Left-Accumbens-area,Dice,0.0
sub-206192,ses-3mo,26,Left-Accumbens-area,IoU,0.0
sub-206192,ses-3mo,26,Left-Accumbens-area,Hausdorff,16.15549442140351
sub-206192,ses-3mo,26,Left-Accumbens-area,HD95,14.52920341491699
sub-206192,ses-3mo,26,Left-Accumbens-area,MI,2.7293236030880453e-09
sub-206192,ses-3mo,26,Left-Accumbens-area,NMI,4.590368568120032e-06
sub-206192,ses-3mo,46,Right-Cerebellum-White-Matter,Dice,0.0
sub-206192,ses-3mo,46,Right-Cerebellum-White-Matter,IoU,0.0
sub-206192,ses-3mo,46,Right-Cerebellum-White-Matter,Hausdorff,35.24202037341219
sub-206192,ses-3mo,46,Right-Cerebellum-White-Matter,HD95,30.232433319091797
sub-206192,ses-3mo,46,Right-Cerebellum-White-Matter,MI,5.188309393868752e-07
sub-206192,ses-3mo,46,Right-Cerebellum-White-Matter,NMI,7.964704186234725e-05
sub-206192,ses-3mo,7,Left-Cerebellum-White-Matter,Dice,0.0005074424898511502
sub-206192,ses-3mo,7,Left-Cerebellum-White-Matter,IoU,0.0002537856357330175
sub-206192,ses-3mo,7,Left-Cerebellum-White-Matter,Hausdorff,34.49637662132068
sub-206192,ses-3mo,7,Left-Cerebellum-White-Matter,HD95,31.08053970336914
sub-206192,ses-3mo,7,Left-Cerebellum-White-Matter,MI,7.0450054344260325e-09
sub-206192,ses-3mo,7,Left-Cerebellum-White-Matter,NMI,1.07946393182979e-06
sub-726893,ses-5mo,51,Right-Putamen,Dice,0.29333633498424133
sub-726893,ses-5mo,51,Right-Putamen,IoU,0.171877061073737
sub-726893,ses-5mo,51,Right-Putamen,Hausdorff,16.401219466856727
sub-726893,ses-5mo,51,Right-Putamen,HD95,11.247155904769897
sub-726893,ses-5mo,51,Right-Putamen,MI,0.0010075596681147928
sub-726893,ses-5mo,51,Right-Putamen,NMI,0.1958495559091381
sub-726893,ses-5mo,42,Right-Cerebral-Cortex,Dice,0.2278816142626395
sub-726893,ses-5mo,42,Right-Cerebral-Cortex,IoU,0.12859277128250113
sub-726893,ses-5mo,42,Right-Cerebral-Cortex,Hausdorff,33.436506994600975
sub-726893,ses-5mo,42,Right-Cerebral-Cortex,HD95,12.165525436401367
sub-726893,ses-5mo,42,Right-Cerebral-Cortex,MI,0.008515575172657719
sub-726893,ses-5mo,42,Right-Cerebral-Cortex,NMI,0.07850638293139792
sub-726893,ses-5mo,43,Right-Lateral-Ventricle,Dice,0.5038181339418941
sub-726893,ses-5mo,43,Right-Lateral-Ventricle,IoU,0.3367358911181509
sub-726893,ses-5mo,43,Right-Lateral-Ventricle,Hausdorff,27.80287754891569
sub-726893,ses-5mo,43,Right-Lateral-Ventricle,HD95,12.247448921203613
sub-726893,ses-5mo,43,Right-Lateral-Ventricle,MI,0.002695072849933696
sub-726893,ses-5mo,43,Right-Lateral-Ventricle,NMI,0.42564268312684367
sub-726893,ses-5mo,85,Optic-Chiasm,Dice,0.0
sub-726893,ses-5mo,85,Optic-Chiasm,IoU,0.0
sub-726893,ses-5mo,85,Optic-Chiasm,Hausdorff,21.93171219946131
sub-726893,ses-5mo,85,Optic-Chiasm,HD95,19.93486223220825
sub-726893,ses-5mo,85,Optic-Chiasm,MI,1.1914599988717802e-09
sub-726893,ses-5mo,85,Optic-Chiasm,NMI,2.5367797850434056e-06
sub-726893,ses-5mo,62,Right-vessel,Dice,0.0
sub-726893,ses-5mo,62,Right-vessel,IoU,0.0
sub-726893,ses-5mo,62,Right-vessel,Hausdorff,13.638181696985855
sub-726893,ses-5mo,62,Right-vessel,HD95,12.409673690795898
sub-726893,ses-5mo,62,Right-vessel,MI,1.2703613786523645e-10
sub-726893,ses-5mo,62,Right-vessel,NMI,7.980948845892348e-07
sub-726893,ses-5mo,5,Left-Inf-Lat-Vent,Dice,0.028481012658227847
sub-726893,ses-5mo,5,Left-Inf-Lat-Vent,IoU,0.014446227929373997
sub-726893,ses-5mo,5,Left-Inf-Lat-Vent,Hausdorff,16.278820596099706
sub-726893,ses-5mo,5,Left-Inf-Lat-Vent,HD95,13.423840618133546
sub-726893,ses-5mo,5,Left-Inf-Lat-Vent,MI,6.895425703911684e-06
sub-726893,ses-5mo,5,Left-Inf-Lat-Vent,NMI,0.014291844203321222
sub-726893,ses-5mo,58,Right-Accumbens-area,Dice,0.0
sub-726893,ses-5mo,58,Right-Accumbens-area,IoU,0.0
sub-726893,ses-5mo,58,Right-Accumbens-area,Hausdorff,14.035668847618199
sub-726893,ses-5mo,58,Right-Accumbens-area,HD95,12.23513956069946
sub-726893,ses-5mo,58,Right-Accumbens-area,MI,1.6106279438681068e-09
sub-726893,ses-5mo,58,Right-Accumbens-area,NMI,3.5907024847799326e-06
sub-726893,ses-5mo,17,Left-Hippocampus,Dice,0.0
sub-726893,ses-5mo,17,Left-Hippocampus,IoU,0.0
sub-726893,ses-5mo,17,Left-Hippocampus,Hausdorff,22.135943621178654
sub-726893,ses-5mo,17,Left-Hippocampus,HD95,18.027755737304688
sub-726893,ses-5mo,17,Left-Hippocampus,MI,1.2852613581358294e-07
sub-726893,ses-5mo,17,Left-Hippocampus,NMI,3.911647801344772e-05
sub-726893,ses-5mo,53,Right-Hippocampus,Dice,0.0003772161448509996
sub-726893,ses-5mo,53,Right-Hippocampus,IoU,0.00018864365214110544
sub-726893,ses-5mo,53,Right-Hippocampus,Hausdorff,21.118712081942874
sub-726893,ses-5mo,53,Right-Hippocampus,HD95,16.65682344436645
sub-726893,ses-5mo,53,Right-Hippocampus,MI,5.533304523705958e-10
sub-726893,ses-5mo,53,Right-Hippocampus,NMI,1.6975979478550884e-07
sub-726893,ses-5mo,10,Left-Thalamus,Dice,0.41964410816869835
sub-726893,ses-5mo,10,Left-Thalamus,IoU,0.2655377249756184
sub-726893,ses-5mo,10,Left-Thalamus,Hausdorff,20.346989949375804
sub-726893,ses-5mo,10,Left-Thalamus,HD95,14.03566837310791
sub-726893,ses-5mo,10,Left-Thalamus,MI,0.002338417661615348
sub-726893,ses-5mo,10,Left-Thalamus,NMI,0.29973397131838425
sub-726893,ses-5mo,12,Left-Putamen,Dice,0.36053938963804116
sub-726893,ses-5mo,12,Left-Putamen,IoU,0.21991341991341992
sub-726893,ses-5mo,12,Left-Putamen,Hausdorff,17.74823934929885
sub-726893,ses-5mo,12,Left-Putamen,HD95,11.224971771240234
sub-726893,ses-5mo,12,Left-Putamen,MI,0.001253717136014599
sub-726893,ses-5mo,12,Left-Putamen,NMI,0.2546212308566718
sub-726893,ses-5mo,52,Right-Pallidum,Dice,0.0831146106736658
sub-726893,ses-5mo,52,Right-Pallidum,IoU,0.043359196713829304
sub-726893,ses-5mo,52,Right-Pallidum,Hausdorff,10.44030650891055
sub-726893,ses-5mo,52,Right-Pallidum,HD95,9.273618698120117
sub-726893,ses-5mo,52,Right-Pallidum,MI,7.050812012233929e-05
sub-726893,ses-5mo,52,Right-Pallidum,NMI,0.045700386842293626
sub-726893,ses-5mo,8,Left-Cerebellum-Cortex,Dice,0.14105352180741815
sub-726893,ses-5mo,8,Left-Cerebellum-Cortex,IoU,0.07587820491989732
sub-726893,ses-5mo,8,Left-Cerebellum-Cortex,Hausdorff,32.03123475609393
sub-726893,ses-5mo,8,Left-Cerebellum-Cortex,HD95,25.09980010986328
sub-726893,ses-5mo,8,Left-Cerebellum-Cortex,MI,0.0016893710603869344
sub-726893,ses-5mo,8,Left-Cerebellum-Cortex,NMI,0.0577836908413965
sub-726893,ses-5mo,11,Left-Caudate,Dice,0.5352724115476449
sub-726893,ses-5mo,11,Left-Caudate,IoU,0.3654416123295791
sub-726893,ses-5mo,11,Left-Caudate,Hausdorff,7.0
sub-726893,ses-5mo,11,Left-Caudate,HD95,4.358899116516113
sub-726893,ses-5mo,11,Left-Caudate,MI,0.0012190200459374606
sub-726893,ses-5mo,11,Left-Caudate,NMI,0.4227168407260475
sub-726893,ses-5mo,3,Left-Cerebral-Cortex,Dice,0.22985895812409937
sub-726893,ses-5mo,3,Left-Cerebral-Cortex,IoU,0.12985347081750456
sub-726893,ses-5mo,3,Left-Cerebral-Cortex,Hausdorff,99.42836617384397
sub-726893,ses-5mo,3,Left-Cerebral-Cortex,HD95,12.806248664855957
sub-726893,ses-5mo,3,Left-Cerebral-Cortex,MI,0.00850548606285318
sub-726893,ses-5mo,3,Left-Cerebral-Cortex,NMI,0.08004315699714028
sub-726893,ses-5mo,77,WM-hypointensities,Dice,0.0
sub-726893,ses-5mo,77,WM-hypointensities,IoU,0.0
sub-726893,ses-5mo,77,WM-hypointensities,Hausdorff,61.171888968708494
sub-726893,ses-5mo,77,WM-hypointensities,HD95,54.852527427673344
sub-726893,ses-5mo,77,WM-hypointensities,MI,6.950486492283964e-11
sub-726893,ses-5mo,77,WM-hypointensities,NMI,8.536029942585985e-08
sub-726893,ses-5mo,4,Left-Lateral-Ventricle,Dice,0.4757978317300351
sub-726893,ses-5mo,4,Left-Lateral-Ventricle,IoU,0.31216189140452816
sub-726893,ses-5mo,4,Left-Lateral-Ventricle,Hausdorff,26.019223662515376
sub-726893,ses-5mo,4,Left-Lateral-Ventricle,HD95,13.93376631736754
sub-726893,ses-5mo,4,Left-Lateral-Ventricle,MI,0.002843699330177105
sub-726893,ses-5mo,4,Left-Lateral-Ventricle,NMI,0.3982817791226867
sub-726893,ses-5mo,18,Left-Amygdala,Dice,0.0
sub-726893,ses-5mo,18,Left-Amygdala,IoU,0.0
sub-726893,ses-5mo,18,Left-Amygdala,Hausdorff,27.586228448267445
sub-726893,ses-5mo,18,Left-Amygdala,HD95,21.954498291015625
sub-726893,ses-5mo,18,Left-Amygdala,MI,2.657223968871537e-08
sub-726893,ses-5mo,18,Left-Amygdala,NMI,1.6170112047622485e-05
sub-726893,ses-5mo,44,Right-Inf-Lat-Vent,Dice,0.0673758865248227
sub-726893,ses-5mo,44,Right-Inf-Lat-Vent,IoU,0.03486238532110092
sub-726893,ses-5mo,44,Right-Inf-Lat-Vent,Hausdorff,19.235384061671343
sub-726893,ses-5mo,44,Right-Inf-Lat-Vent,HD95,17.418294906616207
sub-726893,ses-5mo,44,Right-Inf-Lat-Vent,MI,1.794294407406654e-05
sub-726893,ses-5mo,44,Right-Inf-Lat-Vent,NMI,0.04167199028733834
sub-726893,ses-5mo,47,Right-Cerebellum-Cortex,Dice,0.14082309342695534
sub-726893,ses-5mo,47,Right-Cerebellum-Cortex,IoU,0.07574485942089802
sub-726893,ses-5mo,47,Right-Cerebellum-Cortex,Hausdorff,31.68595903550972
sub-726893,ses-5mo,47,Right-Cerebellum-Cortex,HD95,25.09980010986328
sub-726893,ses-5mo,47,Right-Cerebellum-Cortex,MI,0.0016906351662912744
sub-726893,ses-5mo,47,Right-Cerebellum-Cortex,NMI,0.057498299063306876
sub-726893,ses-5mo,13,Left-Pallidum,Dice,0.10262626262626262
sub-726893,ses-5mo,13,Left-Pallidum,IoU,0.054088586030664396
sub-726893,ses-5mo,13,Left-Pallidum,Hausdorff,11.661903789690601
sub-726893,ses-5mo,13,Left-Pallidum,HD95,9.433980941772461
sub-726893,ses-5mo,13,Left-Pallidum,MI,9.682047542867433e-05
sub-726893,ses-5mo,13,Left-Pallidum,NMI,0.058421486652876074
sub-726893,ses-5mo,60,Right-VentralDC,Dice,0.01253427340383862
sub-726893,ses-5mo,60,Right-VentralDC,IoU,0.0063066614111154905
sub-726893,ses-5mo,60,Right-VentralDC,Hausdorff,18.547236990991408
sub-726893,ses-5mo,60,Right-VentralDC,HD95,14.628738403320312
sub-726893,ses-5mo,60,Right-VentralDC,MI,1.1588560528006475e-05
sub-726893,ses-5mo,60,Right-VentralDC,NMI,0.003664811615579093
sub-726893,ses-5mo,49,Right-Thalamus,Dice,0.4292925702097405
sub-726893,ses-5mo,49,Right-Thalamus,IoU,0.2733116060112258
sub-726893,ses-5mo,49,Right-Thalamus,Hausdorff,20.0
sub-726893,ses-5mo,49,Right-Thalamus,HD95,14.142135620117188
sub-726893,ses-5mo,49,Right-Thalamus,MI,0.002391642143662344
sub-726893,ses-5mo,49,Right-Thalamus,NMI,0.31083247014684784
sub-726893,ses-5mo,54,Right-Amygdala,Dice,0.003977724741447892
sub-726893,ses-5mo,54,Right-Amygdala,IoU,0.0019928258270227183
sub-726893,ses-5mo,54,Right-Amygdala,Hausdorff,20.97617696340303
sub-726893,ses-5mo,54,Right-Amygdala,HD95,18.61719169616699
sub-726893,ses-5mo,54,Right-Amygdala,MI,1.567024149851234e-06
sub-726893,ses-5mo,54,Right-Amygdala,NMI,0.0009365194428681343
sub-726893,ses-5mo,24,CSF,Dice,0.0008247279783768799
sub-726893,ses-5mo,24,CSF,IoU,0.000412534103396993
sub-726893,ses-5mo,24,CSF,Hausdorff,85.80209787645055
sub-726893,ses-5mo,24,CSF,HD95,72.28416442871094
sub-726893,ses-5mo,24,CSF,MI,1.617417076566033e-05
sub-726893,ses-5mo,24,CSF,NMI,0.00019212397178449358
sub-726893,ses-5mo,16,Brain-Stem,Dice,0.24945328985229234
sub-726893,ses-5mo,16,Brain-Stem,IoU,0.14250021916367142
sub-726893,ses-5mo,16,Brain-Stem,Hausdorff,36.49657518178932
sub-726893,ses-5mo,16,Brain-Stem,HD95,29.832868576049805
sub-726893,ses-5mo,16,Brain-Stem,MI,0.0019502284743082069
sub-726893,ses-5mo,16,Brain-Stem,NMI,0.14861250264814274
sub-726893,ses-5mo,50,Right-Caudate,Dice,0.5577045696068013
sub-726893,ses-5mo,50,Right-Caudate,IoU,0.3866784556439729
sub-726893,ses-5mo,50,Right-Caudate,Hausdorff,8.306623862918075
sub-726893,ses-5mo,50,Right-Caudate,HD95,4.358899116516113
sub-726893,ses-5mo,50,Right-Caudate,MI,0.0013075924263451126
sub-726893,ses-5mo,50,Right-Caudate,NMI,0.44500808161450656
sub-726893,ses-5mo,30,Left-vessel,Dice,0.0
sub-726893,ses-5mo,30,Left-vessel,IoU,0.0
sub-726893,ses-5mo,30,Left-vessel,Hausdorff,16.401219466856727
sub-726893,ses-5mo,30,Left-vessel,HD95,14.884546661376952
sub-726893,ses-5mo,30,Left-vessel,MI,9.028970925545375e-11
sub-726893,ses-5mo,30,Left-vessel,NMI,4.747393029393398e-07
sub-726893,ses-5mo,31,Left-choroid-plexus,Dice,0.0
sub-726893,ses-5mo,31,Left-choroid-plexus,IoU,0.0
sub-726893,ses-5mo,31,Left-choroid-plexus,Hausdorff,14.7648230602334
sub-726893,ses-5mo,31,Left-choroid-plexus,HD95,12.267793655395508
sub-726893,ses-5mo,31,Left-choroid-plexus,MI,2.2038845133348552e-09
sub-726893,ses-5mo,31,Left-choroid-plexus,NMI,3.997274001894904e-06
sub-726893,ses-5mo,28,Left-VentralDC,Dice,0.007027132539527621
sub-726893,ses-5mo,28,Left-VentralDC,IoU,0.003525954946131244
sub-726893,ses-5mo,28,Left-VentralDC,Hausdorff,20.639767440550294
sub-726893,ses-5mo,28,Left-VentralDC,HD95,16.155494689941406
sub-726893,ses-5mo,28,Left-VentralDC,MI,5.13621390649862e-06
sub-726893,ses-5mo,28,Left-VentralDC,NMI,0.0016205331600042867
sub-726893,ses-5mo,15,4th-Ventricle,Dice,0.0
sub-726893,ses-5mo,15,4th-Ventricle,IoU,0.0
sub-726893,ses-5mo,15,4th-Ventricle,Hausdorff,35.832945734337834
sub-726893,ses-5mo,15,4th-Ventricle,HD95,26.019224166870117
sub-726893,ses-5mo,15,4th-Ventricle,MI,3.0912192694736596e-08
sub-726893,ses-5mo,15,4th-Ventricle,NMI,1.5537190676040502e-05
sub-726893,ses-5mo,2,Left-Cerebral-White-Matter,Dice,0.5674037051703287
sub-726893,ses-5mo,2,Left-Cerebral-White-Matter,IoU,0.3960667127355583
sub-726893,ses-5mo,2,Left-Cerebral-White-Matter,Hausdorff,31.670175244226233
sub-726893,ses-5mo,2,Left-Cerebral-White-Matter,HD95,9.486832618713379
sub-726893,ses-5mo,2,Left-Cerebral-White-Matter,MI,0.04488512492236647
sub-726893,ses-5mo,2,Left-Cerebral-White-Matter,NMI,0.37760387218692937
sub-726893,ses-5mo,41,Right-Cerebral-White-Matter,Dice,0.5717100655843343
sub-726893,ses-5mo,41,Right-Cerebral-White-Matter,IoU,0.40027591864128714
sub-726893,ses-5mo,41,Right-Cerebral-White-Matter,Hausdorff,27.16615541441225
sub-726893,ses-5mo,41,Right-Cerebral-White-Matter,HD95,8.306623458862305
sub-726893,ses-5mo,41,Right-Cerebral-White-Matter,MI,0.04490352639847503
sub-726893,ses-5mo,41,Right-Cerebral-White-Matter,NMI,0.37566530363253864
sub-726893,ses-5mo,14,3rd-Ventricle,Dice,0.09185303514376997
sub-726893,ses-5mo,14,3rd-Ventricle,IoU,0.04813729593972373
sub-726893,ses-5mo,14,3rd-Ventricle,Hausdorff,15.652475842498529
sub-726893,ses-5mo,14,3rd-Ventricle,HD95,10.816654205322266
sub-726893,ses-5mo,14,3rd-Ventricle,MI,9.356435569327513e-05
sub-726893,ses-5mo,14,3rd-Ventricle,NMI,0.05700415751175023
sub-726893,ses-5mo,63,Right-choroid-plexus,Dice,0.0
sub-726893,ses-5mo,63,Right-choroid-plexus,IoU,0.0
sub-726893,ses-5mo,63,Right-choroid-plexus,Hausdorff,16.30950643030009
sub-726893,ses-5mo,63,Right-choroid-plexus,HD95,10.502294349670413
sub-726893,ses-5mo,63,Right-choroid-plexus,MI,3.4487295682531123e-09
sub-726893,ses-5mo,63,Right-choroid-plexus,NMI,4.876277805526249e-06
sub-726893,ses-5mo,26,Left-Accumbens-area,Dice,0.0
sub-726893,ses-5mo,26,Left-Accumbens-area,IoU,0.0
sub-726893,ses-5mo,26,Left-Accumbens-area,Hausdorff,14.560219778561036
sub-726893,ses-5mo,26,Left-Accumbens-area,HD95,12.083045959472656
sub-726893,ses-5mo,26,Left-Accumbens-area,MI,1.939202784435141e-09
sub-726893,ses-5mo,26,Left-Accumbens-area,NMI,3.936430725722265e-06
sub-726893,ses-5mo,46,Right-Cerebellum-White-Matter,Dice,0.0
sub-726893,ses-5mo,46,Right-Cerebellum-White-Matter,IoU,0.0
sub-726893,ses-5mo,46,Right-Cerebellum-White-Matter,Hausdorff,36.15245496505044
sub-726893,ses-5mo,46,Right-Cerebellum-White-Matter,HD95,30.01666259765625
sub-726893,ses-5mo,46,Right-Cerebellum-White-Matter,MI,1.1988170812260272e-06
sub-726893,ses-5mo,46,Right-Cerebellum-White-Matter,NMI,0.00013234743140280982
sub-726893,ses-5mo,7,Left-Cerebellum-White-Matter,Dice,0.0003418998233517579
sub-726893,ses-5mo,7,Left-Cerebellum-White-Matter,IoU,0.00017097914054485354
sub-726893,ses-5mo,7,Left-Cerebellum-White-Matter,Hausdorff,34.77067730142742
sub-726893,ses-5mo,7,Left-Cerebellum-White-Matter,HD95,28.670541763305664
sub-726893,ses-5mo,7,Left-Cerebellum-White-Matter,MI,3.639941737590374e-07
sub-726893,ses-5mo,7,Left-Cerebellum-White-Matter,NMI,3.927995006871692e-05
